date,restaurant_type,menu_item_name,meal_type,weather_condition,typical_ingredient_cost,actual_selling_price,quantity_sold,has_promotion,special_event,waste_quantity,waste_ratio,day_of_week,month,quarter,week_of_year,is_weekend,menu_item_name_enc,meal_type_enc,weather_condition_enc
2024-01-01,Food Stall,Cendol,Dinner,Cloudy,2.0,5.36,278,0,0,37,0.1331,0,1,1,1,0,1,1,0
2024-01-01,Food Stall,Cendol,Lunch,Sunny,2.0,6.72,409,0,0,44,0.1076,0,1,1,1,0,1,2,2
2024-01-01,Food Stall,Char Kway Teow,Dinner,Cloudy,5.0,16.9,236,0,0,18,0.0763,0,1,1,1,0,2,1,0
2024-01-01,Food Stall,Chicken Rice,Dinner,Cloudy,4.0,12.15,344,0,0,20,0.0581,0,1,1,1,0,3,1,0
2024-01-01,Food Stall,Kaya Toast Set,Breakfast,Rainy,2.8,9.71,347,0,0,15,0.0432,0,1,1,1,0,4,0,1
2024-01-01,Food Stall,Kaya Toast Set,Breakfast,Sunny,2.8,8.18,625,0,0,26,0.0416,0,1,1,1,0,4,0,2
2024-01-01,Food Stall,Laksa,Lunch,Sunny,4.5,12.48,361,0,0,35,0.097,0,1,1,1,0,5,2,2
2024-01-01,Food Stall,Roti Canai,Dinner,Sunny,0.8,2.14,1350,1,0,46,0.0341,0,1,1,1,0,7,1,2
2024-01-01,Food Stall,Tandoori Chicken,Dinner,Cloudy,7.0,20.9,586,1,0,52,0.0887,0,1,1,1,0,8,1,0
2024-01-02,Food Stall,Beef Rendang,Dinner,Sunny,9.0,33.39,1,0,0,0,0.0,1,1,1,1,0,0,1,2
2024-01-02,Food Stall,Cendol,Dinner,Rainy,2.0,7.35,186,0,0,25,0.1344,1,1,1,1,0,1,1,1
2024-01-02,Food Stall,Cendol,Dinner,Sunny,2.0,7.02,190,0,0,23,0.1211,1,1,1,1,0,1,1,2
2024-01-02,Food Stall,Cendol,Lunch,Cloudy,2.0,5.63,353,0,0,36,0.102,1,1,1,1,0,1,2,0
2024-01-02,Food Stall,Kaya Toast Set,Breakfast,Cloudy,2.8,9.57,416,0,0,23,0.0553,1,1,1,1,0,4,0,0
2024-01-02,Food Stall,Kaya Toast Set,Breakfast,Rainy,2.8,9.24,356,0,0,14,0.0393,1,1,1,1,0,4,0,1
2024-01-02,Food Stall,Laksa,Lunch,Sunny,4.5,20.42,73,0,0,8,0.1096,1,1,1,1,0,5,2,2
2024-01-02,Food Stall,Nasi Lemak,Breakfast,Cloudy,2.5,8.55,259,0,0,19,0.0734,1,1,1,1,0,6,0,0
2024-01-02,Food Stall,Nasi Lemak,Lunch,Sunny,2.5,7.91,350,0,0,28,0.08,1,1,1,1,0,6,2,2
2024-01-02,Food Stall,Roti Canai,Dinner,Cloudy,0.8,1.6,524,1,1,18,0.0344,1,1,1,1,0,7,1,0
2024-01-02,Food Stall,Roti Canai,Dinner,Sunny,0.8,2.13,1012,1,0,30,0.0296,1,1,1,1,0,7,1,2
2024-01-02,Food Stall,Tandoori Chicken,Dinner,Sunny,7.0,22.46,318,1,0,33,0.1038,1,1,1,1,0,8,1,2
2024-01-02,Food Stall,Teh Tarik,Lunch,Cloudy,0.9,2.46,385,0,0,31,0.0805,1,1,1,1,0,9,2,0
2024-01-03,Food Stall,Cendol,Dinner,Sunny,2.0,8.38,64,0,0,8,0.125,2,1,1,1,0,1,1,2
2024-01-03,Food Stall,Laksa,Lunch,Cloudy,4.5,13.76,263,0,0,23,0.0875,2,1,1,1,0,5,2,0
2024-01-03,Food Stall,Laksa,Lunch,Sunny,4.5,14.06,192,0,0,22,0.1146,2,1,1,1,0,5,2,2
2024-01-03,Food Stall,Roti Canai,Breakfast,Sunny,0.8,2.92,239,0,0,8,0.0335,2,1,1,1,0,7,0,2
2024-01-03,Food Stall,Roti Canai,Dinner,Cloudy,0.8,1.73,673,1,1,35,0.052,2,1,1,1,0,7,1,0
2024-01-03,Food Stall,Tandoori Chicken,Dinner,Cloudy,7.0,27.15,99,0,0,11,0.1111,2,1,1,1,0,8,1,0
2024-01-03,Food Stall,Tandoori Chicken,Dinner,Sunny,7.0,24.66,181,0,0,16,0.0884,2,1,1,1,0,8,1,2
2024-01-04,Food Stall,Cendol,Dinner,Sunny,2.0,6.9,192,0,0,22,0.1146,3,1,1,1,0,1,1,2
2024-01-04,Food Stall,Cendol,Lunch,Sunny,2.0,7.04,279,0,0,36,0.129,3,1,1,1,0,1,2,2
2024-01-04,Food Stall,Laksa,Lunch,Sunny,4.5,14.93,448,0,0,47,0.1049,3,1,1,1,0,5,2,2
2024-01-04,Food Stall,Nasi Lemak,Lunch,Sunny,2.5,7.52,605,0,0,58,0.0959,3,1,1,1,0,6,2,2
2024-01-04,Food Stall,Roti Canai,Breakfast,Cloudy,0.8,2.21,435,0,0,21,0.0483,3,1,1,1,0,7,0,0
2024-01-04,Food Stall,Tandoori Chicken,Dinner,Sunny,7.0,24.1,354,0,0,30,0.0847,3,1,1,1,0,8,1,2
2024-01-04,Food Stall,Teh Tarik,Breakfast,Sunny,0.9,2.81,497,0,0,39,0.0785,3,1,1,1,0,9,0,2
2024-01-04,Food Stall,Teh Tarik,Lunch,Sunny,0.9,2.43,506,0,0,41,0.081,3,1,1,1,0,9,2,2
2024-01-05,Food Stall,Cendol,Lunch,Rainy,2.0,7.59,35,0,0,5,0.1429,4,1,1,1,0,1,2,1
2024-01-05,Food Stall,Char Kway Teow,Dinner,Sunny,5.0,22.36,42,0,0,3,0.0714,4,1,1,1,0,2,1,2
2024-01-05,Food Stall,Kaya Toast Set,Breakfast,Cloudy,2.8,8.25,1006,1,0,26,0.0258,4,1,1,1,0,4,0,0
2024-01-05,Food Stall,Laksa,Lunch,Sunny,4.5,16.21,53,0,0,5,0.0943,4,1,1,1,0,5,2,2
2024-01-05,Food Stall,Roti Canai,Dinner,Sunny,0.8,2.52,721,0,0,48,0.0666,4,1,1,1,0,7,1,2
2024-01-05,Food Stall,Tandoori Chicken,Dinner,Cloudy,7.0,24.16,59,0,0,7,0.1186,4,1,1,1,0,8,1,0
2024-01-05,Food Stall,Teh Tarik,Breakfast,Rainy,0.9,3.16,309,0,0,29,0.0939,4,1,1,1,0,9,0,1
2024-01-06,Food Stall,Cendol,Dinner,Rainy,2.0,3.6,599,1,0,75,0.1252,5,1,1,1,1,1,1,1
2024-01-06,Food Stall,Cendol,Lunch,Cloudy,2.0,6.81,395,0,1,41,0.1038,5,1,1,1,1,1,2,0
2024-01-06,Food Stall,Cendol,Lunch,Rainy,2.0,6.32,337,0,0,55,0.1632,5,1,1,1,1,1,2,1
2024-01-06,Food Stall,Chicken Rice,Lunch,Sunny,4.0,12.4,230,0,0,12,0.0522,5,1,1,1,1,3,2,2
2024-01-06,Food Stall,Kaya Toast Set,Breakfast,Sunny,2.8,6.56,1330,1,0,46,0.0346,5,1,1,1,1,4,0,2
2024-01-06,Food Stall,Laksa,Lunch,Rainy,4.5,15.8,68,0,0,8,0.1176,5,1,1,1,1,5,2,1
2024-01-06,Food Stall,Roti Canai,Breakfast,Sunny,0.8,2.35,610,0,0,24,0.0393,5,1,1,1,1,7,0,2
2024-01-06,Food Stall,Roti Canai,Dinner,Sunny,0.8,2.11,407,0,0,14,0.0344,5,1,1,1,1,7,1,2
2024-01-06,Food Stall,Tandoori Chicken,Dinner,Sunny,7.0,21.77,490,1,0,38,0.0776,5,1,1,1,1,8,1,2
2024-01-06,Food Stall,Teh Tarik,Breakfast,Sunny,0.9,2.57,896,0,0,79,0.0882,5,1,1,1,1,9,0,2
2024-01-06,Food Stall,Teh Tarik,Dinner,Sunny,0.9,2.87,551,0,0,35,0.0635,5,1,1,1,1,9,1,2
2024-01-07,Food Stall,Cendol,Lunch,Cloudy,2.0,6.33,361,0,0,50,0.1385,6,1,1,1,1,1,2,0
2024-01-07,Food Stall,Char Kway Teow,Dinner,Cloudy,5.0,19.51,165,0,0,13,0.0788,6,1,1,1,1,2,1,0
2024-01-07,Food Stall,Char Kway Teow,Dinner,Rainy,5.0,13.04,252,1,0,26,0.1032,6,1,1,1,1,2,1,1
2024-01-07,Food Stall,Kaya Toast Set,Breakfast,Rainy,2.8,7.03,1180,1,1,50,0.0424,6,1,1,1,1,4,0,1
2024-01-07,Food Stall,Kaya Toast Set,Breakfast,Sunny,2.8,9.21,500,0,0,15,0.03,6,1,1,1,1,4,0,2
2024-01-07,Food Stall,Roti Canai,Breakfast,Sunny,0.8,2.38,1073,0,0,63,0.0587,6,1,1,1,1,7,0,2
2024-01-07,Food Stall,Roti Canai,Dinner,Rainy,0.8,2.55,265,0,0,15,0.0566,6,1,1,1,1,7,1,1
2024-01-07,Food Stall,Tandoori Chicken,Dinner,Sunny,7.0,17.54,300,1,0,27,0.09,6,1,1,1,1,8,1,2
2024-01-07,Food Stall,Teh Tarik,Breakfast,Cloudy,0.9,2.78,743,0,0,56,0.0754,6,1,1,1,1,9,0,0
2024-01-08,Food Stall,Cendol,Dinner,Sunny,2.0,6.93,288,0,0,29,0.1007,0,1,1,2,0,1,1,2
2024-01-08,Food Stall,Laksa,Lunch,Cloudy,4.5,13.88,142,0,0,14,0.0986,0,1,1,2,0,5,2,0
2024-01-08,Food Stall,Roti Canai,Breakfast,Cloudy,0.8,2.35,564,0,0,22,0.039,0,1,1,2,0,7,0,0
2024-01-08,Food Stall,Roti Canai,Dinner,Rainy,0.8,2.91,85,0,0,6,0.0706,0,1,1,2,0,7,1,1
2024-01-08,Food Stall,Tandoori Chicken,Dinner,Sunny,7.0,23.62,207,1,0,15,0.0725,0,1,1,2,0,8,1,2
2024-01-08,Food Stall,Teh Tarik,Breakfast,Sunny,0.9,2.24,1545,1,0,104,0.0673,0,1,1,2,0,9,0,2
2024-01-09,Food Stall,Cendol,Dinner,Sunny,2.0,8.0,203,0,0,22,0.1084,1,1,1,2,0,1,1,2
2024-01-09,Food Stall,Cendol,Lunch,Cloudy,2.0,6.69,131,0,0,14,0.1069,1,1,1,2,0,1,2,0
2024-01-09,Food Stall,Cendol,Lunch,Rainy,2.0,8.5,106,0,1,14,0.1321,1,1,1,2,0,1,2,1
2024-01-09,Food Stall,Cendol,Lunch,Sunny,2.0,7.34,283,0,0,38,0.1343,1,1,1,2,0,1,2,2
2024-01-09,Food Stall,Char Kway Teow,Lunch,Rainy,5.0,19.51,25,0,0,3,0.12,1,1,1,2,0,2,2,1
2024-01-09,Food Stall,Kaya Toast Set,Breakfast,Sunny,2.8,5.02,553,1,0,15,0.0271,1,1,1,2,0,4,0,2
2024-01-09,Food Stall,Nasi Lemak,Lunch,Sunny,2.5,11.47,109,0,0,8,0.0734,1,1,1,2,0,6,2,2
2024-01-10,Food Stall,Beef Rendang,Dinner,Sunny,9.0,41.29,96,0,0,7,0.0729,2,1,1,2,0,0,1,2
2024-01-10,Food Stall,Char Kway Teow,Lunch,Sunny,5.0,13.68,257,0,0,20,0.0778,2,1,1,2,0,2,2,2
2024-01-10,Food Stall,Kaya Toast Set,Breakfast,Cloudy,2.8,7.12,923,1,0,33,0.0358,2,1,1,2,0,4,0,0
2024-01-10,Food Stall,Kaya Toast Set,Breakfast,Sunny,2.8,8.38,723,0,0,34,0.047,2,1,1,2,0,4,0,2
2024-01-10,Food Stall,Laksa,Lunch,Cloudy,4.5,16.01,189,0,0,20,0.1058,2,1,1,2,0,5,2,0
2024-01-10,Food Stall,Laksa,Lunch,Sunny,4.5,14.68,179,0,0,16,0.0894,2,1,1,2,0,5,2,2
2024-01-10,Food Stall,Roti Canai,Dinner,Cloudy,0.8,2.8,353,0,0,21,0.0595,2,1,1,2,0,7,1,0
2024-01-10,Food Stall,Teh Tarik,Breakfast,Cloudy,0.9,2.28,1224,1,1,42,0.0343,2,1,1,2,0,9,0,0
2024-01-11,Food Stall,Cendol,Dinner,Sunny,2.0,6.75,251,0,0,30,0.1195,3,1,1,2,0,1,1,2
2024-01-11,Food Stall,Chicken Rice,Dinner,Sunny,4.0,15.27,22,0,0,2,0.0909,3,1,1,2,0,3,1,2
2024-01-11,Food Stall,Laksa,Lunch,Sunny,4.5,17.49,4,0,0,0,0.0,3,1,1,2,0,5,2,2
2024-01-11,Food Stall,Nasi Lemak,Breakfast,Sunny,2.5,6.71,285,0,0,19,0.0667,3,1,1,2,0,6,0,2
2024-01-11,Food Stall,Nasi Lemak,Lunch,Sunny,2.5,6.04,447,1,0,34,0.0761,3,1,1,2,0,6,2,2
2024-01-11,Food Stall,Roti Canai,Breakfast,Sunny,0.8,2.34,311,0,0,13,0.0418,3,1,1,2,0,7,0,2
2024-01-11,Food Stall,Roti Canai,Dinner,Cloudy,0.8,3.09,144,0,0,4,0.0278,3,1,1,2,0,7,1,0
2024-01-11,Food Stall,Roti Canai,Dinner,Sunny,0.8,1.62,701,1,0,34,0.0485,3,1,1,2,0,7,1,2
2024-01-11,Food Stall,Tandoori Chicken,Dinner,Rainy,7.0,25.71,178,0,0,20,0.1124,3,1,1,2,0,8,1,1
2024-01-11,Food Stall,Teh Tarik,Breakfast,Cloudy,0.9,2.46,461,0,0,40,0.0868,3,1,1,2,0,9,0,0
2024-01-11,Food Stall,Teh Tarik,Breakfast,Sunny,0.9,2.38,630,0,0,56,0.0889,3,1,1,2,0,9,0,2
2024-01-11,Food Stall,Teh Tarik,Dinner,Cloudy,0.9,3.12,312,0,0,27,0.0865,3,1,1,2,0,9,1,0
2024-01-11,Food Stall,Teh Tarik,Dinner,Sunny,0.9,2.76,398,0,0,26,0.0653,3,1,1,2,0,9,1,2
2024-01-12,Food Stall,Beef Rendang,Dinner,Sunny,9.0,29.47,211,0,0,22,0.1043,4,1,1,2,0,0,1,2
2024-01-12,Food Stall,Cendol,Lunch,Sunny,2.0,7.54,229,0,0,26,0.1135,4,1,1,2,0,1,2,2
2024-01-12,Food Stall,Chicken Rice,Dinner,Cloudy,4.0,12.84,192,0,0,11,0.0573,4,1,1,2,0,3,1,0
2024-01-12,Food Stall,Chicken Rice,Dinner,Sunny,4.0,14.81,110,0,0,8,0.0727,4,1,1,2,0,3,1,2
2024-01-12,Food Stall,Chicken Rice,Lunch,Sunny,4.0,11.11,378,0,0,33,0.0873,4,1,1,2,0,3,2,2
2024-01-12,Food Stall,Laksa,Lunch,Cloudy,4.5,14.16,487,1,0,45,0.0924,4,1,1,2,0,5,2,0
2024-01-12,Food Stall,Laksa,Lunch,Sunny,4.5,9.75,387,1,0,34,0.0879,4,1,1,2,0,5,2,2
2024-01-12,Food Stall,Nasi Lemak,Lunch,Rainy,2.5,5.59,380,1,0,26,0.0684,4,1,1,2,0,6,2,1
2024-01-12,Food Stall,Teh Tarik,Breakfast,Sunny,0.9,2.45,593,0,0,44,0.0742,4,1,1,2,0,9,0,2
2024-01-13,Food Stall,Beef Rendang,Dinner,Sunny,9.0,27.84,269,0,0,29,0.1078,5,1,1,2,1,0,1,2
2024-01-13,Food Stall,Cendol,Dinner,Sunny,2.0,6.84,240,0,0,29,0.1208,5,1,1,2,1,1,1,2
2024-01-13,Food Stall,Cendol,Lunch,Cloudy,2.0,7.48,218,0,0,26,0.1193,5,1,1,2,1,1,2,0
2024-01-13,Food Stall,Cendol,Lunch,Sunny,2.0,6.09,298,0,0,39,0.1309,5,1,1,2,1,1,2,2
2024-01-13,Food Stall,Char Kway Teow,Lunch,Sunny,5.0,17.94,125,0,0,12,0.096,5,1,1,2,1,2,2,2
2024-01-13,Food Stall,Chicken Rice,Lunch,Sunny,4.0,8.64,479,1,0,32,0.0668,5,1,1,2,1,3,2,2
2024-01-13,Food Stall,Roti Canai,Breakfast,Cloudy,0.8,2.73,468,0,0,29,0.062,5,1,1,2,1,7,0,0
2024-01-13,Food Stall,Roti Canai,Breakfast,Rainy,0.8,2.67,480,0,0,37,0.0771,5,1,1,2,1,7,0,1
2024-01-13,Food Stall,Roti Canai,Dinner,Cloudy,0.8,2.06,470,0,0,20,0.0426,5,1,1,2,1,7,1,0
2024-01-13,Food Stall,Tandoori Chicken,Dinner,Sunny,7.0,23.06,236,0,0,22,0.0932,5,1,1,2,1,8,1,2
2024-01-13,Food Stall,Teh Tarik,Dinner,Sunny,0.9,2.5,655,0,0,35,0.0534,5,1,1,2,1,9,1,2
2024-01-13,Food Stall,Teh Tarik,Lunch,Rainy,0.9,2.35,1059,1,0,82,0.0774,5,1,1,2,1,9,2,1
2024-01-14,Food Stall,Beef Rendang,Lunch,Rainy,9.0,32.35,79,0,0,8,0.1013,6,1,1,2,1,0,2,1
2024-01-14,Food Stall,Cendol,Lunch,Cloudy,2.0,6.91,176,0,0,22,0.125,6,1,1,2,1,1,2,0
2024-01-14,Food Stall,Cendol,Lunch,Sunny,2.0,5.11,794,1,0,68,0.0856,6,1,1,2,1,1,2,2
2024-01-14,Food Stall,Kaya Toast Set,Breakfast,Rainy,2.8,9.56,456,0,0,15,0.0329,6,1,1,2,1,4,0,1
2024-01-14,Food Stall,Tandoori Chicken,Dinner,Sunny,7.0,24.32,149,0,0,15,0.1007,6,1,1,2,1,8,1,2
2024-01-14,Food Stall,Teh Tarik,Dinner,Sunny,0.9,2.85,675,0,0,48,0.0711,6,1,1,2,1,9,1,2
2024-01-15,Food Stall,Cendol,Dinner,Sunny,2.0,5.67,350,0,0,39,0.1114,0,1,1,3,0,1,1,2
2024-01-15,Food Stall,Char Kway Teow,Dinner,Cloudy,5.0,14.24,362,0,0,33,0.0912,0,1,1,3,0,2,1,0
2024-01-15,Food Stall,Kaya Toast Set,Breakfast,Cloudy,2.8,8.22,578,0,0,28,0.0484,0,1,1,3,0,4,0,0
2024-01-15,Food Stall,Kaya Toast Set,Breakfast,Sunny,2.8,7.97,2345,1,0,95,0.0405,0,1,1,3,0,4,0,2
2024-01-15,Food Stall,Laksa,Lunch,Cloudy,4.5,12.68,294,0,0,27,0.0918,0,1,1,3,0,5,2,0
2024-01-15,Food Stall,Nasi Lemak,Breakfast,Cloudy,2.5,7.57,570,0,0,56,0.0982,0,1,1,3,0,6,0,0
2024-01-15,Food Stall,Roti Canai,Breakfast,Sunny,0.8,2.37,1505,0,1,71,0.0472,0,1,1,3,0,7,0,2
2024-01-15,Food Stall,Tandoori Chicken,Dinner,Sunny,7.0,23.43,178,0,0,18,0.1011,0,1,1,3,0,8,1,2
2024-01-15,Food Stall,Teh Tarik,Breakfast,Cloudy,0.9,2.35,820,0,0,61,0.0744,0,1,1,3,0,9,0,0
2024-01-15,Food Stall,Teh Tarik,Dinner,Cloudy,0.9,1.56,1079,1,0,61,0.0565,0,1,1,3,0,9,1,0
2024-01-16,Food Stall,Beef Rendang,Dinner,Cloudy,9.0,31.23,178,0,0,17,0.0955,1,1,1,3,0,0,1,0
2024-01-16,Food Stall,Beef Rendang,Dinner,Sunny,9.0,32.82,181,0,0,13,0.0718,1,1,1,3,0,0,1,2
2024-01-16,Food Stall,Char Kway Teow,Dinner,Sunny,5.0,18.71,100,0,0,8,0.08,1,1,1,3,0,2,1,2
2024-01-16,Food Stall,Char Kway Teow,Lunch,Sunny,5.0,16.95,179,0,0,17,0.095,1,1,1,3,0,2,2,2
2024-01-16,Food Stall,Kaya Toast Set,Breakfast,Cloudy,2.8,5.45,719,1,0,25,0.0348,1,1,1,3,0,4,0,0
2024-01-16,Food Stall,Kaya Toast Set,Breakfast,Rainy,2.8,10.94,181,0,0,12,0.0663,1,1,1,3,0,4,0,1
2024-01-16,Food Stall,Roti Canai,Breakfast,Cloudy,0.8,2.17,1139,1,0,56,0.0492,1,1,1,3,0,7,0,0
2024-01-16,Food Stall,Roti Canai,Breakfast,Rainy,0.8,2.86,279,0,0,14,0.0502,1,1,1,3,0,7,0,1
2024-01-16,Food Stall,Roti Canai,Breakfast,Sunny,0.8,2.59,576,0,0,19,0.033,1,1,1,3,0,7,0,2
2024-01-16,Food Stall,Roti Canai,Dinner,Sunny,0.8,2.85,159,0,0,9,0.0566,1,1,1,3,0,7,1,2
2024-01-16,Food Stall,Tandoori Chicken,Dinner,Rainy,7.0,26.71,368,0,0,39,0.106,1,1,1,3,0,8,1,1
2024-01-16,Food Stall,Teh Tarik,Breakfast,Sunny,0.9,2.05,1091,1,0,69,0.0632,1,1,1,3,0,9,0,2
2024-01-17,Food Stall,Beef Rendang,Lunch,Sunny,9.0,32.63,107,0,0,9,0.0841,2,1,1,3,0,0,2,2
2024-01-17,Food Stall,Cendol,Dinner,Cloudy,2.0,7.91,91,0,0,13,0.1429,2,1,1,3,0,1,1,0
2024-01-17,Food Stall,Cendol,Dinner,Sunny,2.0,6.86,252,0,0,34,0.1349,2,1,1,3,0,1,1,2
2024-01-17,Food Stall,Chicken Rice,Lunch,Sunny,4.0,15.57,202,0,0,12,0.0594,2,1,1,3,0,3,2,2
2024-01-17,Food Stall,Nasi Lemak,Breakfast,Sunny,2.5,10.06,190,0,0,12,0.0632,2,1,1,3,0,6,0,2
2024-01-17,Food Stall,Roti Canai,Breakfast,Sunny,0.8,2.4,372,0,0,13,0.0349,2,1,1,3,0,7,0,2
2024-01-17,Food Stall,Roti Canai,Dinner,Sunny,0.8,3.16,224,0,0,7,0.0312,2,1,1,3,0,7,1,2
2024-01-17,Food Stall,Teh Tarik,Dinner,Sunny,0.9,3.02,286,0,0,15,0.0524,2,1,1,3,0,9,1,2
2024-01-18,Food Stall,Laksa,Lunch,Cloudy,4.5,8.6,396,1,0,39,0.0985,3,1,1,3,0,5,2,0
2024-01-18,Food Stall,Nasi Lemak,Breakfast,Sunny,2.5,8.16,263,0,0,26,0.0989,3,1,1,3,0,6,0,2
2024-01-18,Food Stall,Roti Canai,Dinner,Sunny,0.8,2.83,126,0,0,6,0.0476,3,1,1,3,0,7,1,2
2024-01-18,Food Stall,Tandoori Chicken,Dinner,Rainy,7.0,24.98,100,0,0,12,0.12,3,1,1,3,0,8,1,1
2024-01-18,Food Stall,Tandoori Chicken,Dinner,Sunny,7.0,24.22,81,1,0,8,0.0988,3,1,1,3,0,8,1,2
2024-01-18,Food Stall,Teh Tarik,Breakfast,Sunny,0.9,2.4,883,0,1,41,0.0464,3,1,1,3,0,9,0,2
2024-01-19,Food Stall,Cendol,Lunch,Sunny,2.0,9.14,122,0,0,15,0.123,4,1,1,3,0,1,2,2
2024-01-19,Food Stall,Char Kway Teow,Dinner,Cloudy,5.0,22.96,103,0,0,10,0.0971,4,1,1,3,0,2,1,0
2024-01-19,Food Stall,Char Kway Teow,Lunch,Sunny,5.0,17.87,161,0,0,16,0.0994,4,1,1,3,0,2,2,2
2024-01-19,Food Stall,Chicken Rice,Dinner,Rainy,4.0,14.4,111,0,0,11,0.0991,4,1,1,3,0,3,1,1
2024-01-19,Food Stall,Kaya Toast Set,Breakfast,Sunny,2.8,7.83,686,0,0,16,0.0233,4,1,1,3,0,4,0,2
2024-01-19,Food Stall,Laksa,Lunch,Cloudy,4.5,16.78,134,0,0,13,0.097,4,1,1,3,0,5,2,0
2024-01-19,Food Stall,Nasi Lemak,Breakfast,Sunny,2.5,7.54,419,0,0,26,0.0621,4,1,1,3,0,6,0,2
2024-01-19,Food Stall,Nasi Lemak,Lunch,Rainy,2.5,5.32,650,1,0,57,0.0877,4,1,1,3,0,6,2,1
2024-01-19,Food Stall,Roti Canai,Breakfast,Cloudy,0.8,2.54,431,0,0,21,0.0487,4,1,1,3,0,7,0,0
2024-01-19,Food Stall,Roti Canai,Dinner,Sunny,0.8,1.77,438,1,0,25,0.0571,4,1,1,3,0,7,1,2
2024-01-19,Food Stall,Teh Tarik,Dinner,Sunny,0.9,2.52,321,0,0,21,0.0654,4,1,1,3,0,9,1,2
2024-01-20,Food Stall,Char Kway Teow,Dinner,Cloudy,5.0,16.43,396,0,0,34,0.0859,5,1,1,3,1,2,1,0
2024-01-20,Food Stall,Kaya Toast Set,Breakfast,Cloudy,2.8,7.28,1291,1,0,60,0.0465,5,1,1,3,1,4,0,0
2024-01-20,Food Stall,Kaya Toast Set,Breakfast,Rainy,2.8,7.47,451,0,0,31,0.0687,5,1,1,3,1,4,0,1
2024-01-20,Food Stall,Laksa,Lunch,Rainy,4.5,13.96,352,0,0,51,0.1449,5,1,1,3,1,5,2,1
2024-01-20,Food Stall,Laksa,Lunch,Sunny,4.5,12.26,308,0,0,34,0.1104,5,1,1,3,1,5,2,2
2024-01-20,Food Stall,Roti Canai,Breakfast,Sunny,0.8,2.05,723,0,0,33,0.0456,5,1,1,3,1,7,0,2
2024-01-20,Food Stall,Roti Canai,Dinner,Sunny,0.8,2.32,823,0,0,27,0.0328,5,1,1,3,1,7,1,2
2024-01-20,Food Stall,Tandoori Chicken,Dinner,Rainy,7.0,17.14,374,1,0,44,0.1176,5,1,1,3,1,8,1,1
2024-01-20,Food Stall,Tandoori Chicken,Dinner,Sunny,7.0,30.13,50,0,0,5,0.1,5,1,1,3,1,8,1,2
2024-01-20,Food Stall,Teh Tarik,Lunch,Cloudy,0.9,3.08,678,0,0,45,0.0664,5,1,1,3,1,9,2,0
2024-01-21,Food Stall,Cendol,Dinner,Sunny,2.0,4.27,409,1,0,38,0.0929,6,1,1,3,1,1,1,2
2024-01-21,Food Stall,Cendol,Lunch,Cloudy,2.0,5.75,326,0,0,44,0.135,6,1,1,3,1,1,2,0
2024-01-21,Food Stall,Chicken Rice,Lunch,Sunny,4.0,13.48,210,0,0,12,0.0571,6,1,1,3,1,3,2,2
2024-01-21,Food Stall,Roti Canai,Breakfast,Sunny,0.8,2.35,506,0,0,35,0.0692,6,1,1,3,1,7,0,2
2024-01-21,Food Stall,Tandoori Chicken,Dinner,Sunny,7.0,27.94,510,0,0,41,0.0804,6,1,1,3,1,8,1,2
2024-01-21,Food Stall,Teh Tarik,Lunch,Cloudy,0.9,2.16,1193,1,0,93,0.078,6,1,1,3,1,9,2,0
2024-01-22,Food Stall,Beef Rendang,Dinner,Sunny,9.0,20.66,325,1,0,26,0.08,0,1,1,4,0,0,1,2
2024-01-22,Food Stall,Beef Rendang,Lunch,Cloudy,9.0,20.14,349,1,0,32,0.0917,0,1,1,4,0,0,2,0
2024-01-22,Food Stall,Cendol,Dinner,Cloudy,2.0,6.89,260,0,0,26,0.1,0,1,1,4,0,1,1,0
2024-01-22,Food Stall,Kaya Toast Set,Breakfast,Sunny,2.8,6.38,817,1,0,21,0.0257,0,1,1,4,0,4,0,2
2024-01-22,Food Stall,Nasi Lemak,Breakfast,Sunny,2.5,5.28,566,1,0,49,0.0866,0,1,1,4,0,6,0,2
2024-01-22,Food Stall,Tandoori Chicken,Dinner,Cloudy,7.0,28.0,92,0,0,11,0.1196,0,1,1,4,0,8,1,0
2024-01-22,Food Stall,Tandoori Chicken,Dinner,Rainy,7.0,18.76,284,1,0,30,0.1056,0,1,1,4,0,8,1,1
2024-01-22,Food Stall,Teh Tarik,Lunch,Sunny,0.9,2.9,270,0,0,20,0.0741,0,1,1,4,0,9,2,2
2024-01-23,Food Stall,Chicken Rice,Lunch,Sunny,4.0,15.35,240,0,0,15,0.0625,1,1,1,4,0,3,2,2
2024-01-23,Food Stall,Nasi Lemak,Breakfast,Sunny,2.5,9.18,187,0,0,17,0.0909,1,1,1,4,0,6,0,2
2024-01-23,Food Stall,Roti Canai,Breakfast,Cloudy,0.8,2.14,473,0,0,27,0.0571,1,1,1,4,0,7,0,0
2024-01-23,Food Stall,Roti Canai,Breakfast,Sunny,0.8,2.08,460,0,1,11,0.0239,1,1,1,4,0,7,0,2
2024-01-23,Food Stall,Tandoori Chicken,Dinner,Cloudy,7.0,30.76,30,0,0,3,0.1,1,1,1,4,0,8,1,0
2024-01-23,Food Stall,Tandoori Chicken,Dinner,Sunny,7.0,17.21,160,1,0,16,0.1,1,1,1,4,0,8,1,2
2024-01-23,Food Stall,Teh Tarik,Dinner,Rainy,0.9,3.23,255,0,0,27,0.1059,1,1,1,4,0,9,1,1
2024-01-24,Food Stall,Beef Rendang,Lunch,Rainy,9.0,39.48,12,0,0,2,0.1667,2,1,1,4,0,0,2,1
2024-01-24,Food Stall,Cendol,Dinner,Cloudy,2.0,6.55,141,0,0,19,0.1348,2,1,1,4,0,1,1,0
2024-01-24,Food Stall,Cendol,Lunch,Sunny,2.0,7.09,101,0,0,13,0.1287,2,1,1,4,0,1,2,2
2024-01-24,Food Stall,Kaya Toast Set,Breakfast,Sunny,2.8,8.55,1170,0,0,45,0.0385,2,1,1,4,0,4,0,2
2024-01-24,Food Stall,Laksa,Lunch,Rainy,4.5,13.52,153,0,0,19,0.1242,2,1,1,4,0,5,2,1
2024-01-24,Food Stall,Laksa,Lunch,Sunny,4.5,15.65,86,0,0,8,0.093,2,1,1,4,0,5,2,2
2024-01-24,Food Stall,Nasi Lemak,Breakfast,Sunny,2.5,10.04,133,0,0,8,0.0602,2,1,1,4,0,6,0,2
2024-01-24,Food Stall,Roti Canai,Breakfast,Sunny,0.8,2.19,358,0,0,23,0.0642,2,1,1,4,0,7,0,2
2024-01-24,Food Stall,Tandoori Chicken,Dinner,Rainy,7.0,16.53,197,1,0,23,0.1168,2,1,1,4,0,8,1,1
2024-01-24,Food Stall,Tandoori Chicken,Dinner,Sunny,7.0,22.66,379,1,0,40,0.1055,2,1,1,4,0,8,1,2
2024-01-24,Food Stall,Teh Tarik,Dinner,Sunny,0.9,3.09,318,0,0,29,0.0912,2,1,1,4,0,9,1,2
2024-01-25,Food Stall,Beef Rendang,Lunch,Cloudy,9.0,27.96,220,0,0,20,0.0909,3,1,1,4,0,0,2,0
2024-01-25,Food Stall,Cendol,Lunch,Cloudy,2.0,5.45,565,1,0,64,0.1133,3,1,1,4,0,1,2,0
2024-01-25,Food Stall,Cendol,Lunch,Sunny,2.0,4.03,627,1,0,64,0.1021,3,1,1,4,0,1,2,2
2024-01-25,Food Stall,Char Kway Teow,Lunch,Sunny,5.0,16.71,151,0,0,16,0.106,3,1,1,4,0,2,2,2
2024-01-25,Food Stall,Chicken Rice,Lunch,Rainy,4.0,8.6,409,1,0,31,0.0758,3,1,1,4,0,3,2,1
2024-01-25,Food Stall,Roti Canai,Breakfast,Rainy,0.8,2.67,469,0,0,30,0.064,3,1,1,4,0,7,0,1
2024-01-25,Food Stall,Roti Canai,Breakfast,Sunny,0.8,2.26,555,0,0,36,0.0649,3,1,1,4,0,7,0,2
2024-01-25,Food Stall,Roti Canai,Dinner,Sunny,0.8,2.65,500,0,0,23,0.046,3,1,1,4,0,7,1,2
2024-01-25,Food Stall,Tandoori Chicken,Dinner,Cloudy,7.0,25.64,10,0,0,1,0.1,3,1,1,4,0,8,1,0
2024-01-25,Food Stall,Tandoori Chicken,Dinner,Sunny,7.0,24.6,113,0,0,9,0.0796,3,1,1,4,0,8,1,2
2024-01-26,Food Stall,Cendol,Dinner,Rainy,2.0,7.88,239,0,0,34,0.1423,4,1,1,4,0,1,1,1
2024-01-26,Food Stall,Cendol,Dinner,Sunny,2.0,7.3,115,0,0,14,0.1217,4,1,1,4,0,1,1,2
2024-01-26,Food Stall,Cendol,Lunch,Cloudy,2.0,6.34,356,0,0,47,0.132,4,1,1,4,0,1,2,0
2024-01-26,Food Stall,Char Kway Teow,Lunch,Cloudy,5.0,19.29,57,0,0,5,0.0877,4,1,1,4,0,2,2,0
2024-01-26,Food Stall,Chicken Rice,Dinner,Rainy,4.0,13.91,157,0,0,15,0.0955,4,1,1,4,0,3,1,1
2024-01-26,Food Stall,Kaya Toast Set,Breakfast,Rainy,2.8,9.1,713,0,0,46,0.0645,4,1,1,4,0,4,0,1
2024-01-26,Food Stall,Kaya Toast Set,Breakfast,Sunny,2.8,9.2,943,0,0,55,0.0583,4,1,1,4,0,4,0,2
2024-01-26,Food Stall,Laksa,Lunch,Sunny,4.5,20.27,35,0,0,3,0.0857,4,1,1,4,0,5,2,2
2024-01-26,Food Stall,Roti Canai,Dinner,Cloudy,0.8,2.46,270,0,0,18,0.0667,4,1,1,4,0,7,1,0
2024-01-26,Food Stall,Roti Canai,Dinner,Sunny,0.8,1.39,465,1,0,20,0.043,4,1,1,4,0,7,1,2
2024-01-26,Food Stall,Teh Tarik,Breakfast,Sunny,0.9,2.64,722,0,0,44,0.0609,4,1,1,4,0,9,0,2
2024-01-27,Food Stall,Beef Rendang,Dinner,Sunny,9.0,27.86,201,0,0,21,0.1045,5,1,1,4,1,0,1,2
2024-01-27,Food Stall,Cendol,Dinner,Cloudy,2.0,7.13,369,0,0,44,0.1192,5,1,1,4,1,1,1,0
2024-01-27,Food Stall,Char Kway Teow,Dinner,Sunny,5.0,12.02,284,1,0,24,0.0845,5,1,1,4,1,2,1,2
2024-01-27,Food Stall,Char Kway Teow,Lunch,Sunny,5.0,14.43,328,0,0,25,0.0762,5,1,1,4,1,2,2,2
2024-01-27,Food Stall,Chicken Rice,Lunch,Sunny,4.0,16.16,126,0,0,7,0.0556,5,1,1,4,1,3,2,2
2024-01-27,Food Stall,Kaya Toast Set,Breakfast,Sunny,2.8,5.35,716,1,1,14,0.0196,5,1,1,4,1,4,0,2
2024-01-27,Food Stall,Tandoori Chicken,Dinner,Cloudy,7.0,23.97,110,0,0,10,0.0909,5,1,1,4,1,8,1,0
2024-01-27,Food Stall,Tandoori Chicken,Dinner,Sunny,7.0,26.33,136,0,0,12,0.0882,5,1,1,4,1,8,1,2
2024-01-27,Food Stall,Teh Tarik,Dinner,Sunny,0.9,2.66,438,0,0,25,0.0571,5,1,1,4,1,9,1,2
2024-01-28,Food Stall,Cendol,Dinner,Sunny,2.0,7.08,514,0,0,53,0.1031,6,1,1,4,1,1,1,2
2024-01-28,Food Stall,Kaya Toast Set,Breakfast,Cloudy,2.8,7.39,716,0,0,39,0.0545,6,1,1,4,1,4,0,0
2024-01-28,Food Stall,Kaya Toast Set,Breakfast,Rainy,2.8,9.78,737,0,0,49,0.0665,6,1,1,4,1,4,0,1
2024-01-28,Food Stall,Kaya Toast Set,Breakfast,Sunny,2.8,5.95,817,1,0,16,0.0196,6,1,1,4,1,4,0,2
2024-01-28,Food Stall,Nasi Lemak,Lunch,Rainy,2.5,7.55,474,0,0,43,0.0907,6,1,1,4,1,6,2,1
2024-01-28,Food Stall,Roti Canai,Breakfast,Rainy,0.8,2.56,466,0,0,35,0.0751,6,1,1,4,1,7,0,1
2024-01-28,Food Stall,Roti Canai,Dinner,Sunny,0.8,2.43,564,0,0,34,0.0603,6,1,1,4,1,7,1,2
2024-01-28,Food Stall,Tandoori Chicken,Dinner,Sunny,7.0,22.78,276,0,0,24,0.087,6,1,1,4,1,8,1,2
2024-01-28,Food Stall,Teh Tarik,Breakfast,Cloudy,0.9,2.95,564,0,0,33,0.0585,6,1,1,4,1,9,0,0
2024-01-28,Food Stall,Teh Tarik,Dinner,Rainy,0.9,2.81,367,0,0,30,0.0817,6,1,1,4,1,9,1,1
2024-01-28,Food Stall,Teh Tarik,Lunch,Sunny,0.9,2.79,730,0,0,51,0.0699,6,1,1,4,1,9,2,2
2024-01-29,Food Stall,Beef Rendang,Dinner,Cloudy,9.0,37.77,73,0,0,7,0.0959,0,1,1,5,0,0,1,0
2024-01-29,Food Stall,Beef Rendang,Lunch,Cloudy,9.0,35.46,40,0,0,3,0.075,0,1,1,5,0,0,2,0
2024-01-29,Food Stall,Kaya Toast Set,Breakfast,Rainy,2.8,8.97,212,0,0,9,0.0425,0,1,1,5,0,4,0,1
2024-01-29,Food Stall,Kaya Toast Set,Breakfast,Sunny,2.8,8.34,720,0,0,25,0.0347,0,1,1,5,0,4,0,2
2024-01-29,Food Stall,Nasi Lemak,Breakfast,Sunny,2.5,7.45,311,0,0,19,0.0611,0,1,1,5,0,6,0,2
2024-01-29,Food Stall,Roti Canai,Breakfast,Rainy,0.8,2.49,247,0,0,14,0.0567,0,1,1,5,0,7,0,1
2024-01-29,Food Stall,Teh Tarik,Breakfast,Cloudy,0.9,2.68,402,0,0,24,0.0597,0,1,1,5,0,9,0,0
2024-01-30,Food Stall,Beef Rendang,Dinner,Sunny,9.0,38.84,17,0,0,2,0.1176,1,1,1,5,0,0,1,2
2024-01-30,Food Stall,Beef Rendang,Lunch,Cloudy,9.0,25.64,506,1,0,40,0.0791,1,1,1,5,0,0,2,0
2024-01-30,Food Stall,Beef Rendang,Lunch,Sunny,9.0,21.3,399,1,1,21,0.0526,1,1,1,5,0,0,2,2
2024-01-30,Food Stall,Char Kway Teow,Dinner,Rainy,5.0,18.8,105,0,0,14,0.1333,1,1,1,5,0,2,1,1
2024-01-30,Food Stall,Kaya Toast Set,Breakfast,Sunny,2.8,8.79,682,0,1,23,0.0337,1,1,1,5,0,4,0,2
2024-01-30,Food Stall,Nasi Lemak,Lunch,Cloudy,2.5,7.58,144,0,0,10,0.0694,1,1,1,5,0,6,2,0
2024-01-30,Food Stall,Roti Canai,Dinner,Sunny,0.8,2.56,312,0,0,11,0.0353,1,1,1,5,0,7,1,2
2024-01-30,Food Stall,Tandoori Chicken,Dinner,Sunny,7.0,25.51,195,0,0,17,0.0872,1,1,1,5,0,8,1,2
2024-01-30,Food Stall,Teh Tarik,Dinner,Rainy,0.9,3.46,152,0,0,12,0.0789,1,1,1,5,0,9,1,1
2024-01-31,Food Stall,Beef Rendang,Dinner,Cloudy,9.0,22.04,173,1,0,14,0.0809,2,1,1,5,0,0,1,0
2024-01-31,Food Stall,Beef Rendang,Lunch,Sunny,9.0,38.85,44,0,0,5,0.1136,2,1,1,5,0,0,2,2
2024-01-31,Food Stall,Kaya Toast Set,Breakfast,Rainy,2.8,9.05,139,0,0,7,0.0504,2,1,1,5,0,4,0,1
2024-01-31,Food Stall,Kaya Toast Set,Breakfast,Sunny,2.8,10.59,179,0,0,8,0.0447,2,1,1,5,0,4,0,2
2024-01-31,Food Stall,Laksa,Lunch,Rainy,4.5,17.61,96,0,1,8,0.0833,2,1,1,5,0,5,2,1
2024-01-31,Food Stall,Nasi Lemak,Breakfast,Cloudy,2.5,7.8,318,0,0,29,0.0912,2,1,1,5,0,6,0,0
2024-01-31,Food Stall,Roti Canai,Dinner,Sunny,0.8,2.98,411,0,0,15,0.0365,2,1,1,5,0,7,1,2
2024-01-31,Food Stall,Tandoori Chicken,Dinner,Sunny,7.0,23.54,253,0,1,17,0.0672,2,1,1,5,0,8,1,2
2024-01-31,Food Stall,Teh Tarik,Dinner,Sunny,0.9,2.59,471,0,0,32,0.0679,2,1,1,5,0,9,1,2
2024-02-01,Food Stall,Cendol,Dinner,Sunny,2.0,6.47,966,0,0,126,0.1304,3,2,1,5,0,1,1,2
2024-02-01,Food Stall,Cendol,Lunch,Rainy,2.0,6.98,372,0,0,57,0.1532,3,2,1,5,0,1,2,1
2024-02-01,Food Stall,Chicken Rice,Dinner,Rainy,4.0,12.19,257,0,0,22,0.0856,3,2,1,5,0,3,1,1
2024-02-01,Food Stall,Kaya Toast Set,Breakfast,Rainy,2.8,9.24,494,0,0,23,0.0466,3,2,1,5,0,4,0,1
2024-02-01,Food Stall,Kaya Toast Set,Breakfast,Sunny,2.8,7.83,1371,0,1,33,0.0241,3,2,1,5,0,4,0,2
2024-02-01,Food Stall,Laksa,Lunch,Sunny,4.5,12.53,305,0,0,36,0.118,3,2,1,5,0,5,2,2
2024-02-01,Food Stall,Nasi Lemak,Breakfast,Rainy,2.5,6.65,435,0,0,49,0.1126,3,2,1,5,0,6,0,1
2024-02-01,Food Stall,Roti Canai,Dinner,Rainy,0.8,2.75,355,0,0,29,0.0817,3,2,1,5,0,7,1,1
2024-02-01,Food Stall,Tandoori Chicken,Dinner,Cloudy,7.0,28.78,249,0,0,21,0.0843,3,2,1,5,0,8,1,0
2024-02-01,Food Stall,Tandoori Chicken,Dinner,Sunny,7.0,21.56,437,1,0,41,0.0938,3,2,1,5,0,8,1,2
2024-02-02,Food Stall,Beef Rendang,Lunch,Sunny,9.0,34.91,174,0,0,13,0.0747,4,2,1,5,0,0,2,2
2024-02-02,Food Stall,Cendol,Dinner,Rainy,2.0,5.27,284,1,0,32,0.1127,4,2,1,5,0,1,1,1
2024-02-02,Food Stall,Nasi Lemak,Lunch,Cloudy,2.5,9.88,89,0,0,8,0.0899,4,2,1,5,0,6,2,0
2024-02-02,Food Stall,Roti Canai,Breakfast,Cloudy,0.8,2.62,316,0,0,18,0.057,4,2,1,5,0,7,0,0
2024-02-02,Food Stall,Roti Canai,Dinner,Sunny,0.8,2.0,660,1,0,29,0.0439,4,2,1,5,0,7,1,2
2024-02-02,Food Stall,Tandoori Chicken,Dinner,Cloudy,7.0,24.48,25,0,0,2,0.08,4,2,1,5,0,8,1,0
2024-02-02,Food Stall,Teh Tarik,Dinner,Rainy,0.9,3.56,210,0,0,22,0.1048,4,2,1,5,0,9,1,1
2024-02-03,Food Stall,Cendol,Dinner,Cloudy,2.0,7.13,324,0,0,37,0.1142,5,2,1,5,1,1,1,0
2024-02-03,Food Stall,Cendol,Dinner,Rainy,2.0,6.82,327,0,0,44,0.1346,5,2,1,5,1,1,1,1
2024-02-03,Food Stall,Cendol,Dinner,Sunny,2.0,6.85,257,0,0,34,0.1323,5,2,1,5,1,1,1,2
2024-02-03,Food Stall,Cendol,Lunch,Cloudy,2.0,5.27,414,0,0,52,0.1256,5,2,1,5,1,1,2,0
2024-02-03,Food Stall,Cendol,Lunch,Sunny,2.0,6.35,415,0,0,50,0.1205,5,2,1,5,1,1,2,2
2024-02-03,Food Stall,Kaya Toast Set,Breakfast,Cloudy,2.8,9.28,574,0,0,32,0.0557,5,2,1,5,1,4,0,0
2024-02-03,Food Stall,Laksa,Lunch,Sunny,4.5,13.62,245,0,0,27,0.1102,5,2,1,5,1,5,2,2
2024-02-03,Food Stall,Nasi Lemak,Lunch,Cloudy,2.5,8.48,324,0,0,21,0.0648,5,2,1,5,1,6,2,0
2024-02-03,Food Stall,Roti Canai,Breakfast,Rainy,0.8,2.5,283,0,0,16,0.0565,5,2,1,5,1,7,0,1
2024-02-03,Food Stall,Tandoori Chicken,Dinner,Cloudy,7.0,28.63,146,0,0,13,0.089,5,2,1,5,1,8,1,0
2024-02-03,Food Stall,Tandoori Chicken,Dinner,Sunny,7.0,25.73,97,0,0,11,0.1134,5,2,1,5,1,8,1,2
2024-02-03,Food Stall,Teh Tarik,Dinner,Sunny,0.9,1.88,839,1,0,34,0.0405,5,2,1,5,1,9,1,2
2024-02-04,Food Stall,Beef Rendang,Lunch,Sunny,9.0,33.85,13,0,0,1,0.0769,6,2,1,5,1,0,2,2
2024-02-04,Food Stall,Cendol,Lunch,Cloudy,2.0,6.02,409,0,0,51,0.1247,6,2,1,5,1,1,2,0
2024-02-04,Food Stall,Cendol,Lunch,Sunny,2.0,6.37,516,0,0,66,0.1279,6,2,1,5,1,1,2,2
2024-02-04,Food Stall,Chicken Rice,Lunch,Sunny,4.0,12.66,187,0,0,13,0.0695,6,2,1,5,1,3,2,2
2024-02-04,Food Stall,Nasi Lemak,Lunch,Rainy,2.5,8.67,190,0,0,17,0.0895,6,2,1,5,1,6,2,1
2024-02-04,Food Stall,Roti Canai,Dinner,Rainy,0.8,1.57,661,1,0,31,0.0469,6,2,1,5,1,7,1,1
2024-02-04,Food Stall,Tandoori Chicken,Dinner,Cloudy,7.0,20.91,261,0,0,23,0.0881,6,2,1,5,1,8,1,0
2024-02-04,Food Stall,Tandoori Chicken,Dinner,Sunny,7.0,26.82,255,0,0,30,0.1176,6,2,1,5,1,8,1,2
2024-02-04,Food Stall,Teh Tarik,Breakfast,Sunny,0.9,2.4,2301,1,0,145,0.063,6,2,1,5,1,9,0,2
2024-02-05,Food Stall,Beef Rendang,Lunch,Cloudy,9.0,32.53,80,0,0,8,0.1,0,2,1,6,0,0,2,0
2024-02-05,Food Stall,Cendol,Dinner,Cloudy,2.0,9.2,75,0,0,10,0.1333,0,2,1,6,0,1,1,0
2024-02-05,Food Stall,Cendol,Dinner,Sunny,2.0,6.11,161,0,0,22,0.1366,0,2,1,6,0,1,1,2
2024-02-05,Food Stall,Cendol,Lunch,Sunny,2.0,6.75,298,0,0,35,0.1174,0,2,1,6,0,1,2,2
2024-02-05,Food Stall,Kaya Toast Set,Breakfast,Sunny,2.8,8.74,151,0,0,4,0.0265,0,2,1,6,0,4,0,2
2024-02-05,Food Stall,Laksa,Lunch,Rainy,4.5,19.93,91,0,0,13,0.1429,0,2,1,6,0,5,2,1
2024-02-05,Food Stall,Nasi Lemak,Breakfast,Sunny,2.5,8.87,377,0,0,35,0.0928,0,2,1,6,0,6,0,2
2024-02-05,Food Stall,Nasi Lemak,Lunch,Rainy,2.5,10.2,108,0,0,9,0.0833,0,2,1,6,0,6,2,1
2024-02-05,Food Stall,Roti Canai,Dinner,Cloudy,0.8,2.83,366,0,0,24,0.0656,0,2,1,6,0,7,1,0
2024-02-05,Food Stall,Roti Canai,Dinner,Rainy,0.8,1.78,759,1,0,52,0.0685,0,2,1,6,0,7,1,1
2024-02-05,Food Stall,Teh Tarik,Lunch,Sunny,0.9,1.92,953,1,1,43,0.0451,0,2,1,6,0,9,2,2
2024-02-06,Food Stall,Cendol,Dinner,Rainy,2.0,4.91,358,1,0,43,0.1201,1,2,1,6,0,1,1,1
2024-02-06,Food Stall,Cendol,Dinner,Sunny,2.0,5.1,502,1,0,56,0.1116,1,2,1,6,0,1,1,2
2024-02-06,Food Stall,Chicken Rice,Dinner,Cloudy,4.0,9.65,453,1,0,26,0.0574,1,2,1,6,0,3,1,0
2024-02-06,Food Stall,Kaya Toast Set,Breakfast,Cloudy,2.8,9.42,453,0,0,13,0.0287,1,2,1,6,0,4,0,0
2024-02-06,Food Stall,Nasi Lemak,Breakfast,Cloudy,2.5,7.85,265,0,0,21,0.0792,1,2,1,6,0,6,0,0
2024-02-06,Food Stall,Roti Canai,Breakfast,Rainy,0.8,2.48,566,0,1,18,0.0318,1,2,1,6,0,7,0,1
2024-02-06,Food Stall,Tandoori Chicken,Dinner,Cloudy,7.0,27.12,157,0,0,14,0.0892,1,2,1,6,0,8,1,0
2024-02-06,Food Stall,Tandoori Chicken,Dinner,Sunny,7.0,29.12,228,0,0,23,0.1009,1,2,1,6,0,8,1,2
2024-02-06,Food Stall,Teh Tarik,Breakfast,Rainy,0.9,2.88,282,0,0,24,0.0851,1,2,1,6,0,9,0,1
2024-02-07,Food Stall,Beef Rendang,Dinner,Sunny,9.0,31.58,253,0,0,27,0.1067,2,2,1,6,0,0,1,2
2024-02-07,Food Stall,Cendol,Lunch,Sunny,2.0,8.01,147,0,0,16,0.1088,2,2,1,6,0,1,2,2
2024-02-07,Food Stall,Kaya Toast Set,Breakfast,Sunny,2.8,6.55,604,1,0,13,0.0215,2,2,1,6,0,4,0,2
2024-02-07,Food Stall,Laksa,Lunch,Sunny,4.5,12.37,251,0,0,20,0.0797,2,2,1,6,0,5,2,2
2024-02-07,Food Stall,Roti Canai,Breakfast,Rainy,0.8,2.85,304,0,0,19,0.0625,2,2,1,6,0,7,0,1
2024-02-07,Food Stall,Roti Canai,Breakfast,Sunny,0.8,2.27,1553,1,0,70,0.0451,2,2,1,6,0,7,0,2
2024-02-07,Food Stall,Roti Canai,Dinner,Sunny,0.8,2.97,155,0,0,5,0.0323,2,2,1,6,0,7,1,2
2024-02-07,Food Stall,Tandoori Chicken,Dinner,Rainy,7.0,21.05,140,0,0,19,0.1357,2,2,1,6,0,8,1,1
2024-02-07,Food Stall,Tandoori Chicken,Dinner,Sunny,7.0,26.82,195,0,0,19,0.0974,2,2,1,6,0,8,1,2
2024-02-08,Food Stall,Cendol,Lunch,Sunny,2.0,7.16,366,0,1,29,0.0792,3,2,1,6,0,1,2,2
2024-02-08,Food Stall,Kaya Toast Set,Breakfast,Cloudy,2.8,10.37,502,0,0,15,0.0299,3,2,1,6,0,4,0,0
2024-02-08,Food Stall,Kaya Toast Set,Breakfast,Sunny,2.8,7.52,399,0,0,19,0.0476,3,2,1,6,0,4,0,2
2024-02-08,Food Stall,Roti Canai,Dinner,Cloudy,0.8,1.75,561,1,0,13,0.0232,3,2,1,6,0,7,1,0
2024-02-08,Food Stall,Roti Canai,Dinner,Rainy,0.8,2.63,214,0,0,10,0.0467,3,2,1,6,0,7,1,1
2024-02-08,Food Stall,Roti Canai,Dinner,Sunny,0.8,2.41,333,0,0,21,0.0631,3,2,1,6,0,7,1,2
2024-02-08,Food Stall,Tandoori Chicken,Dinner,Rainy,7.0,27.28,132,0,0,15,0.1136,3,2,1,6,0,8,1,1
2024-02-08,Food Stall,Teh Tarik,Breakfast,Sunny,0.9,1.81,1093,1,0,72,0.0659,3,2,1,6,0,9,0,2
2024-02-08,Food Stall,Teh Tarik,Lunch,Rainy,0.9,1.63,643,1,0,41,0.0638,3,2,1,6,0,9,2,1
2024-02-09,Food Stall,Beef Rendang,Lunch,Rainy,9.0,31.23,283,0,0,29,0.1025,4,2,1,6,0,0,2,1
2024-02-09,Food Stall,Cendol,Dinner,Rainy,2.0,7.05,88,0,0,12,0.1364,4,2,1,6,0,1,1,1
2024-02-09,Food Stall,Kaya Toast Set,Breakfast,Rainy,2.8,8.63,832,0,1,21,0.0252,4,2,1,6,0,4,0,1
2024-02-09,Food Stall,Kaya Toast Set,Breakfast,Sunny,2.8,9.9,434,0,0,19,0.0438,4,2,1,6,0,4,0,2
2024-02-09,Food Stall,Roti Canai,Breakfast,Sunny,0.8,2.24,753,0,0,35,0.0465,4,2,1,6,0,7,0,2
2024-02-09,Food Stall,Tandoori Chicken,Dinner,Cloudy,7.0,27.05,18,0,0,2,0.1111,4,2,1,6,0,8,1,0
2024-02-09,Food Stall,Tandoori Chicken,Dinner,Rainy,7.0,30.04,54,0,0,7,0.1296,4,2,1,6,0,8,1,1
2024-02-10,Food Stall,Cendol,Dinner,Cloudy,2.0,7.08,209,0,1,17,0.0813,5,2,1,6,1,1,1,0
2024-02-10,Food Stall,Cendol,Lunch,Sunny,2.0,5.4,314,0,0,38,0.121,5,2,1,6,1,1,2,2
2024-02-10,Food Stall,Kaya Toast Set,Breakfast,Cloudy,2.8,7.34,545,0,0,25,0.0459,5,2,1,6,1,4,0,0
2024-02-10,Food Stall,Roti Canai,Breakfast,Cloudy,0.8,1.9,824,1,0,27,0.0328,5,2,1,6,1,7,0,0
2024-02-10,Food Stall,Roti Canai,Breakfast,Sunny,0.8,2.54,743,0,0,26,0.035,5,2,1,6,1,7,0,2
2024-02-10,Food Stall,Roti Canai,Dinner,Cloudy,0.8,2.54,307,0,0,19,0.0619,5,2,1,6,1,7,1,0
2024-02-10,Food Stall,Tandoori Chicken,Dinner,Cloudy,7.0,26.21,109,0,0,13,0.1193,5,2,1,6,1,8,1,0
2024-02-10,Food Stall,Tandoori Chicken,Dinner,Sunny,7.0,21.44,425,1,0,37,0.0871,5,2,1,6,1,8,1,2
2024-02-10,Food Stall,Teh Tarik,Breakfast,Sunny,0.9,3.01,741,0,0,42,0.0567,5,2,1,6,1,9,0,2
2024-02-10,Food Stall,Teh Tarik,Lunch,Cloudy,0.9,2.83,617,0,0,38,0.0616,5,2,1,6,1,9,2,0
2024-02-10,Food Stall,Teh Tarik,Lunch,Sunny,0.9,2.68,1397,0,0,71,0.0508,5,2,1,6,1,9,2,2
2024-02-11,Food Stall,Cendol,Dinner,Cloudy,2.0,5.42,349,0,0,44,0.1261,6,2,1,6,1,1,1,0
2024-02-11,Food Stall,Cendol,Dinner,Sunny,2.0,7.18,226,0,0,24,0.1062,6,2,1,6,1,1,1,2
2024-02-11,Food Stall,Cendol,Lunch,Rainy,2.0,6.6,162,0,0,27,0.1667,6,2,1,6,1,1,2,1
2024-02-11,Food Stall,Char Kway Teow,Dinner,Sunny,5.0,18.33,225,0,0,20,0.0889,6,2,1,6,1,2,1,2
2024-02-11,Food Stall,Roti Canai,Dinner,Rainy,0.8,2.66,420,0,0,24,0.0571,6,2,1,6,1,7,1,1
2024-02-11,Food Stall,Roti Canai,Dinner,Sunny,0.8,2.3,360,0,0,18,0.05,6,2,1,6,1,7,1,2
2024-02-11,Food Stall,Tandoori Chicken,Dinner,Cloudy,7.0,22.89,230,0,0,19,0.0826,6,2,1,6,1,8,1,0
2024-02-11,Food Stall,Tandoori Chicken,Dinner,Sunny,7.0,27.55,516,0,0,45,0.0872,6,2,1,6,1,8,1,2
2024-02-12,Food Stall,Beef Rendang,Lunch,Rainy,9.0,25.37,229,1,0,19,0.083,0,2,1,7,0,0,2,1
2024-02-12,Food Stall,Cendol,Lunch,Cloudy,2.0,5.12,866,1,0,72,0.0831,0,2,1,7,0,1,2,0
2024-02-12,Food Stall,Cendol,Lunch,Rainy,2.0,7.64,72,0,0,10,0.1389,0,2,1,7,0,1,2,1
2024-02-12,Food Stall,Chicken Rice,Lunch,Rainy,4.0,13.84,259,0,0,24,0.0927,0,2,1,7,0,3,2,1
2024-02-12,Food Stall,Kaya Toast Set,Breakfast,Rainy,2.8,9.02,664,0,0,21,0.0316,0,2,1,7,0,4,0,1
2024-02-12,Food Stall,Roti Canai,Dinner,Rainy,0.8,2.31,361,0,0,23,0.0637,0,2,1,7,0,7,1,1
2024-02-12,Food Stall,Tandoori Chicken,Dinner,Cloudy,7.0,28.51,25,0,0,3,0.12,0,2,1,7,0,8,1,0
2024-02-12,Food Stall,Teh Tarik,Breakfast,Rainy,0.9,1.65,698,1,0,47,0.0673,0,2,1,7,0,9,0,1
2024-02-12,Food Stall,Teh Tarik,Dinner,Cloudy,0.9,2.34,700,1,0,49,0.07,0,2,1,7,0,9,1,0
2024-02-13,Food Stall,Cendol,Dinner,Cloudy,2.0,6.01,341,0,0,35,0.1026,1,2,1,7,0,1,1,0
2024-02-13,Food Stall,Cendol,Lunch,Sunny,2.0,5.47,263,0,1,28,0.1065,1,2,1,7,0,1,2,2
2024-02-13,Food Stall,Kaya Toast Set,Breakfast,Sunny,2.8,9.59,488,0,0,12,0.0246,1,2,1,7,0,4,0,2
2024-02-13,Food Stall,Nasi Lemak,Lunch,Sunny,2.5,8.23,156,0,0,15,0.0962,1,2,1,7,0,6,2,2
2024-02-13,Food Stall,Roti Canai,Breakfast,Sunny,0.8,2.54,349,0,0,17,0.0487,1,2,1,7,0,7,0,2
2024-02-13,Food Stall,Tandoori Chicken,Dinner,Rainy,7.0,27.62,208,0,0,23,0.1106,1,2,1,7,0,8,1,1
2024-02-13,Food Stall,Tandoori Chicken,Dinner,Sunny,7.0,26.55,82,0,0,8,0.0976,1,2,1,7,0,8,1,2
2024-02-13,Food Stall,Teh Tarik,Breakfast,Cloudy,0.9,2.81,463,0,0,39,0.0842,1,2,1,7,0,9,0,0
2024-02-13,Food Stall,Teh Tarik,Breakfast,Sunny,0.9,2.36,535,0,0,42,0.0785,1,2,1,7,0,9,0,2
2024-02-13,Food Stall,Teh Tarik,Dinner,Cloudy,0.9,2.7,221,0,0,18,0.0814,1,2,1,7,0,9,1,0
2024-02-14,Food Stall,Beef Rendang,Dinner,Rainy,9.0,33.36,132,0,0,14,0.1061,2,2,1,7,0,0,1,1
2024-02-14,Food Stall,Cendol,Lunch,Cloudy,2.0,9.0,111,0,0,15,0.1351,2,2,1,7,0,1,2,0
2024-02-14,Food Stall,Cendol,Lunch,Sunny,2.0,7.75,232,0,0,32,0.1379,2,2,1,7,0,1,2,2
2024-02-14,Food Stall,Char Kway Teow,Lunch,Sunny,5.0,21.87,76,0,0,8,0.1053,2,2,1,7,0,2,2,2
2024-02-14,Food Stall,Kaya Toast Set,Breakfast,Cloudy,2.8,7.56,975,1,0,32,0.0328,2,2,1,7,0,4,0,0
2024-02-14,Food Stall,Kaya Toast Set,Breakfast,Sunny,2.8,9.12,316,0,0,17,0.0538,2,2,1,7,0,4,0,2
2024-02-14,Food Stall,Roti Canai,Breakfast,Cloudy,0.8,2.25,345,0,0,22,0.0638,2,2,1,7,0,7,0,0
2024-02-14,Food Stall,Roti Canai,Breakfast,Rainy,0.8,2.12,954,1,0,44,0.0461,2,2,1,7,0,7,0,1
2024-02-14,Food Stall,Tandoori Chicken,Dinner,Sunny,7.0,19.88,25,1,0,2,0.08,2,2,1,7,0,8,1,2
2024-02-15,Food Stall,Cendol,Dinner,Sunny,2.0,6.07,203,0,0,20,0.0985,3,2,1,7,0,1,1,2
2024-02-15,Food Stall,Cendol,Lunch,Cloudy,2.0,5.63,405,0,0,55,0.1358,3,2,1,7,0,1,2,0
2024-02-15,Food Stall,Chicken Rice,Lunch,Cloudy,4.0,11.59,406,0,0,21,0.0517,3,2,1,7,0,3,2,0
2024-02-15,Food Stall,Kaya Toast Set,Breakfast,Cloudy,2.8,8.62,452,0,0,25,0.0553,3,2,1,7,0,4,0,0
2024-02-15,Food Stall,Kaya Toast Set,Breakfast,Sunny,2.8,7.97,1374,1,0,48,0.0349,3,2,1,7,0,4,0,2
2024-02-15,Food Stall,Nasi Lemak,Lunch,Cloudy,2.5,10.95,94,0,0,9,0.0957,3,2,1,7,0,6,2,0
2024-02-15,Food Stall,Roti Canai,Breakfast,Sunny,0.8,2.56,711,0,0,44,0.0619,3,2,1,7,0,7,0,2
2024-02-15,Food Stall,Tandoori Chicken,Dinner,Cloudy,7.0,29.03,88,0,0,11,0.125,3,2,1,7,0,8,1,0
2024-02-15,Food Stall,Teh Tarik,Breakfast,Cloudy,0.9,2.98,850,0,0,54,0.0635,3,2,1,7,0,9,0,0
2024-02-15,Food Stall,Teh Tarik,Dinner,Sunny,0.9,2.99,627,0,0,51,0.0813,3,2,1,7,0,9,1,2
2024-02-16,Food Stall,Beef Rendang,Dinner,Cloudy,9.0,36.14,40,0,0,3,0.075,4,2,1,7,0,0,1,0
2024-02-16,Food Stall,Cendol,Dinner,Cloudy,2.0,9.01,113,0,0,12,0.1062,4,2,1,7,0,1,1,0
2024-02-16,Food Stall,Char Kway Teow,Dinner,Sunny,5.0,19.08,99,0,0,7,0.0707,4,2,1,7,0,2,1,2
2024-02-16,Food Stall,Kaya Toast Set,Breakfast,Cloudy,2.8,8.45,296,0,0,6,0.0203,4,2,1,7,0,4,0,0
2024-02-16,Food Stall,Laksa,Lunch,Cloudy,4.5,9.69,417,1,1,35,0.0839,4,2,1,7,0,5,2,0
2024-02-16,Food Stall,Roti Canai,Breakfast,Sunny,0.8,2.86,376,0,0,18,0.0479,4,2,1,7,0,7,0,2
2024-02-16,Food Stall,Roti Canai,Dinner,Cloudy,0.8,2.55,331,0,0,15,0.0453,4,2,1,7,0,7,1,0
2024-02-16,Food Stall,Teh Tarik,Breakfast,Rainy,0.9,2.55,396,0,0,37,0.0934,4,2,1,7,0,9,0,1
2024-02-17,Food Stall,Cendol,Dinner,Sunny,2.0,4.32,523,1,0,56,0.1071,5,2,1,7,1,1,1,2
2024-02-17,Food Stall,Cendol,Lunch,Sunny,2.0,6.55,495,0,1,47,0.0949,5,2,1,7,1,1,2,2
2024-02-17,Food Stall,Kaya Toast Set,Breakfast,Rainy,2.8,9.03,335,0,0,17,0.0507,5,2,1,7,1,4,0,1
2024-02-17,Food Stall,Kaya Toast Set,Breakfast,Sunny,2.8,7.45,1155,1,0,27,0.0234,5,2,1,7,1,4,0,2
2024-02-17,Food Stall,Laksa,Lunch,Sunny,4.5,10.25,430,1,0,31,0.0721,5,2,1,7,1,5,2,2
2024-02-17,Food Stall,Nasi Lemak,Breakfast,Cloudy,2.5,7.36,560,0,1,27,0.0482,5,2,1,7,1,6,0,0
2024-02-17,Food Stall,Nasi Lemak,Breakfast,Rainy,2.5,8.72,333,0,0,29,0.0871,5,2,1,7,1,6,0,1
2024-02-17,Food Stall,Nasi Lemak,Lunch,Sunny,2.5,8.08,664,0,0,61,0.0919,5,2,1,7,1,6,2,2
2024-02-17,Food Stall,Roti Canai,Breakfast,Cloudy,0.8,2.45,668,0,0,29,0.0434,5,2,1,7,1,7,0,0
2024-02-17,Food Stall,Roti Canai,Breakfast,Sunny,0.8,2.6,331,0,0,11,0.0332,5,2,1,7,1,7,0,2
2024-02-17,Food Stall,Tandoori Chicken,Dinner,Cloudy,7.0,24.99,137,0,0,16,0.1168,5,2,1,7,1,8,1,0
2024-02-17,Food Stall,Teh Tarik,Dinner,Rainy,0.9,2.35,412,0,0,42,0.1019,5,2,1,7,1,9,1,1
2024-02-17,Food Stall,Teh Tarik,Lunch,Cloudy,0.9,2.4,689,0,0,60,0.0871,5,2,1,7,1,9,2,0
2024-02-18,Food Stall,Cendol,Dinner,Sunny,2.0,6.98,149,0,0,21,0.1409,6,2,1,7,1,1,1,2
2024-02-18,Food Stall,Cendol,Lunch,Sunny,2.0,6.18,311,0,0,42,0.135,6,2,1,7,1,1,2,2
2024-02-18,Food Stall,Chicken Rice,Dinner,Cloudy,4.0,17.01,87,0,0,7,0.0805,6,2,1,7,1,3,1,0
2024-02-18,Food Stall,Kaya Toast Set,Breakfast,Rainy,2.8,7.23,442,0,0,25,0.0566,6,2,1,7,1,4,0,1
2024-02-18,Food Stall,Kaya Toast Set,Breakfast,Sunny,2.8,8.6,1099,0,0,46,0.0419,6,2,1,7,1,4,0,2
2024-02-18,Food Stall,Laksa,Lunch,Sunny,4.5,14.28,207,0,0,17,0.0821,6,2,1,7,1,5,2,2
2024-02-18,Food Stall,Nasi Lemak,Breakfast,Sunny,2.5,9.2,227,0,0,17,0.0749,6,2,1,7,1,6,0,2
2024-02-18,Food Stall,Roti Canai,Dinner,Cloudy,0.8,2.89,373,0,0,17,0.0456,6,2,1,7,1,7,1,0
2024-02-18,Food Stall,Tandoori Chicken,Dinner,Cloudy,7.0,20.02,249,0,0,23,0.0924,6,2,1,7,1,8,1,0
2024-02-18,Food Stall,Teh Tarik,Lunch,Sunny,0.9,2.99,699,0,0,55,0.0787,6,2,1,7,1,9,2,2
2024-02-19,Food Stall,Beef Rendang,Lunch,Sunny,9.0,34.85,17,0,0,2,0.1176,0,2,1,8,0,0,2,2
2024-02-19,Food Stall,Cendol,Dinner,Sunny,2.0,6.67,957,1,0,109,0.1139,0,2,1,8,0,1,1,2
2024-02-19,Food Stall,Cendol,Lunch,Cloudy,2.0,6.34,212,0,0,27,0.1274,0,2,1,8,0,1,2,0
2024-02-19,Food Stall,Cendol,Lunch,Sunny,2.0,8.0,180,0,0,24,0.1333,0,2,1,8,0,1,2,2
2024-02-19,Food Stall,Kaya Toast Set,Breakfast,Sunny,2.8,8.87,401,0,0,22,0.0549,0,2,1,8,0,4,0,2
2024-02-19,Food Stall,Laksa,Lunch,Sunny,4.5,17.85,6,0,0,1,0.1667,0,2,1,8,0,5,2,2
2024-02-19,Food Stall,Nasi Lemak,Breakfast,Sunny,2.5,6.76,271,0,0,25,0.0923,0,2,1,8,0,6,0,2
2024-02-19,Food Stall,Roti Canai,Dinner,Cloudy,0.8,2.0,743,1,1,30,0.0404,0,2,1,8,0,7,1,0
2024-02-19,Food Stall,Roti Canai,Dinner,Sunny,0.8,1.46,477,1,0,24,0.0503,0,2,1,8,0,7,1,2
2024-02-19,Food Stall,Tandoori Chicken,Dinner,Cloudy,7.0,25.42,106,0,0,11,0.1038,0,2,1,8,0,8,1,0
2024-02-19,Food Stall,Tandoori Chicken,Dinner,Sunny,7.0,30.29,174,0,0,19,0.1092,0,2,1,8,0,8,1,2
2024-02-19,Food Stall,Teh Tarik,Breakfast,Sunny,0.9,2.58,421,0,0,24,0.057,0,2,1,8,0,9,0,2
2024-02-20,Food Stall,Cendol,Dinner,Sunny,2.0,7.79,203,0,0,25,0.1232,1,2,1,8,0,1,1,2
2024-02-20,Food Stall,Kaya Toast Set,Breakfast,Sunny,2.8,8.12,716,0,0,42,0.0587,1,2,1,8,0,4,0,2
2024-02-20,Food Stall,Roti Canai,Breakfast,Sunny,0.8,2.3,384,0,0,21,0.0547,1,2,1,8,0,7,0,2
2024-02-20,Food Stall,Roti Canai,Dinner,Sunny,0.8,2.77,352,0,0,14,0.0398,1,2,1,8,0,7,1,2
2024-02-20,Food Stall,Tandoori Chicken,Dinner,Cloudy,7.0,28.37,47,0,0,5,0.1064,1,2,1,8,0,8,1,0
2024-02-20,Food Stall,Tandoori Chicken,Dinner,Rainy,7.0,30.89,234,0,0,30,0.1282,1,2,1,8,0,8,1,1
2024-02-21,Food Stall,Char Kway Teow,Dinner,Sunny,5.0,17.81,18,0,0,1,0.0556,2,2,1,8,0,2,1,2
2024-02-21,Food Stall,Chicken Rice,Dinner,Sunny,4.0,12.19,140,0,0,12,0.0857,2,2,1,8,0,3,1,2
2024-02-21,Food Stall,Kaya Toast Set,Breakfast,Cloudy,2.8,8.36,239,0,0,14,0.0586,2,2,1,8,0,4,0,0
2024-02-21,Food Stall,Kaya Toast Set,Breakfast,Rainy,2.8,8.16,276,0,0,19,0.0688,2,2,1,8,0,4,0,1
2024-02-21,Food Stall,Kaya Toast Set,Breakfast,Sunny,2.8,5.45,603,1,0,27,0.0448,2,2,1,8,0,4,0,2
2024-02-21,Food Stall,Laksa,Lunch,Sunny,4.5,14.42,175,0,0,15,0.0857,2,2,1,8,0,5,2,2
2024-02-21,Food Stall,Nasi Lemak,Lunch,Cloudy,2.5,8.26,293,0,0,26,0.0887,2,2,1,8,0,6,2,0
2024-02-21,Food Stall,Roti Canai,Dinner,Sunny,0.8,2.42,581,0,1,12,0.0207,2,2,1,8,0,7,1,2
2024-02-21,Food Stall,Teh Tarik,Breakfast,Rainy,0.9,2.58,360,0,0,25,0.0694,2,2,1,8,0,9,0,1
2024-02-21,Food Stall,Teh Tarik,Breakfast,Sunny,0.9,2.9,518,0,0,33,0.0637,2,2,1,8,0,9,0,2
2024-02-22,Food Stall,Beef Rendang,Lunch,Cloudy,9.0,24.41,11,1,0,1,0.0909,3,2,1,8,0,0,2,0
2024-02-22,Food Stall,Beef Rendang,Lunch,Sunny,9.0,24.34,183,1,0,11,0.0601,3,2,1,8,0,0,2,2
2024-02-22,Food Stall,Chicken Rice,Dinner,Sunny,4.0,13.64,176,0,0,14,0.0795,3,2,1,8,0,3,1,2
2024-02-22,Food Stall,Laksa,Lunch,Cloudy,4.5,14.32,279,0,0,30,0.1075,3,2,1,8,0,5,2,0
2024-02-22,Food Stall,Nasi Lemak,Breakfast,Sunny,2.5,5.13,599,1,0,35,0.0584,3,2,1,8,0,6,0,2
2024-02-22,Food Stall,Nasi Lemak,Lunch,Sunny,2.5,8.24,692,0,0,68,0.0983,3,2,1,8,0,6,2,2
2024-02-22,Food Stall,Roti Canai,Breakfast,Rainy,0.8,2.5,377,0,0,18,0.0477,3,2,1,8,0,7,0,1
2024-02-22,Food Stall,Roti Canai,Dinner,Rainy,0.8,3.41,112,0,0,7,0.0625,3,2,1,8,0,7,1,1
2024-02-22,Food Stall,Tandoori Chicken,Dinner,Sunny,7.0,27.26,255,0,0,30,0.1176,3,2,1,8,0,8,1,2
2024-02-23,Food Stall,Cendol,Lunch,Sunny,2.0,5.37,701,1,0,71,0.1013,4,2,1,8,0,1,2,2
2024-02-23,Food Stall,Char Kway Teow,Dinner,Rainy,5.0,18.54,70,0,0,9,0.1286,4,2,1,8,0,2,1,1
2024-02-23,Food Stall,Chicken Rice,Lunch,Cloudy,4.0,13.95,24,0,0,1,0.0417,4,2,1,8,0,3,2,0
2024-02-23,Food Stall,Kaya Toast Set,Breakfast,Cloudy,2.8,5.92,633,1,0,31,0.049,4,2,1,8,0,4,0,0
2024-02-23,Food Stall,Kaya Toast Set,Breakfast,Rainy,2.8,6.87,1556,1,0,83,0.0533,4,2,1,8,0,4,0,1
2024-02-23,Food Stall,Kaya Toast Set,Breakfast,Sunny,2.8,8.77,576,0,0,29,0.0503,4,2,1,8,0,4,0,2
2024-02-23,Food Stall,Laksa,Lunch,Sunny,4.5,10.18,263,1,0,26,0.0989,4,2,1,8,0,5,2,2
2024-02-23,Food Stall,Nasi Lemak,Breakfast,Cloudy,2.5,9.02,279,0,0,25,0.0896,4,2,1,8,0,6,0,0
2024-02-23,Food Stall,Nasi Lemak,Breakfast,Rainy,2.5,8.48,260,0,0,27,0.1038,4,2,1,8,0,6,0,1
2024-02-23,Food Stall,Nasi Lemak,Lunch,Cloudy,2.5,7.97,338,0,0,22,0.0651,4,2,1,8,0,6,2,0
2024-02-23,Food Stall,Roti Canai,Dinner,Cloudy,0.8,3.12,191,0,0,6,0.0314,4,2,1,8,0,7,1,0
2024-02-23,Food Stall,Roti Canai,Dinner,Sunny,0.8,2.59,271,0,0,18,0.0664,4,2,1,8,0,7,1,2
2024-02-23,Food Stall,Tandoori Chicken,Dinner,Cloudy,7.0,19.71,204,1,0,18,0.0882,4,2,1,8,0,8,1,0
2024-02-23,Food Stall,Tandoori Chicken,Dinner,Rainy,7.0,25.04,165,1,0,19,0.1152,4,2,1,8,0,8,1,1
2024-02-23,Food Stall,Teh Tarik,Breakfast,Cloudy,0.9,2.44,516,0,0,36,0.0698,4,2,1,8,0,9,0,0
2024-02-23,Food Stall,Teh Tarik,Breakfast,Sunny,0.9,2.45,456,0,0,25,0.0548,4,2,1,8,0,9,0,2
2024-02-23,Food Stall,Teh Tarik,Dinner,Rainy,0.9,2.77,139,0,0,10,0.0719,4,2,1,8,0,9,1,1
2024-02-24,Food Stall,Cendol,Lunch,Cloudy,2.0,5.35,412,0,0,53,0.1286,5,2,1,8,1,1,2,0
2024-02-24,Food Stall,Cendol,Lunch,Sunny,2.0,6.37,447,0,0,60,0.1342,5,2,1,8,1,1,2,2
2024-02-24,Food Stall,Chicken Rice,Dinner,Sunny,4.0,14.44,175,0,0,14,0.08,5,2,1,8,1,3,1,2
2024-02-24,Food Stall,Kaya Toast Set,Breakfast,Rainy,2.8,9.18,778,0,0,25,0.0321,5,2,1,8,1,4,0,1
2024-02-24,Food Stall,Kaya Toast Set,Breakfast,Sunny,2.8,7.77,666,0,0,26,0.039,5,2,1,8,1,4,0,2
2024-02-24,Food Stall,Nasi Lemak,Lunch,Cloudy,2.5,7.96,393,0,0,25,0.0636,5,2,1,8,1,6,2,0
2024-02-24,Food Stall,Roti Canai,Breakfast,Sunny,0.8,2.19,450,0,0,18,0.04,5,2,1,8,1,7,0,2
2024-02-24,Food Stall,Tandoori Chicken,Dinner,Rainy,7.0,26.85,210,0,0,30,0.1429,5,2,1,8,1,8,1,1
2024-02-24,Food Stall,Tandoori Chicken,Dinner,Sunny,7.0,25.39,36,0,0,3,0.0833,5,2,1,8,1,8,1,2
2024-02-24,Food Stall,Teh Tarik,Breakfast,Cloudy,0.9,2.48,891,0,0,62,0.0696,5,2,1,8,1,9,0,0
2024-02-24,Food Stall,Teh Tarik,Lunch,Rainy,0.9,2.58,606,0,0,56,0.0924,5,2,1,8,1,9,2,1
2024-02-25,Food Stall,Cendol,Lunch,Sunny,2.0,4.52,1153,1,0,99,0.0859,6,2,1,8,1,1,2,2
2024-02-25,Food Stall,Char Kway Teow,Lunch,Rainy,5.0,14.63,348,0,0,41,0.1178,6,2,1,8,1,2,2,1
2024-02-25,Food Stall,Kaya Toast Set,Breakfast,Cloudy,2.8,7.61,1624,0,0,78,0.048,6,2,1,8,1,4,0,0
2024-02-25,Food Stall,Kaya Toast Set,Breakfast,Sunny,2.8,9.21,991,0,0,21,0.0212,6,2,1,8,1,4,0,2
2024-02-25,Food Stall,Nasi Lemak,Breakfast,Cloudy,2.5,4.65,823,1,1,56,0.068,6,2,1,8,1,6,0,0
2024-02-25,Food Stall,Nasi Lemak,Lunch,Cloudy,2.5,6.5,678,0,0,42,0.0619,6,2,1,8,1,6,2,0
2024-02-25,Food Stall,Roti Canai,Breakfast,Rainy,0.8,2.54,732,0,0,47,0.0642,6,2,1,8,1,7,0,1
2024-02-25,Food Stall,Tandoori Chicken,Dinner,Rainy,7.0,21.66,285,0,0,38,0.1333,6,2,1,8,1,8,1,1
2024-02-25,Food Stall,Teh Tarik,Lunch,Rainy,0.9,2.59,722,0,0,74,0.1025,6,2,1,8,1,9,2,1
2024-02-26,Food Stall,Laksa,Lunch,Rainy,4.5,15.88,377,0,0,43,0.1141,0,2,1,9,0,5,2,1
2024-02-26,Food Stall,Roti Canai,Breakfast,Cloudy,0.8,2.69,479,0,0,33,0.0689,0,2,1,9,0,7,0,0
2024-02-26,Food Stall,Roti Canai,Dinner,Cloudy,0.8,1.87,1183,1,0,43,0.0363,0,2,1,9,0,7,1,0
2024-02-26,Food Stall,Roti Canai,Dinner,Rainy,0.8,2.49,676,1,0,27,0.0399,0,2,1,9,0,7,1,1
2024-02-26,Food Stall,Roti Canai,Dinner,Sunny,0.8,2.82,252,0,0,16,0.0635,0,2,1,9,0,7,1,2
2024-02-26,Food Stall,Tandoori Chicken,Dinner,Rainy,7.0,21.73,99,1,0,11,0.1111,0,2,1,9,0,8,1,1
2024-02-26,Food Stall,Tandoori Chicken,Dinner,Sunny,7.0,26.76,142,0,0,14,0.0986,0,2,1,9,0,8,1,2
2024-02-26,Food Stall,Teh Tarik,Dinner,Sunny,0.9,3.62,173,0,0,12,0.0694,0,2,1,9,0,9,1,2
2024-02-27,Food Stall,Chicken Rice,Dinner,Sunny,4.0,12.28,241,1,0,10,0.0415,1,2,1,9,0,3,1,2
2024-02-27,Food Stall,Kaya Toast Set,Breakfast,Sunny,2.8,7.48,727,0,1,15,0.0206,1,2,1,9,0,4,0,2
2024-02-27,Food Stall,Nasi Lemak,Breakfast,Sunny,2.5,7.04,250,0,0,20,0.08,1,2,1,9,0,6,0,2
2024-02-27,Food Stall,Tandoori Chicken,Dinner,Rainy,7.0,18.22,191,1,0,23,0.1204,1,2,1,9,0,8,1,1
2024-02-28,Food Stall,Cendol,Lunch,Sunny,2.0,7.19,151,0,0,18,0.1192,2,2,1,9,0,1,2,2
2024-02-28,Food Stall,Chicken Rice,Dinner,Rainy,4.0,10.96,310,0,0,24,0.0774,2,2,1,9,0,3,1,1
2024-02-28,Food Stall,Chicken Rice,Lunch,Cloudy,4.0,7.27,479,1,0,30,0.0626,2,2,1,9,0,3,2,0
2024-02-28,Food Stall,Kaya Toast Set,Breakfast,Cloudy,2.8,9.29,317,0,0,18,0.0568,2,2,1,9,0,4,0,0
2024-02-28,Food Stall,Kaya Toast Set,Breakfast,Sunny,2.8,9.38,527,0,0,15,0.0285,2,2,1,9,0,4,0,2
2024-02-28,Food Stall,Laksa,Lunch,Sunny,4.5,15.26,164,0,0,17,0.1037,2,2,1,9,0,5,2,2
2024-02-28,Food Stall,Nasi Lemak,Lunch,Sunny,2.5,5.64,409,1,0,30,0.0733,2,2,1,9,0,6,2,2
2024-02-28,Food Stall,Roti Canai,Breakfast,Sunny,0.8,1.54,700,1,0,36,0.0514,2,2,1,9,0,7,0,2
2024-02-28,Food Stall,Teh Tarik,Lunch,Rainy,0.9,2.54,275,0,0,20,0.0727,2,2,1,9,0,9,2,1
2024-02-29,Food Stall,Beef Rendang,Dinner,Sunny,9.0,35.91,132,0,0,11,0.0833,3,2,1,9,0,0,1,2
2024-02-29,Food Stall,Cendol,Dinner,Cloudy,2.0,6.79,230,0,0,31,0.1348,3,2,1,9,0,1,1,0
2024-02-29,Food Stall,Cendol,Dinner,Sunny,2.0,6.03,202,0,0,24,0.1188,3,2,1,9,0,1,1,2
2024-02-29,Food Stall,Cendol,Lunch,Sunny,2.0,7.87,159,0,0,19,0.1195,3,2,1,9,0,1,2,2
2024-02-29,Food Stall,Chicken Rice,Lunch,Sunny,4.0,15.95,239,0,0,15,0.0628,3,2,1,9,0,3,2,2
2024-02-29,Food Stall,Kaya Toast Set,Breakfast,Cloudy,2.8,10.04,255,0,1,9,0.0353,3,2,1,9,0,4,0,0
2024-02-29,Food Stall,Kaya Toast Set,Breakfast,Rainy,2.8,12.34,121,0,0,4,0.0331,3,2,1,9,0,4,0,1
2024-02-29,Food Stall,Kaya Toast Set,Breakfast,Sunny,2.8,8.85,142,0,0,5,0.0352,3,2,1,9,0,4,0,2
2024-02-29,Food Stall,Nasi Lemak,Breakfast,Sunny,2.5,8.13,372,0,0,37,0.0995,3,2,1,9,0,6,0,2
2024-02-29,Food Stall,Roti Canai,Breakfast,Rainy,0.8,2.5,577,0,0,30,0.052,3,2,1,9,0,7,0,1
2024-02-29,Food Stall,Teh Tarik,Lunch,Sunny,0.9,1.91,895,1,0,59,0.0659,3,2,1,9,0,9,2,2
2024-03-01,Food Stall,Cendol,Dinner,Sunny,2.0,8.02,188,0,0,22,0.117,4,3,1,9,0,1,1,2
2024-03-01,Food Stall,Cendol,Lunch,Cloudy,2.0,8.04,132,0,0,18,0.1364,4,3,1,9,0,1,2,0
2024-03-01,Food Stall,Cendol,Lunch,Sunny,2.0,4.44,354,1,0,40,0.113,4,3,1,9,0,1,2,2
2024-03-01,Food Stall,Char Kway Teow,Dinner,Sunny,5.0,11.91,478,1,0,38,0.0795,4,3,1,9,0,2,1,2
2024-03-01,Food Stall,Chicken Rice,Lunch,Sunny,4.0,14.24,165,0,0,14,0.0848,4,3,1,9,0,3,2,2
2024-03-01,Food Stall,Kaya Toast Set,Breakfast,Cloudy,2.8,8.14,766,0,0,22,0.0287,4,3,1,9,0,4,0,0
2024-03-01,Food Stall,Kaya Toast Set,Breakfast,Sunny,2.8,9.84,838,0,0,21,0.0251,4,3,1,9,0,4,0,2
2024-03-01,Food Stall,Nasi Lemak,Lunch,Cloudy,2.5,8.52,198,0,0,14,0.0707,4,3,1,9,0,6,2,0
2024-03-01,Food Stall,Nasi Lemak,Lunch,Rainy,2.5,7.81,274,0,0,23,0.0839,4,3,1,9,0,6,2,1
2024-03-01,Food Stall,Roti Canai,Dinner,Cloudy,0.8,2.65,367,0,0,19,0.0518,4,3,1,9,0,7,1,0
2024-03-01,Food Stall,Tandoori Chicken,Dinner,Sunny,7.0,26.18,368,0,0,43,0.1168,4,3,1,9,0,8,1,2
2024-03-01,Food Stall,Teh Tarik,Lunch,Cloudy,0.9,2.87,361,0,0,19,0.0526,4,3,1,9,0,9,2,0
2024-03-01,Food Stall,Teh Tarik,Lunch,Sunny,0.9,1.65,924,1,0,41,0.0444,4,3,1,9,0,9,2,2
2024-03-02,Food Stall,Cendol,Dinner,Cloudy,2.0,6.64,198,0,0,20,0.101,5,3,1,9,1,1,1,0
2024-03-02,Food Stall,Cendol,Dinner,Sunny,2.0,6.37,294,0,1,24,0.0816,5,3,1,9,1,1,1,2
2024-03-02,Food Stall,Cendol,Lunch,Rainy,2.0,6.96,131,0,0,21,0.1603,5,3,1,9,1,1,2,1
2024-03-02,Food Stall,Char Kway Teow,Dinner,Rainy,5.0,9.24,448,1,0,37,0.0826,5,3,1,9,1,2,1,1
2024-03-02,Food Stall,Kaya Toast Set,Breakfast,Sunny,2.8,6.32,862,1,0,35,0.0406,5,3,1,9,1,4,0,2
2024-03-02,Food Stall,Tandoori Chicken,Dinner,Sunny,7.0,24.19,267,0,0,32,0.1199,5,3,1,9,1,8,1,2
2024-03-02,Food Stall,Teh Tarik,Breakfast,Sunny,0.9,3.07,863,0,0,46,0.0533,5,3,1,9,1,9,0,2
2024-03-02,Food Stall,Teh Tarik,Lunch,Rainy,0.9,2.73,339,0,0,32,0.0944,5,3,1,9,1,9,2,1
2024-03-03,Food Stall,Beef Rendang,Dinner,Rainy,9.0,26.4,29,1,0,3,0.1034,6,3,1,9,1,0,1,1
2024-03-03,Food Stall,Cendol,Dinner,Sunny,2.0,6.8,244,0,0,25,0.1025,6,3,1,9,1,1,1,2
2024-03-03,Food Stall,Kaya Toast Set,Breakfast,Sunny,2.8,9.09,1324,0,0,78,0.0589,6,3,1,9,1,4,0,2
2024-03-03,Food Stall,Nasi Lemak,Breakfast,Cloudy,2.5,8.54,506,0,0,39,0.0771,6,3,1,9,1,6,0,0
2024-03-03,Food Stall,Tandoori Chicken,Dinner,Cloudy,7.0,25.03,237,0,0,27,0.1139,6,3,1,9,1,8,1,0
2024-03-03,Food Stall,Teh Tarik,Lunch,Cloudy,0.9,3.06,549,0,0,45,0.082,6,3,1,9,1,9,2,0
2024-03-04,Food Stall,Beef Rendang,Lunch,Sunny,9.0,33.81,141,0,0,11,0.078,0,3,1,10,0,0,2,2
2024-03-04,Food Stall,Cendol,Dinner,Cloudy,2.0,6.67,254,0,1,23,0.0906,0,3,1,10,0,1,1,0
2024-03-04,Food Stall,Cendol,Lunch,Cloudy,2.0,6.51,308,0,0,31,0.1006,0,3,1,10,0,1,2,0
2024-03-04,Food Stall,Cendol,Lunch,Sunny,2.0,7.22,329,0,0,37,0.1125,0,3,1,10,0,1,2,2
2024-03-04,Food Stall,Kaya Toast Set,Breakfast,Cloudy,2.8,7.87,361,0,0,13,0.036,0,3,1,10,0,4,0,0
2024-03-04,Food Stall,Roti Canai,Dinner,Rainy,0.8,2.08,495,1,0,24,0.0485,0,3,1,10,0,7,1,1
2024-03-04,Food Stall,Tandoori Chicken,Dinner,Rainy,7.0,28.02,172,0,0,23,0.1337,0,3,1,10,0,8,1,1
2024-03-04,Food Stall,Teh Tarik,Dinner,Rainy,0.9,2.41,324,0,0,27,0.0833,0,3,1,10,0,9,1,1
2024-03-04,Food Stall,Teh Tarik,Dinner,Sunny,0.9,3.01,275,0,0,19,0.0691,0,3,1,10,0,9,1,2
2024-03-04,Food Stall,Teh Tarik,Lunch,Rainy,0.9,2.39,809,1,0,52,0.0643,0,3,1,10,0,9,2,1
2024-03-05,Food Stall,Cendol,Lunch,Sunny,2.0,7.23,296,0,1,21,0.0709,1,3,1,10,0,1,2,2
2024-03-05,Food Stall,Kaya Toast Set,Breakfast,Sunny,2.8,7.42,1019,1,0,28,0.0275,1,3,1,10,0,4,0,2
2024-03-05,Food Stall,Laksa,Lunch,Cloudy,4.5,15.9,113,0,0,11,0.0973,1,3,1,10,0,5,2,0
2024-03-05,Food Stall,Laksa,Lunch,Rainy,4.5,17.63,41,0,0,5,0.122,1,3,1,10,0,5,2,1
2024-03-05,Food Stall,Nasi Lemak,Breakfast,Sunny,2.5,6.34,598,1,0,43,0.0719,1,3,1,10,0,6,0,2
2024-03-05,Food Stall,Roti Canai,Breakfast,Sunny,0.8,2.55,273,0,0,14,0.0513,1,3,1,10,0,7,0,2
2024-03-05,Food Stall,Tandoori Chicken,Dinner,Rainy,7.0,26.29,48,0,0,6,0.125,1,3,1,10,0,8,1,1
2024-03-05,Food Stall,Tandoori Chicken,Dinner,Sunny,7.0,25.8,291,0,0,32,0.11,1,3,1,10,0,8,1,2
2024-03-05,Food Stall,Teh Tarik,Breakfast,Cloudy,0.9,2.44,539,0,0,44,0.0816,1,3,1,10,0,9,0,0
2024-03-05,Food Stall,Teh Tarik,Dinner,Cloudy,0.9,3.01,591,0,0,47,0.0795,1,3,1,10,0,9,1,0
2024-03-06,Food Stall,Beef Rendang,Lunch,Cloudy,9.0,33.04,273,0,1,16,0.0586,2,3,1,10,0,0,2,0
2024-03-06,Food Stall,Cendol,Dinner,Sunny,2.0,7.26,342,0,0,38,0.1111,2,3,1,10,0,1,1,2
2024-03-06,Food Stall,Char Kway Teow,Dinner,Cloudy,5.0,19.14,129,0,0,11,0.0853,2,3,1,10,0,2,1,0
2024-03-06,Food Stall,Char Kway Teow,Lunch,Rainy,5.0,20.49,57,0,0,7,0.1228,2,3,1,10,0,2,2,1
2024-03-06,Food Stall,Kaya Toast Set,Breakfast,Cloudy,2.8,7.82,361,0,0,15,0.0416,2,3,1,10,0,4,0,0
2024-03-06,Food Stall,Laksa,Lunch,Sunny,4.5,16.37,221,0,0,20,0.0905,2,3,1,10,0,5,2,2
2024-03-06,Food Stall,Nasi Lemak,Lunch,Sunny,2.5,6.78,315,0,0,27,0.0857,2,3,1,10,0,6,2,2
2024-03-06,Food Stall,Roti Canai,Breakfast,Cloudy,0.8,2.63,421,0,0,25,0.0594,2,3,1,10,0,7,0,0
2024-03-06,Food Stall,Roti Canai,Dinner,Sunny,0.8,3.15,230,0,0,9,0.0391,2,3,1,10,0,7,1,2
2024-03-06,Food Stall,Tandoori Chicken,Dinner,Sunny,7.0,17.81,219,1,0,18,0.0822,2,3,1,10,0,8,1,2
2024-03-06,Food Stall,Teh Tarik,Breakfast,Cloudy,0.9,2.92,1091,0,0,60,0.055,2,3,1,10,0,9,0,0
2024-03-06,Food Stall,Teh Tarik,Dinner,Rainy,0.9,2.41,842,1,0,52,0.0618,2,3,1,10,0,9,1,1
2024-03-06,Food Stall,Teh Tarik,Dinner,Sunny,0.9,1.79,456,1,0,30,0.0658,2,3,1,10,0,9,1,2
2024-03-07,Food Stall,Beef Rendang,Lunch,Cloudy,9.0,39.92,68,0,0,6,0.0882,3,3,1,10,0,0,2,0
2024-03-07,Food Stall,Cendol,Dinner,Rainy,2.0,8.09,120,0,0,20,0.1667,3,3,1,10,0,1,1,1
2024-03-07,Food Stall,Kaya Toast Set,Breakfast,Cloudy,2.8,9.21,663,0,0,29,0.0437,3,3,1,10,0,4,0,0
2024-03-07,Food Stall,Kaya Toast Set,Breakfast,Sunny,2.8,9.52,351,0,0,19,0.0541,3,3,1,10,0,4,0,2
2024-03-07,Food Stall,Roti Canai,Breakfast,Rainy,0.8,2.3,342,0,0,27,0.0789,3,3,1,10,0,7,0,1
2024-03-07,Food Stall,Roti Canai,Dinner,Sunny,0.8,1.5,307,1,0,10,0.0326,3,3,1,10,0,7,1,2
2024-03-07,Food Stall,Tandoori Chicken,Dinner,Cloudy,7.0,28.13,131,0,0,12,0.0916,3,3,1,10,0,8,1,0
2024-03-07,Food Stall,Tandoori Chicken,Dinner,Rainy,7.0,24.28,59,0,0,8,0.1356,3,3,1,10,0,8,1,1
2024-03-07,Food Stall,Teh Tarik,Breakfast,Rainy,0.9,2.63,340,0,0,29,0.0853,3,3,1,10,0,9,0,1
2024-03-07,Food Stall,Teh Tarik,Dinner,Sunny,0.9,2.82,349,0,0,29,0.0831,3,3,1,10,0,9,1,2
2024-03-08,Food Stall,Cendol,Lunch,Sunny,2.0,4.79,311,1,0,36,0.1158,4,3,1,10,0,1,2,2
2024-03-08,Food Stall,Char Kway Teow,Lunch,Sunny,5.0,16.13,149,0,0,12,0.0805,4,3,1,10,0,2,2,2
2024-03-08,Food Stall,Kaya Toast Set,Breakfast,Sunny,2.8,6.84,582,1,0,12,0.0206,4,3,1,10,0,4,0,2
2024-03-08,Food Stall,Roti Canai,Breakfast,Rainy,0.8,1.78,649,1,0,22,0.0339,4,3,1,10,0,7,0,1
2024-03-09,Food Stall,Cendol,Dinner,Cloudy,2.0,6.31,513,0,1,50,0.0975,5,3,1,10,1,1,1,0
2024-03-09,Food Stall,Cendol,Dinner,Sunny,2.0,7.23,166,0,0,23,0.1386,5,3,1,10,1,1,1,2
2024-03-09,Food Stall,Chicken Rice,Lunch,Rainy,4.0,10.9,258,0,0,19,0.0736,5,3,1,10,1,3,2,1
2024-03-09,Food Stall,Kaya Toast Set,Breakfast,Sunny,2.8,5.4,1016,1,0,20,0.0197,5,3,1,10,1,4,0,2
2024-03-09,Food Stall,Laksa,Lunch,Sunny,4.5,18.85,123,0,0,13,0.1057,5,3,1,10,1,5,2,2
2024-03-09,Food Stall,Nasi Lemak,Lunch,Sunny,2.5,8.62,365,0,0,30,0.0822,5,3,1,10,1,6,2,2
2024-03-09,Food Stall,Roti Canai,Breakfast,Sunny,0.8,2.58,456,0,0,19,0.0417,5,3,1,10,1,7,0,2
2024-03-09,Food Stall,Roti Canai,Dinner,Cloudy,0.8,2.12,747,1,0,19,0.0254,5,3,1,10,1,7,1,0
2024-03-09,Food Stall,Tandoori Chicken,Dinner,Cloudy,7.0,24.95,176,0,0,15,0.0852,5,3,1,10,1,8,1,0
2024-03-09,Food Stall,Tandoori Chicken,Dinner,Sunny,7.0,23.97,32,0,0,4,0.125,5,3,1,10,1,8,1,2
2024-03-09,Food Stall,Teh Tarik,Dinner,Sunny,0.9,3.03,836,0,1,34,0.0407,5,3,1,10,1,9,1,2
2024-03-09,Food Stall,Teh Tarik,Lunch,Sunny,0.9,2.52,908,0,0,57,0.0628,5,3,1,10,1,9,2,2
2024-03-10,Food Stall,Cendol,Dinner,Cloudy,2.0,6.29,317,0,0,44,0.1388,6,3,1,10,1,1,1,0
2024-03-10,Food Stall,Cendol,Lunch,Rainy,2.0,6.19,191,0,0,30,0.1571,6,3,1,10,1,1,2,1
2024-03-10,Food Stall,Char Kway Teow,Lunch,Sunny,5.0,13.87,261,0,0,24,0.092,6,3,1,10,1,2,2,2
2024-03-10,Food Stall,Chicken Rice,Dinner,Cloudy,4.0,13.42,162,0,0,13,0.0802,6,3,1,10,1,3,1,0
2024-03-10,Food Stall,Chicken Rice,Lunch,Sunny,4.0,16.01,164,0,0,11,0.0671,6,3,1,10,1,3,2,2
2024-03-10,Food Stall,Kaya Toast Set,Breakfast,Rainy,2.8,5.98,716,1,0,18,0.0251,6,3,1,10,1,4,0,1
2024-03-10,Food Stall,Nasi Lemak,Breakfast,Sunny,2.5,8.2,279,0,0,23,0.0824,6,3,1,10,1,6,0,2
2024-03-10,Food Stall,Roti Canai,Breakfast,Sunny,0.8,2.16,1201,0,0,82,0.0683,6,3,1,10,1,7,0,2
2024-03-10,Food Stall,Tandoori Chicken,Dinner,Sunny,7.0,28.78,210,0,0,18,0.0857,6,3,1,10,1,8,1,2
2024-03-11,Food Stall,Beef Rendang,Dinner,Cloudy,9.0,40.46,101,0,0,10,0.099,0,3,1,11,0,0,1,0
2024-03-11,Food Stall,Cendol,Dinner,Sunny,2.0,6.88,105,0,0,14,0.1333,0,3,1,11,0,1,1,2
2024-03-11,Food Stall,Cendol,Lunch,Sunny,2.0,6.68,336,0,0,37,0.1101,0,3,1,11,0,1,2,2
2024-03-11,Food Stall,Laksa,Lunch,Sunny,4.5,12.06,258,0,0,25,0.0969,0,3,1,11,0,5,2,2
2024-03-11,Food Stall,Nasi Lemak,Lunch,Sunny,2.5,7.35,312,0,0,21,0.0673,0,3,1,11,0,6,2,2
2024-03-11,Food Stall,Roti Canai,Dinner,Cloudy,0.8,2.7,347,0,0,24,0.0692,0,3,1,11,0,7,1,0
2024-03-11,Food Stall,Roti Canai,Dinner,Rainy,0.8,2.47,231,0,0,18,0.0779,0,3,1,11,0,7,1,1
2024-03-11,Food Stall,Tandoori Chicken,Dinner,Sunny,7.0,31.06,95,0,0,10,0.1053,0,3,1,11,0,8,1,2
2024-03-11,Food Stall,Teh Tarik,Breakfast,Cloudy,0.9,2.77,516,0,0,43,0.0833,0,3,1,11,0,9,0,0
2024-03-11,Food Stall,Teh Tarik,Breakfast,Rainy,0.9,2.82,383,0,0,34,0.0888,0,3,1,11,0,9,0,1
2024-03-11,Food Stall,Teh Tarik,Lunch,Sunny,0.9,2.65,253,0,0,19,0.0751,0,3,1,11,0,9,2,2
2024-03-12,Food Stall,Beef Rendang,Dinner,Cloudy,9.0,27.4,200,0,0,15,0.075,1,3,1,11,0,0,1,0
2024-03-12,Food Stall,Cendol,Dinner,Rainy,2.0,7.43,223,0,0,37,0.1659,1,3,1,11,0,1,1,1
2024-03-12,Food Stall,Cendol,Lunch,Sunny,2.0,8.07,300,0,0,37,0.1233,1,3,1,11,0,1,2,2
2024-03-12,Food Stall,Char Kway Teow,Dinner,Sunny,5.0,20.36,104,0,0,9,0.0865,1,3,1,11,0,2,1,2
2024-03-12,Food Stall,Kaya Toast Set,Breakfast,Cloudy,2.8,8.45,306,0,0,11,0.0359,1,3,1,11,0,4,0,0
2024-03-12,Food Stall,Kaya Toast Set,Breakfast,Rainy,2.8,8.22,632,0,0,30,0.0475,1,3,1,11,0,4,0,1
2024-03-12,Food Stall,Kaya Toast Set,Breakfast,Sunny,2.8,9.98,616,0,0,27,0.0438,1,3,1,11,0,4,0,2
2024-03-12,Food Stall,Roti Canai,Breakfast,Cloudy,0.8,2.71,455,0,0,23,0.0505,1,3,1,11,0,7,0,0
2024-03-12,Food Stall,Roti Canai,Dinner,Rainy,0.8,2.56,646,1,0,45,0.0697,1,3,1,11,0,7,1,1
2024-03-12,Food Stall,Roti Canai,Dinner,Sunny,0.8,2.0,484,1,0,21,0.0434,1,3,1,11,0,7,1,2
2024-03-12,Food Stall,Tandoori Chicken,Dinner,Cloudy,7.0,21.12,191,0,0,23,0.1204,1,3,1,11,0,8,1,0
2024-03-12,Food Stall,Tandoori Chicken,Dinner,Rainy,7.0,27.72,177,0,0,25,0.1412,1,3,1,11,0,8,1,1
2024-03-12,Food Stall,Tandoori Chicken,Dinner,Sunny,7.0,29.8,118,0,0,10,0.0847,1,3,1,11,0,8,1,2
2024-03-12,Food Stall,Teh Tarik,Lunch,Sunny,0.9,2.38,1356,1,0,104,0.0767,1,3,1,11,0,9,2,2
2024-03-13,Food Stall,Cendol,Lunch,Rainy,2.0,4.76,345,1,0,46,0.1333,2,3,1,11,0,1,2,1
2024-03-13,Food Stall,Chicken Rice,Lunch,Sunny,4.0,12.64,153,0,0,13,0.085,2,3,1,11,0,3,2,2
2024-03-13,Food Stall,Kaya Toast Set,Breakfast,Cloudy,2.8,8.56,284,0,0,7,0.0246,2,3,1,11,0,4,0,0
2024-03-13,Food Stall,Laksa,Lunch,Cloudy,4.5,12.82,259,0,0,30,0.1158,2,3,1,11,0,5,2,0
2024-03-13,Food Stall,Laksa,Lunch,Sunny,4.5,12.16,462,1,0,47,0.1017,2,3,1,11,0,5,2,2
2024-03-13,Food Stall,Nasi Lemak,Lunch,Rainy,2.5,4.63,397,1,0,34,0.0856,2,3,1,11,0,6,2,1
2024-03-13,Food Stall,Roti Canai,Breakfast,Rainy,0.8,1.75,622,1,0,36,0.0579,2,3,1,11,0,7,0,1
2024-03-13,Food Stall,Roti Canai,Dinner,Sunny,0.8,2.71,555,0,0,34,0.0613,2,3,1,11,0,7,1,2
2024-03-13,Food Stall,Tandoori Chicken,Dinner,Cloudy,7.0,21.88,382,0,0,33,0.0864,2,3,1,11,0,8,1,0
2024-03-13,Food Stall,Tandoori Chicken,Dinner,Rainy,7.0,24.6,205,0,0,26,0.1268,2,3,1,11,0,8,1,1
2024-03-13,Food Stall,Tandoori Chicken,Dinner,Sunny,7.0,27.69,209,0,0,20,0.0957,2,3,1,11,0,8,1,2
2024-03-13,Food Stall,Teh Tarik,Dinner,Sunny,0.9,2.91,380,0,0,21,0.0553,2,3,1,11,0,9,1,2
2024-03-14,Food Stall,Beef Rendang,Dinner,Sunny,9.0,27.64,141,0,0,11,0.078,3,3,1,11,0,0,1,2
2024-03-14,Food Stall,Cendol,Dinner,Cloudy,2.0,6.94,79,0,0,10,0.1266,3,3,1,11,0,1,1,0
2024-03-14,Food Stall,Cendol,Lunch,Rainy,2.0,7.97,97,0,0,15,0.1546,3,3,1,11,0,1,2,1
2024-03-14,Food Stall,Cendol,Lunch,Sunny,2.0,7.01,115,0,0,12,0.1043,3,3,1,11,0,1,2,2
2024-03-14,Food Stall,Chicken Rice,Dinner,Cloudy,4.0,13.27,242,0,0,13,0.0537,3,3,1,11,0,3,1,0
2024-03-14,Food Stall,Chicken Rice,Dinner,Sunny,4.0,16.21,92,0,0,7,0.0761,3,3,1,11,0,3,1,2
2024-03-14,Food Stall,Kaya Toast Set,Breakfast,Sunny,2.8,7.85,1089,1,0,35,0.0321,3,3,1,11,0,4,0,2
2024-03-14,Food Stall,Nasi Lemak,Breakfast,Sunny,2.5,7.01,363,0,0,23,0.0634,3,3,1,11,0,6,0,2
2024-03-14,Food Stall,Nasi Lemak,Lunch,Cloudy,2.5,8.16,304,0,1,24,0.0789,3,3,1,11,0,6,2,0
2024-03-14,Food Stall,Nasi Lemak,Lunch,Sunny,2.5,9.87,194,0,0,12,0.0619,3,3,1,11,0,6,2,2
2024-03-14,Food Stall,Roti Canai,Breakfast,Cloudy,0.8,2.6,302,0,0,17,0.0563,3,3,1,11,0,7,0,0
2024-03-14,Food Stall,Roti Canai,Breakfast,Sunny,0.8,2.81,333,0,0,23,0.0691,3,3,1,11,0,7,0,2
2024-03-14,Food Stall,Roti Canai,Dinner,Cloudy,0.8,2.19,261,0,0,10,0.0383,3,3,1,11,0,7,1,0
2024-03-14,Food Stall,Tandoori Chicken,Dinner,Cloudy,7.0,31.72,87,0,0,7,0.0805,3,3,1,11,0,8,1,0
2024-03-14,Food Stall,Tandoori Chicken,Dinner,Rainy,7.0,23.35,161,0,0,18,0.1118,3,3,1,11,0,8,1,1
2024-03-14,Food Stall,Tandoori Chicken,Dinner,Sunny,7.0,18.41,300,1,0,23,0.0767,3,3,1,11,0,8,1,2
2024-03-14,Food Stall,Teh Tarik,Dinner,Cloudy,0.9,2.47,271,0,0,15,0.0554,3,3,1,11,0,9,1,0
2024-03-15,Food Stall,Beef Rendang,Dinner,Rainy,9.0,37.21,72,0,0,7,0.0972,4,3,1,11,0,0,1,1
2024-03-15,Food Stall,Beef Rendang,Dinner,Sunny,9.0,28.32,208,1,0,19,0.0913,4,3,1,11,0,0,1,2
2024-03-15,Food Stall,Cendol,Dinner,Cloudy,2.0,9.07,42,0,0,5,0.119,4,3,1,11,0,1,1,0
2024-03-15,Food Stall,Cendol,Lunch,Sunny,2.0,8.6,75,0,0,8,0.1067,4,3,1,11,0,1,2,2
2024-03-15,Food Stall,Char Kway Teow,Lunch,Rainy,5.0,11.02,129,1,0,12,0.093,4,3,1,11,0,2,2,1
2024-03-15,Food Stall,Laksa,Lunch,Rainy,4.5,17.17,126,0,0,15,0.119,4,3,1,11,0,5,2,1
2024-03-15,Food Stall,Laksa,Lunch,Sunny,4.5,16.34,210,0,0,24,0.1143,4,3,1,11,0,5,2,2
2024-03-15,Food Stall,Tandoori Chicken,Dinner,Cloudy,7.0,22.85,75,1,0,7,0.0933,4,3,1,11,0,8,1,0
2024-03-15,Food Stall,Tandoori Chicken,Dinner,Rainy,7.0,23.81,247,0,0,34,0.1377,4,3,1,11,0,8,1,1
2024-03-15,Food Stall,Tandoori Chicken,Dinner,Sunny,7.0,29.8,63,0,0,5,0.0794,4,3,1,11,0,8,1,2
2024-03-15,Food Stall,Teh Tarik,Dinner,Sunny,0.9,2.31,420,0,0,28,0.0667,4,3,1,11,0,9,1,2
2024-03-16,Food Stall,Beef Rendang,Dinner,Sunny,9.0,31.61,94,0,0,7,0.0745,5,3,1,11,1,0,1,2
2024-03-16,Food Stall,Beef Rendang,Lunch,Cloudy,9.0,22.74,239,1,1,12,0.0502,5,3,1,11,1,0,2,0
2024-03-16,Food Stall,Beef Rendang,Lunch,Rainy,9.0,31.99,11,0,0,1,0.0909,5,3,1,11,1,0,2,1
2024-03-16,Food Stall,Cendol,Dinner,Sunny,2.0,6.22,242,0,0,29,0.1198,5,3,1,11,1,1,1,2
2024-03-16,Food Stall,Kaya Toast Set,Breakfast,Cloudy,2.8,8.62,1252,0,0,44,0.0351,5,3,1,11,1,4,0,0
2024-03-16,Food Stall,Laksa,Lunch,Cloudy,4.5,13.27,351,0,0,34,0.0969,5,3,1,11,1,5,2,0
2024-03-16,Food Stall,Nasi Lemak,Breakfast,Sunny,2.5,5.57,599,1,0,40,0.0668,5,3,1,11,1,6,0,2
2024-03-16,Food Stall,Roti Canai,Breakfast,Cloudy,0.8,2.28,1166,0,0,72,0.0617,5,3,1,11,1,7,0,0
2024-03-16,Food Stall,Roti Canai,Breakfast,Sunny,0.8,2.65,640,0,1,34,0.0531,5,3,1,11,1,7,0,2
2024-03-16,Food Stall,Tandoori Chicken,Dinner,Cloudy,7.0,28.15,100,0,0,12,0.12,5,3,1,11,1,8,1,0
2024-03-16,Food Stall,Teh Tarik,Breakfast,Sunny,0.9,2.52,870,0,0,71,0.0816,5,3,1,11,1,9,0,2
2024-03-16,Food Stall,Teh Tarik,Dinner,Cloudy,0.9,2.66,514,0,0,32,0.0623,5,3,1,11,1,9,1,0
2024-03-16,Food Stall,Teh Tarik,Dinner,Sunny,0.9,2.19,1880,1,0,126,0.067,5,3,1,11,1,9,1,2
2024-03-16,Food Stall,Teh Tarik,Lunch,Sunny,0.9,2.87,1131,0,0,76,0.0672,5,3,1,11,1,9,2,2
2024-03-17,Food Stall,Beef Rendang,Lunch,Sunny,9.0,23.65,295,1,0,18,0.061,6,3,1,11,1,0,2,2
2024-03-17,Food Stall,Cendol,Lunch,Rainy,2.0,7.29,109,0,0,14,0.1284,6,3,1,11,1,1,2,1
2024-03-17,Food Stall,Cendol,Lunch,Sunny,2.0,7.13,68,0,0,9,0.1324,6,3,1,11,1,1,2,2
2024-03-17,Food Stall,Char Kway Teow,Dinner,Sunny,5.0,19.07,217,0,0,22,0.1014,6,3,1,11,1,2,1,2
2024-03-17,Food Stall,Chicken Rice,Lunch,Rainy,4.0,11.39,256,0,0,21,0.082,6,3,1,11,1,3,2,1
2024-03-17,Food Stall,Chicken Rice,Lunch,Sunny,4.0,15.98,224,0,0,14,0.0625,6,3,1,11,1,3,2,2
2024-03-17,Food Stall,Kaya Toast Set,Breakfast,Cloudy,2.8,5.46,933,1,0,26,0.0279,6,3,1,11,1,4,0,0
2024-03-17,Food Stall,Kaya Toast Set,Breakfast,Sunny,2.8,9.03,1015,0,0,52,0.0512,6,3,1,11,1,4,0,2
2024-03-17,Food Stall,Laksa,Lunch,Sunny,4.5,17.65,178,0,0,19,0.1067,6,3,1,11,1,5,2,2
2024-03-17,Food Stall,Roti Canai,Dinner,Rainy,0.8,2.5,263,0,0,13,0.0494,6,3,1,11,1,7,1,1
2024-03-17,Food Stall,Tandoori Chicken,Dinner,Cloudy,7.0,24.76,176,0,0,15,0.0852,6,3,1,11,1,8,1,0
2024-03-17,Food Stall,Tandoori Chicken,Dinner,Sunny,7.0,22.56,152,0,0,13,0.0855,6,3,1,11,1,8,1,2
2024-03-17,Food Stall,Teh Tarik,Breakfast,Cloudy,0.9,2.39,1746,1,0,115,0.0659,6,3,1,11,1,9,0,0
2024-03-17,Food Stall,Teh Tarik,Breakfast,Sunny,0.9,2.58,774,0,0,62,0.0801,6,3,1,11,1,9,0,2
2024-03-17,Food Stall,Teh Tarik,Dinner,Sunny,0.9,2.77,626,0,0,38,0.0607,6,3,1,11,1,9,1,2
2024-03-18,Food Stall,Beef Rendang,Dinner,Rainy,9.0,29.08,228,0,0,27,0.1184,0,3,1,12,0,0,1,1
2024-03-18,Food Stall,Cendol,Lunch,Cloudy,2.0,6.48,199,0,0,24,0.1206,0,3,1,12,0,1,2,0
2024-03-18,Food Stall,Kaya Toast Set,Breakfast,Cloudy,2.8,9.9,294,0,0,6,0.0204,0,3,1,12,0,4,0,0
2024-03-18,Food Stall,Laksa,Lunch,Sunny,4.5,9.73,318,1,0,33,0.1038,0,3,1,12,0,5,2,2
2024-03-18,Food Stall,Roti Canai,Dinner,Cloudy,0.8,2.14,1215,1,1,53,0.0436,0,3,1,12,0,7,1,0
2024-03-18,Food Stall,Teh Tarik,Dinner,Sunny,0.9,2.45,471,0,0,29,0.0616,0,3,1,12,0,9,1,2
2024-03-19,Food Stall,Beef Rendang,Lunch,Cloudy,9.0,40.62,113,0,0,10,0.0885,1,3,1,12,0,0,2,0
2024-03-19,Food Stall,Cendol,Lunch,Cloudy,2.0,5.54,251,0,0,30,0.1195,1,3,1,12,0,1,2,0
2024-03-19,Food Stall,Cendol,Lunch,Sunny,2.0,7.8,215,0,0,27,0.1256,1,3,1,12,0,1,2,2
2024-03-19,Food Stall,Char Kway Teow,Dinner,Rainy,5.0,16.31,222,0,0,29,0.1306,1,3,1,12,0,2,1,1
2024-03-19,Food Stall,Laksa,Lunch,Sunny,4.5,16.3,266,0,0,24,0.0902,1,3,1,12,0,5,2,2
2024-03-19,Food Stall,Roti Canai,Breakfast,Rainy,0.8,2.27,275,0,0,13,0.0473,1,3,1,12,0,7,0,1
2024-03-19,Food Stall,Roti Canai,Dinner,Sunny,0.8,2.38,666,0,0,25,0.0375,1,3,1,12,0,7,1,2
2024-03-20,Food Stall,Beef Rendang,Dinner,Sunny,9.0,32.76,56,1,0,5,0.0893,2,3,1,12,0,0,1,2
2024-03-20,Food Stall,Beef Rendang,Lunch,Sunny,9.0,38.56,60,0,0,6,0.1,2,3,1,12,0,0,2,2
2024-03-20,Food Stall,Cendol,Dinner,Sunny,2.0,5.31,189,1,0,20,0.1058,2,3,1,12,0,1,1,2
2024-03-20,Food Stall,Cendol,Lunch,Rainy,2.0,9.16,99,0,0,14,0.1414,2,3,1,12,0,1,2,1
2024-03-20,Food Stall,Char Kway Teow,Dinner,Cloudy,5.0,17.85,47,0,0,4,0.0851,2,3,1,12,0,2,1,0
2024-03-20,Food Stall,Char Kway Teow,Lunch,Sunny,5.0,18.22,135,0,0,15,0.1111,2,3,1,12,0,2,2,2
2024-03-20,Food Stall,Kaya Toast Set,Breakfast,Cloudy,2.8,8.12,299,0,0,17,0.0569,2,3,1,12,0,4,0,0
2024-03-20,Food Stall,Roti Canai,Dinner,Cloudy,0.8,3.31,84,0,0,3,0.0357,2,3,1,12,0,7,1,0
2024-03-20,Food Stall,Tandoori Chicken,Dinner,Rainy,7.0,23.87,132,0,0,15,0.1136,2,3,1,12,0,8,1,1
2024-03-20,Food Stall,Tandoori Chicken,Dinner,Sunny,7.0,20.68,242,1,0,17,0.0702,2,3,1,12,0,8,1,2
2024-03-20,Food Stall,Teh Tarik,Breakfast,Cloudy,0.9,2.03,885,1,0,61,0.0689,2,3,1,12,0,9,0,0
2024-03-20,Food Stall,Teh Tarik,Dinner,Sunny,0.9,2.94,397,0,0,33,0.0831,2,3,1,12,0,9,1,2
2024-03-20,Food Stall,Teh Tarik,Lunch,Rainy,0.9,2.61,554,0,0,42,0.0758,2,3,1,12,0,9,2,1
2024-03-20,Food Stall,Teh Tarik,Lunch,Sunny,0.9,2.26,1294,1,0,77,0.0595,2,3,1,12,0,9,2,2
2024-03-21,Food Stall,Chicken Rice,Dinner,Rainy,4.0,13.02,139,0,0,13,0.0935,3,3,1,12,0,3,1,1
2024-03-21,Food Stall,Kaya Toast Set,Breakfast,Cloudy,2.8,8.26,468,0,0,26,0.0556,3,3,1,12,0,4,0,0
2024-03-21,Food Stall,Kaya Toast Set,Breakfast,Rainy,2.8,9.68,360,0,1,15,0.0417,3,3,1,12,0,4,0,1
2024-03-21,Food Stall,Laksa,Lunch,Cloudy,4.5,16.13,30,0,0,3,0.1,3,3,1,12,0,5,2,0
2024-03-21,Food Stall,Nasi Lemak,Lunch,Rainy,2.5,8.87,79,0,0,7,0.0886,3,3,1,12,0,6,2,1
2024-03-21,Food Stall,Roti Canai,Breakfast,Sunny,0.8,2.21,326,0,0,16,0.0491,3,3,1,12,0,7,0,2
2024-03-21,Food Stall,Roti Canai,Dinner,Rainy,0.8,2.67,204,0,0,9,0.0441,3,3,1,12,0,7,1,1
2024-03-21,Food Stall,Tandoori Chicken,Dinner,Sunny,7.0,22.49,369,1,0,28,0.0759,3,3,1,12,0,8,1,2
2024-03-21,Food Stall,Teh Tarik,Breakfast,Cloudy,0.9,2.28,585,0,0,46,0.0786,3,3,1,12,0,9,0,0
2024-03-21,Food Stall,Teh Tarik,Breakfast,Sunny,0.9,2.22,1681,1,0,133,0.0791,3,3,1,12,0,9,0,2
2024-03-22,Food Stall,Cendol,Lunch,Cloudy,2.0,6.98,282,0,0,39,0.1383,4,3,1,12,0,1,2,0
2024-03-22,Food Stall,Kaya Toast Set,Breakfast,Sunny,2.8,8.79,476,0,0,17,0.0357,4,3,1,12,0,4,0,2
2024-03-22,Food Stall,Laksa,Lunch,Cloudy,4.5,16.19,269,0,0,25,0.0929,4,3,1,12,0,5,2,0
2024-03-22,Food Stall,Roti Canai,Dinner,Rainy,0.8,2.16,379,0,0,18,0.0475,4,3,1,12,0,7,1,1
2024-03-22,Food Stall,Roti Canai,Dinner,Sunny,0.8,2.49,168,0,0,7,0.0417,4,3,1,12,0,7,1,2
2024-03-23,Food Stall,Beef Rendang,Lunch,Cloudy,9.0,28.84,198,0,0,15,0.0758,5,3,1,12,1,0,2,0
2024-03-23,Food Stall,Cendol,Lunch,Cloudy,2.0,5.42,331,0,0,41,0.1239,5,3,1,12,1,1,2,0
2024-03-23,Food Stall,Laksa,Lunch,Rainy,4.5,11.77,518,0,1,48,0.0927,5,3,1,12,1,5,2,1
2024-03-23,Food Stall,Roti Canai,Breakfast,Cloudy,0.8,2.24,905,1,0,44,0.0486,5,3,1,12,1,7,0,0
2024-03-23,Food Stall,Roti Canai,Dinner,Rainy,0.8,1.96,807,1,0,29,0.0359,5,3,1,12,1,7,1,1
2024-03-23,Food Stall,Roti Canai,Dinner,Sunny,0.8,2.58,872,0,0,46,0.0528,5,3,1,12,1,7,1,2
2024-03-23,Food Stall,Tandoori Chicken,Dinner,Sunny,7.0,31.43,80,0,0,8,0.1,5,3,1,12,1,8,1,2
2024-03-23,Food Stall,Teh Tarik,Lunch,Sunny,0.9,3.03,503,0,0,36,0.0716,5,3,1,12,1,9,2,2
2024-03-24,Food Stall,Beef Rendang,Lunch,Sunny,9.0,28.11,58,1,0,4,0.069,6,3,1,12,1,0,2,2
2024-03-24,Food Stall,Cendol,Dinner,Cloudy,2.0,6.78,468,0,0,61,0.1303,6,3,1,12,1,1,1,0
2024-03-24,Food Stall,Cendol,Lunch,Cloudy,2.0,6.21,293,0,0,38,0.1297,6,3,1,12,1,1,2,0
2024-03-24,Food Stall,Kaya Toast Set,Breakfast,Cloudy,2.8,9.01,607,0,1,25,0.0412,6,3,1,12,1,4,0,0
2024-03-24,Food Stall,Kaya Toast Set,Breakfast,Sunny,2.8,7.33,587,0,0,24,0.0409,6,3,1,12,1,4,0,2
2024-03-24,Food Stall,Tandoori Chicken,Dinner,Cloudy,7.0,25.97,172,0,0,17,0.0988,6,3,1,12,1,8,1,0
2024-03-24,Food Stall,Tandoori Chicken,Dinner,Sunny,7.0,23.67,278,1,0,20,0.0719,6,3,1,12,1,8,1,2
2024-03-24,Food Stall,Teh Tarik,Breakfast,Sunny,0.9,2.91,596,0,0,38,0.0638,6,3,1,12,1,9,0,2
2024-03-24,Food Stall,Teh Tarik,Dinner,Cloudy,0.9,2.29,653,0,0,44,0.0674,6,3,1,12,1,9,1,0
2024-03-25,Food Stall,Beef Rendang,Dinner,Sunny,9.0,34.42,155,0,0,12,0.0774,0,3,1,13,0,0,1,2
2024-03-25,Food Stall,Char Kway Teow,Lunch,Cloudy,5.0,16.34,152,0,0,13,0.0855,0,3,1,13,0,2,2,0
2024-03-25,Food Stall,Chicken Rice,Dinner,Sunny,4.0,13.19,155,0,0,13,0.0839,0,3,1,13,0,3,1,2
2024-03-25,Food Stall,Kaya Toast Set,Breakfast,Sunny,2.8,6.57,588,1,0,17,0.0289,0,3,1,13,0,4,0,2
2024-03-25,Food Stall,Laksa,Lunch,Cloudy,4.5,13.34,305,0,0,31,0.1016,0,3,1,13,0,5,2,0
2024-03-25,Food Stall,Laksa,Lunch,Sunny,4.5,15.6,294,0,0,30,0.102,0,3,1,13,0,5,2,2
2024-03-25,Food Stall,Nasi Lemak,Breakfast,Sunny,2.5,7.6,387,0,0,26,0.0672,0,3,1,13,0,6,0,2
2024-03-25,Food Stall,Roti Canai,Breakfast,Cloudy,0.8,2.46,745,0,0,33,0.0443,0,3,1,13,0,7,0,0
2024-03-25,Food Stall,Roti Canai,Breakfast,Sunny,0.8,2.62,381,0,0,17,0.0446,0,3,1,13,0,7,0,2
2024-03-25,Food Stall,Tandoori Chicken,Dinner,Cloudy,7.0,25.19,270,0,0,22,0.0815,0,3,1,13,0,8,1,0
2024-03-25,Food Stall,Tandoori Chicken,Dinner,Sunny,7.0,25.04,376,0,0,30,0.0798,0,3,1,13,0,8,1,2
2024-03-25,Food Stall,Teh Tarik,Lunch,Sunny,0.9,2.27,856,1,0,62,0.0724,0,3,1,13,0,9,2,2
2024-03-26,Food Stall,Beef Rendang,Lunch,Sunny,9.0,25.83,206,1,0,16,0.0777,1,3,1,13,0,0,2,2
2024-03-26,Food Stall,Cendol,Lunch,Rainy,2.0,6.92,299,0,0,40,0.1338,1,3,1,13,0,1,2,1
2024-03-26,Food Stall,Cendol,Lunch,Sunny,2.0,7.9,78,0,0,8,0.1026,1,3,1,13,0,1,2,2
2024-03-26,Food Stall,Char Kway Teow,Lunch,Sunny,5.0,11.95,340,1,0,29,0.0853,1,3,1,13,0,2,2,2
2024-03-26,Food Stall,Chicken Rice,Dinner,Cloudy,4.0,16.77,96,0,0,7,0.0729,1,3,1,13,0,3,1,0
2024-03-26,Food Stall,Kaya Toast Set,Breakfast,Cloudy,2.8,10.96,213,0,0,8,0.0376,1,3,1,13,0,4,0,0
2024-03-26,Food Stall,Kaya Toast Set,Breakfast,Sunny,2.8,8.63,694,0,0,34,0.049,1,3,1,13,0,4,0,2
2024-03-26,Food Stall,Nasi Lemak,Breakfast,Sunny,2.5,9.46,128,0,0,12,0.0938,1,3,1,13,0,6,0,2
2024-03-26,Food Stall,Nasi Lemak,Lunch,Cloudy,2.5,9.41,215,0,0,14,0.0651,1,3,1,13,0,6,2,0
2024-03-26,Food Stall,Teh Tarik,Dinner,Rainy,0.9,2.76,380,0,0,35,0.0921,1,3,1,13,0,9,1,1
2024-03-27,Food Stall,Chicken Rice,Lunch,Rainy,4.0,14.82,210,0,0,18,0.0857,2,3,1,13,0,3,2,1
2024-03-27,Food Stall,Kaya Toast Set,Breakfast,Rainy,2.8,10.54,193,0,0,6,0.0311,2,3,1,13,0,4,0,1
2024-03-27,Food Stall,Tandoori Chicken,Dinner,Cloudy,7.0,26.78,191,0,0,16,0.0838,2,3,1,13,0,8,1,0
2024-03-27,Food Stall,Tandoori Chicken,Dinner,Rainy,7.0,21.47,174,0,0,25,0.1437,2,3,1,13,0,8,1,1
2024-03-27,Food Stall,Teh Tarik,Dinner,Cloudy,0.9,3.56,239,0,0,13,0.0544,2,3,1,13,0,9,1,0
2024-03-27,Food Stall,Teh Tarik,Dinner,Sunny,0.9,3.09,191,0,0,14,0.0733,2,3,1,13,0,9,1,2
2024-03-27,Food Stall,Teh Tarik,Lunch,Sunny,0.9,1.81,976,1,0,55,0.0564,2,3,1,13,0,9,2,2
2024-03-28,Food Stall,Beef Rendang,Dinner,Sunny,9.0,25.1,189,1,0,12,0.0635,3,3,1,13,0,0,1,2
2024-03-28,Food Stall,Cendol,Dinner,Sunny,2.0,6.99,202,0,0,25,0.1238,3,3,1,13,0,1,1,2
2024-03-28,Food Stall,Chicken Rice,Dinner,Sunny,4.0,14.83,226,0,0,15,0.0664,3,3,1,13,0,3,1,2
2024-03-28,Food Stall,Nasi Lemak,Lunch,Cloudy,2.5,8.07,262,0,0,26,0.0992,3,3,1,13,0,6,2,0
2024-03-28,Food Stall,Roti Canai,Dinner,Sunny,0.8,2.42,301,0,0,16,0.0532,3,3,1,13,0,7,1,2
2024-03-28,Food Stall,Teh Tarik,Lunch,Sunny,0.9,2.85,633,0,0,40,0.0632,3,3,1,13,0,9,2,2
2024-03-29,Food Stall,Beef Rendang,Lunch,Sunny,9.0,39.73,95,0,0,9,0.0947,4,3,1,13,0,0,2,2
2024-03-29,Food Stall,Char Kway Teow,Dinner,Sunny,5.0,15.58,197,0,0,14,0.0711,4,3,1,13,0,2,1,2
2024-03-29,Food Stall,Chicken Rice,Dinner,Cloudy,4.0,12.71,269,0,0,18,0.0669,4,3,1,13,0,3,1,0
2024-03-29,Food Stall,Kaya Toast Set,Breakfast,Cloudy,2.8,8.25,291,0,0,11,0.0378,4,3,1,13,0,4,0,0
2024-03-29,Food Stall,Kaya Toast Set,Breakfast,Sunny,2.8,8.32,405,0,0,11,0.0272,4,3,1,13,0,4,0,2
2024-03-29,Food Stall,Laksa,Lunch,Sunny,4.5,15.58,200,0,1,19,0.095,4,3,1,13,0,5,2,2
2024-03-29,Food Stall,Tandoori Chicken,Dinner,Cloudy,7.0,25.45,182,0,0,21,0.1154,4,3,1,13,0,8,1,0
2024-03-29,Food Stall,Tandoori Chicken,Dinner,Rainy,7.0,18.58,108,1,0,12,0.1111,4,3,1,13,0,8,1,1
2024-03-29,Food Stall,Tandoori Chicken,Dinner,Sunny,7.0,22.19,119,1,0,10,0.084,4,3,1,13,0,8,1,2
2024-03-29,Food Stall,Teh Tarik,Breakfast,Sunny,0.9,2.36,626,0,0,42,0.0671,4,3,1,13,0,9,0,2
2024-03-29,Food Stall,Teh Tarik,Lunch,Cloudy,0.9,3.1,313,0,0,24,0.0767,4,3,1,13,0,9,2,0
2024-03-30,Food Stall,Cendol,Dinner,Rainy,2.0,4.6,411,1,0,53,0.129,5,3,1,13,1,1,1,1
2024-03-30,Food Stall,Char Kway Teow,Dinner,Cloudy,5.0,21.99,89,0,0,7,0.0787,5,3,1,13,1,2,1,0
2024-03-30,Food Stall,Kaya Toast Set,Breakfast,Cloudy,2.8,6.03,1260,1,0,62,0.0492,5,3,1,13,1,4,0,0
2024-03-30,Food Stall,Kaya Toast Set,Breakfast,Rainy,2.8,6.42,933,1,0,54,0.0579,5,3,1,13,1,4,0,1
2024-03-30,Food Stall,Kaya Toast Set,Breakfast,Sunny,2.8,7.28,1021,0,0,56,0.0548,5,3,1,13,1,4,0,2
2024-03-30,Food Stall,Roti Canai,Breakfast,Rainy,0.8,2.72,358,0,0,19,0.0531,5,3,1,13,1,7,0,1
2024-03-30,Food Stall,Roti Canai,Breakfast,Sunny,0.8,2.37,1193,0,0,57,0.0478,5,3,1,13,1,7,0,2
2024-03-30,Food Stall,Roti Canai,Dinner,Sunny,0.8,2.66,666,0,0,46,0.0691,5,3,1,13,1,7,1,2
2024-03-30,Food Stall,Tandoori Chicken,Dinner,Cloudy,7.0,27.99,22,0,0,2,0.0909,5,3,1,13,1,8,1,0
2024-03-30,Food Stall,Tandoori Chicken,Dinner,Sunny,7.0,24.47,343,0,0,28,0.0816,5,3,1,13,1,8,1,2
2024-03-30,Food Stall,Teh Tarik,Breakfast,Cloudy,0.9,2.91,388,0,0,20,0.0515,5,3,1,13,1,9,0,0
2024-03-30,Food Stall,Teh Tarik,Dinner,Cloudy,0.9,2.77,527,0,0,36,0.0683,5,3,1,13,1,9,1,0
2024-03-30,Food Stall,Teh Tarik,Dinner,Sunny,0.9,2.93,458,0,0,40,0.0873,5,3,1,13,1,9,1,2
2024-03-31,Food Stall,Cendol,Dinner,Cloudy,2.0,7.82,198,0,0,26,0.1313,6,3,1,13,1,1,1,0
2024-03-31,Food Stall,Cendol,Lunch,Sunny,2.0,4.69,599,1,0,63,0.1052,6,3,1,13,1,1,2,2
2024-03-31,Food Stall,Kaya Toast Set,Breakfast,Cloudy,2.8,7.23,544,0,0,25,0.046,6,3,1,13,1,4,0,0
2024-03-31,Food Stall,Nasi Lemak,Breakfast,Sunny,2.5,7.78,429,0,0,39,0.0909,6,3,1,13,1,6,0,2
2024-03-31,Food Stall,Nasi Lemak,Lunch,Cloudy,2.5,8.86,313,0,0,24,0.0767,6,3,1,13,1,6,2,0
2024-03-31,Food Stall,Tandoori Chicken,Dinner,Rainy,7.0,30.9,7,0,0,1,0.1429,6,3,1,13,1,8,1,1
2024-03-31,Food Stall,Tandoori Chicken,Dinner,Sunny,7.0,24.69,150,0,0,15,0.1,6,3,1,13,1,8,1,2
2024-03-31,Food Stall,Teh Tarik,Dinner,Sunny,0.9,2.69,632,0,0,36,0.057,6,3,1,13,1,9,1,2
2024-04-01,Food Stall,Cendol,Lunch,Cloudy,2.0,7.22,399,0,0,50,0.1253,0,4,2,14,0,1,2,0
2024-04-01,Food Stall,Chicken Rice,Lunch,Rainy,4.0,12.45,279,0,0,21,0.0753,0,4,2,14,0,3,2,1
2024-04-01,Food Stall,Kaya Toast Set,Breakfast,Cloudy,2.8,9.9,367,0,0,14,0.0381,0,4,2,14,0,4,0,0
2024-04-01,Food Stall,Kaya Toast Set,Breakfast,Sunny,2.8,7.95,319,0,0,14,0.0439,0,4,2,14,0,4,0,2
2024-04-01,Food Stall,Nasi Lemak,Lunch,Sunny,2.5,8.77,278,0,0,18,0.0647,0,4,2,14,0,6,2,2
2024-04-01,Food Stall,Roti Canai,Breakfast,Cloudy,0.8,2.06,412,0,0,27,0.0655,0,4,2,14,0,7,0,0
2024-04-01,Food Stall,Tandoori Chicken,Dinner,Sunny,7.0,21.68,191,0,0,21,0.1099,0,4,2,14,0,8,1,2
2024-04-01,Food Stall,Teh Tarik,Lunch,Rainy,0.9,3.07,399,0,0,35,0.0877,0,4,2,14,0,9,2,1
2024-04-01,Food Stall,Teh Tarik,Lunch,Sunny,0.9,2.55,1081,0,0,96,0.0888,0,4,2,14,0,9,2,2
2024-04-02,Food Stall,Beef Rendang,Dinner,Rainy,9.0,30.14,212,0,0,26,0.1226,1,4,2,14,0,0,1,1
2024-04-02,Food Stall,Cendol,Dinner,Cloudy,2.0,4.46,487,1,0,46,0.0945,1,4,2,14,0,1,1,0
2024-04-02,Food Stall,Char Kway Teow,Dinner,Rainy,5.0,21.63,9,0,0,1,0.1111,1,4,2,14,0,2,1,1
2024-04-02,Food Stall,Chicken Rice,Dinner,Sunny,4.0,15.83,69,0,0,6,0.087,1,4,2,14,0,3,1,2
2024-04-02,Food Stall,Kaya Toast Set,Breakfast,Sunny,2.8,8.75,807,0,0,31,0.0384,1,4,2,14,0,4,0,2
2024-04-02,Food Stall,Nasi Lemak,Breakfast,Sunny,2.5,7.0,404,0,0,30,0.0743,1,4,2,14,0,6,0,2
2024-04-02,Food Stall,Nasi Lemak,Lunch,Sunny,2.5,7.91,200,0,0,16,0.08,1,4,2,14,0,6,2,2
2024-04-02,Food Stall,Roti Canai,Breakfast,Sunny,0.8,1.76,852,1,0,47,0.0552,1,4,2,14,0,7,0,2
2024-04-02,Food Stall,Roti Canai,Dinner,Rainy,0.8,3.57,124,0,0,7,0.0565,1,4,2,14,0,7,1,1
2024-04-02,Food Stall,Tandoori Chicken,Dinner,Cloudy,7.0,22.22,145,0,0,13,0.0897,1,4,2,14,0,8,1,0
2024-04-02,Food Stall,Tandoori Chicken,Dinner,Rainy,7.0,31.97,113,0,0,15,0.1327,1,4,2,14,0,8,1,1
2024-04-02,Food Stall,Teh Tarik,Lunch,Sunny,0.9,2.43,1159,1,0,84,0.0725,1,4,2,14,0,9,2,2
2024-04-03,Food Stall,Beef Rendang,Lunch,Sunny,9.0,34.48,91,0,0,7,0.0769,2,4,2,14,0,0,2,2
2024-04-03,Food Stall,Cendol,Dinner,Sunny,2.0,7.15,317,0,0,42,0.1325,2,4,2,14,0,1,1,2
2024-04-03,Food Stall,Cendol,Lunch,Cloudy,2.0,5.6,311,0,0,35,0.1125,2,4,2,14,0,1,2,0
2024-04-03,Food Stall,Kaya Toast Set,Breakfast,Rainy,2.8,9.77,364,0,0,20,0.0549,2,4,2,14,0,4,0,1
2024-04-03,Food Stall,Laksa,Lunch,Sunny,4.5,15.23,635,0,0,68,0.1071,2,4,2,14,0,5,2,2
2024-04-03,Food Stall,Roti Canai,Dinner,Cloudy,0.8,2.77,149,0,0,8,0.0537,2,4,2,14,0,7,1,0
2024-04-03,Food Stall,Tandoori Chicken,Dinner,Sunny,7.0,28.75,163,0,0,15,0.092,2,4,2,14,0,8,1,2
2024-04-03,Food Stall,Teh Tarik,Breakfast,Rainy,0.9,1.81,556,1,0,35,0.0629,2,4,2,14,0,9,0,1
2024-04-03,Food Stall,Teh Tarik,Dinner,Cloudy,0.9,2.88,156,0,0,8,0.0513,2,4,2,14,0,9,1,0
2024-04-04,Food Stall,Char Kway Teow,Lunch,Sunny,5.0,17.68,115,0,0,11,0.0957,3,4,2,14,0,2,2,2
2024-04-04,Food Stall,Chicken Rice,Dinner,Sunny,4.0,9.41,405,1,0,18,0.0444,3,4,2,14,0,3,1,2
2024-04-04,Food Stall,Kaya Toast Set,Breakfast,Cloudy,2.8,8.42,258,0,0,10,0.0388,3,4,2,14,0,4,0,0
2024-04-04,Food Stall,Kaya Toast Set,Breakfast,Sunny,2.8,9.76,299,0,0,11,0.0368,3,4,2,14,0,4,0,2
2024-04-04,Food Stall,Roti Canai,Breakfast,Sunny,0.8,2.28,542,0,0,35,0.0646,3,4,2,14,0,7,0,2
2024-04-04,Food Stall,Teh Tarik,Breakfast,Cloudy,0.9,2.97,440,0,0,32,0.0727,3,4,2,14,0,9,0,0
2024-04-04,Food Stall,Teh Tarik,Breakfast,Sunny,0.9,2.11,1352,1,0,74,0.0547,3,4,2,14,0,9,0,2
2024-04-04,Food Stall,Teh Tarik,Dinner,Cloudy,0.9,2.7,458,0,0,41,0.0895,3,4,2,14,0,9,1,0
2024-04-05,Food Stall,Cendol,Dinner,Rainy,2.0,3.87,510,1,1,45,0.0882,4,4,2,14,0,1,1,1
2024-04-05,Food Stall,Cendol,Lunch,Sunny,2.0,7.38,9,0,0,1,0.1111,4,4,2,14,0,1,2,2
2024-04-05,Food Stall,Kaya Toast Set,Breakfast,Sunny,2.8,8.62,677,0,0,21,0.031,4,4,2,14,0,4,0,2
2024-04-05,Food Stall,Laksa,Lunch,Cloudy,4.5,17.35,68,0,0,8,0.1176,4,4,2,14,0,5,2,0
2024-04-05,Food Stall,Roti Canai,Breakfast,Sunny,0.8,2.23,1959,1,0,53,0.0271,4,4,2,14,0,7,0,2
2024-04-05,Food Stall,Roti Canai,Dinner,Cloudy,0.8,3.04,170,0,0,10,0.0588,4,4,2,14,0,7,1,0
2024-04-05,Food Stall,Tandoori Chicken,Dinner,Rainy,7.0,29.17,74,0,0,9,0.1216,4,4,2,14,0,8,1,1
2024-04-05,Food Stall,Tandoori Chicken,Dinner,Sunny,7.0,22.37,391,0,1,23,0.0588,4,4,2,14,0,8,1,2
2024-04-06,Food Stall,Char Kway Teow,Lunch,Rainy,5.0,12.72,381,1,0,32,0.084,5,4,2,14,1,2,2,1
2024-04-06,Food Stall,Kaya Toast Set,Breakfast,Cloudy,2.8,7.49,607,0,0,14,0.0231,5,4,2,14,1,4,0,0
2024-04-06,Food Stall,Nasi Lemak,Breakfast,Cloudy,2.5,4.58,603,1,0,35,0.058,5,4,2,14,1,6,0,0
2024-04-06,Food Stall,Tandoori Chicken,Dinner,Rainy,7.0,29.28,39,0,0,5,0.1282,5,4,2,14,1,8,1,1
2024-04-06,Food Stall,Tandoori Chicken,Dinner,Sunny,7.0,24.87,661,1,0,44,0.0666,5,4,2,14,1,8,1,2
2024-04-07,Food Stall,Kaya Toast Set,Breakfast,Sunny,2.8,8.46,1072,0,0,50,0.0466,6,4,2,14,1,4,0,2
2024-04-07,Food Stall,Laksa,Lunch,Sunny,4.5,12.31,319,1,0,31,0.0972,6,4,2,14,1,5,2,2
2024-04-07,Food Stall,Nasi Lemak,Lunch,Cloudy,2.5,6.81,361,0,0,34,0.0942,6,4,2,14,1,6,2,0
2024-04-07,Food Stall,Teh Tarik,Dinner,Cloudy,0.9,2.65,609,0,0,44,0.0722,6,4,2,14,1,9,1,0
2024-04-07,Food Stall,Teh Tarik,Lunch,Rainy,0.9,2.51,519,0,0,46,0.0886,6,4,2,14,1,9,2,1
2024-04-07,Food Stall,Teh Tarik,Lunch,Sunny,0.9,2.73,830,0,0,56,0.0675,6,4,2,14,1,9,2,2
2024-04-08,Food Stall,Beef Rendang,Dinner,Cloudy,9.0,33.49,136,0,0,13,0.0956,0,4,2,15,0,0,1,0
2024-04-08,Food Stall,Cendol,Dinner,Rainy,2.0,7.68,196,0,0,30,0.1531,0,4,2,15,0,1,1,1
2024-04-08,Food Stall,Cendol,Lunch,Rainy,2.0,4.45,401,1,0,54,0.1347,0,4,2,15,0,1,2,1
2024-04-08,Food Stall,Chicken Rice,Lunch,Cloudy,4.0,16.76,69,0,0,4,0.058,0,4,2,15,0,3,2,0
2024-04-08,Food Stall,Nasi Lemak,Breakfast,Sunny,2.5,9.0,306,0,0,25,0.0817,0,4,2,15,0,6,0,2
2024-04-08,Food Stall,Nasi Lemak,Lunch,Rainy,2.5,7.95,343,0,0,29,0.0845,0,4,2,15,0,6,2,1
2024-04-08,Food Stall,Roti Canai,Dinner,Sunny,0.8,2.26,311,0,0,14,0.045,0,4,2,15,0,7,1,2
2024-04-08,Food Stall,Tandoori Chicken,Dinner,Cloudy,7.0,19.77,180,1,0,15,0.0833,0,4,2,15,0,8,1,0
2024-04-08,Food Stall,Teh Tarik,Dinner,Rainy,0.9,2.82,293,0,0,27,0.0922,0,4,2,15,0,9,1,1
2024-04-09,Food Stall,Char Kway Teow,Dinner,Cloudy,5.0,18.3,233,0,0,18,0.0773,1,4,2,15,0,2,1,0
2024-04-09,Food Stall,Char Kway Teow,Lunch,Sunny,5.0,21.56,26,0,0,2,0.0769,1,4,2,15,0,2,2,2
2024-04-09,Food Stall,Kaya Toast Set,Breakfast,Sunny,2.8,8.82,230,0,1,5,0.0217,1,4,2,15,0,4,0,2
2024-04-09,Food Stall,Nasi Lemak,Breakfast,Cloudy,2.5,7.03,394,0,1,16,0.0406,1,4,2,15,0,6,0,0
2024-04-09,Food Stall,Nasi Lemak,Breakfast,Sunny,2.5,8.07,265,0,0,18,0.0679,1,4,2,15,0,6,0,2
2024-04-09,Food Stall,Nasi Lemak,Lunch,Sunny,2.5,7.9,167,0,1,7,0.0419,1,4,2,15,0,6,2,2
2024-04-09,Food Stall,Roti Canai,Breakfast,Rainy,0.8,2.95,189,0,0,9,0.0476,1,4,2,15,0,7,0,1
2024-04-09,Food Stall,Roti Canai,Breakfast,Sunny,0.8,2.55,336,0,0,15,0.0446,1,4,2,15,0,7,0,2
2024-04-09,Food Stall,Tandoori Chicken,Dinner,Sunny,7.0,20.91,503,1,0,49,0.0974,1,4,2,15,0,8,1,2
2024-04-10,Food Stall,Cendol,Dinner,Sunny,2.0,6.79,148,0,0,16,0.1081,2,4,2,15,0,1,1,2
2024-04-10,Food Stall,Cendol,Lunch,Cloudy,2.0,7.88,194,0,0,22,0.1134,2,4,2,15,0,1,2,0
2024-04-10,Food Stall,Cendol,Lunch,Rainy,2.0,7.87,160,0,0,23,0.1438,2,4,2,15,0,1,2,1
2024-04-10,Food Stall,Char Kway Teow,Dinner,Sunny,5.0,19.82,21,0,0,2,0.0952,2,4,2,15,0,2,1,2
2024-04-10,Food Stall,Chicken Rice,Dinner,Rainy,4.0,14.93,115,0,0,12,0.1043,2,4,2,15,0,3,1,1
2024-04-10,Food Stall,Roti Canai,Breakfast,Sunny,0.8,2.4,354,0,0,21,0.0593,2,4,2,15,0,7,0,2
2024-04-10,Food Stall,Tandoori Chicken,Dinner,Rainy,7.0,25.46,451,1,0,50,0.1109,2,4,2,15,0,8,1,1
2024-04-10,Food Stall,Teh Tarik,Dinner,Cloudy,0.9,3.44,211,0,0,13,0.0616,2,4,2,15,0,9,1,0
2024-04-11,Food Stall,Cendol,Lunch,Sunny,2.0,7.08,231,0,0,27,0.1169,3,4,2,15,0,1,2,2
2024-04-11,Food Stall,Kaya Toast Set,Breakfast,Rainy,2.8,7.85,275,0,0,12,0.0436,3,4,2,15,0,4,0,1
2024-04-11,Food Stall,Laksa,Lunch,Rainy,4.5,18.24,109,0,0,12,0.1101,3,4,2,15,0,5,2,1
2024-04-11,Food Stall,Laksa,Lunch,Sunny,4.5,17.36,76,0,0,7,0.0921,3,4,2,15,0,5,2,2
2024-04-11,Food Stall,Nasi Lemak,Lunch,Cloudy,2.5,9.75,116,0,0,10,0.0862,3,4,2,15,0,6,2,0
2024-04-11,Food Stall,Tandoori Chicken,Dinner,Cloudy,7.0,26.78,44,0,0,4,0.0909,3,4,2,15,0,8,1,0
2024-04-11,Food Stall,Tandoori Chicken,Dinner,Sunny,7.0,23.65,187,1,1,9,0.0481,3,4,2,15,0,8,1,2
2024-04-11,Food Stall,Teh Tarik,Breakfast,Cloudy,0.9,2.31,682,1,0,37,0.0543,3,4,2,15,0,9,0,0
2024-04-11,Food Stall,Teh Tarik,Lunch,Sunny,0.9,2.48,437,0,0,38,0.087,3,4,2,15,0,9,2,2
2024-04-12,Food Stall,Cendol,Dinner,Cloudy,2.0,7.68,363,0,0,37,0.1019,4,4,2,15,0,1,1,0
2024-04-12,Food Stall,Cendol,Dinner,Rainy,2.0,8.26,32,0,0,5,0.1562,4,4,2,15,0,1,1,1
2024-04-12,Food Stall,Cendol,Dinner,Sunny,2.0,7.06,393,0,0,42,0.1069,4,4,2,15,0,1,1,2
2024-04-12,Food Stall,Char Kway Teow,Lunch,Rainy,5.0,21.08,83,0,0,8,0.0964,4,4,2,15,0,2,2,1
2024-04-12,Food Stall,Chicken Rice,Lunch,Cloudy,4.0,13.99,311,0,0,21,0.0675,4,4,2,15,0,3,2,0
2024-04-12,Food Stall,Kaya Toast Set,Breakfast,Sunny,2.8,9.84,274,0,0,9,0.0328,4,4,2,15,0,4,0,2
2024-04-12,Food Stall,Roti Canai,Breakfast,Cloudy,0.8,2.27,367,0,0,18,0.049,4,4,2,15,0,7,0,0
2024-04-12,Food Stall,Roti Canai,Breakfast,Sunny,0.8,2.93,229,0,0,12,0.0524,4,4,2,15,0,7,0,2
2024-04-13,Food Stall,Cendol,Dinner,Rainy,2.0,8.05,195,0,0,29,0.1487,5,4,2,15,1,1,1,1
2024-04-13,Food Stall,Cendol,Dinner,Sunny,2.0,6.67,350,0,0,39,0.1114,5,4,2,15,1,1,1,2
2024-04-13,Food Stall,Kaya Toast Set,Breakfast,Sunny,2.8,7.3,401,0,0,17,0.0424,5,4,2,15,1,4,0,2
2024-04-13,Food Stall,Laksa,Lunch,Rainy,4.5,17.54,157,0,0,19,0.121,5,4,2,15,1,5,2,1
2024-04-13,Food Stall,Nasi Lemak,Lunch,Sunny,2.5,7.76,302,0,0,25,0.0828,5,4,2,15,1,6,2,2
2024-04-13,Food Stall,Roti Canai,Breakfast,Cloudy,0.8,2.03,668,0,0,39,0.0584,5,4,2,15,1,7,0,0
2024-04-13,Food Stall,Roti Canai,Dinner,Cloudy,0.8,2.69,451,0,0,26,0.0576,5,4,2,15,1,7,1,0
2024-04-13,Food Stall,Tandoori Chicken,Dinner,Sunny,7.0,26.44,53,0,0,5,0.0943,5,4,2,15,1,8,1,2
2024-04-13,Food Stall,Teh Tarik,Dinner,Cloudy,0.9,2.67,1601,0,0,91,0.0568,5,4,2,15,1,9,1,0
2024-04-14,Food Stall,Cendol,Dinner,Cloudy,2.0,6.58,385,0,0,44,0.1143,6,4,2,15,1,1,1,0
2024-04-14,Food Stall,Cendol,Lunch,Cloudy,2.0,5.11,431,0,0,47,0.109,6,4,2,15,1,1,2,0
2024-04-14,Food Stall,Cendol,Lunch,Rainy,2.0,6.5,486,0,0,82,0.1687,6,4,2,15,1,1,2,1
2024-04-14,Food Stall,Char Kway Teow,Dinner,Rainy,5.0,17.89,3,0,0,0,0.0,6,4,2,15,1,2,1,1
2024-04-14,Food Stall,Char Kway Teow,Lunch,Rainy,5.0,15.11,169,0,0,20,0.1183,6,4,2,15,1,2,2,1
2024-04-14,Food Stall,Kaya Toast Set,Breakfast,Cloudy,2.8,8.34,442,0,0,11,0.0249,6,4,2,15,1,4,0,0
2024-04-14,Food Stall,Kaya Toast Set,Breakfast,Sunny,2.8,5.99,862,1,0,29,0.0336,6,4,2,15,1,4,0,2
2024-04-14,Food Stall,Laksa,Lunch,Rainy,4.5,13.89,264,0,0,28,0.1061,6,4,2,15,1,5,2,1
2024-04-14,Food Stall,Nasi Lemak,Breakfast,Cloudy,2.5,6.9,325,0,0,26,0.08,6,4,2,15,1,6,0,0
2024-04-14,Food Stall,Roti Canai,Breakfast,Sunny,0.8,2.7,573,0,0,39,0.0681,6,4,2,15,1,7,0,2
2024-04-14,Food Stall,Roti Canai,Dinner,Rainy,0.8,2.78,206,0,0,12,0.0583,6,4,2,15,1,7,1,1
2024-04-14,Food Stall,Tandoori Chicken,Dinner,Cloudy,7.0,23.69,656,1,1,30,0.0457,6,4,2,15,1,8,1,0
2024-04-14,Food Stall,Teh Tarik,Breakfast,Cloudy,0.9,2.69,566,0,0,29,0.0512,6,4,2,15,1,9,0,0
2024-04-14,Food Stall,Teh Tarik,Breakfast,Sunny,0.9,2.36,1763,1,0,97,0.055,6,4,2,15,1,9,0,2
2024-04-14,Food Stall,Teh Tarik,Dinner,Cloudy,0.9,3.0,626,0,0,35,0.0559,6,4,2,15,1,9,1,0
2024-04-14,Food Stall,Teh Tarik,Lunch,Cloudy,0.9,2.83,585,0,0,30,0.0513,6,4,2,15,1,9,2,0
2024-04-14,Food Stall,Teh Tarik,Lunch,Sunny,0.9,2.75,793,0,0,64,0.0807,6,4,2,15,1,9,2,2
2024-04-15,Food Stall,Char Kway Teow,Lunch,Rainy,5.0,11.76,258,1,0,23,0.0891,0,4,2,16,0,2,2,1
2024-04-15,Food Stall,Chicken Rice,Lunch,Rainy,4.0,14.64,363,0,0,32,0.0882,0,4,2,16,0,3,2,1
2024-04-15,Food Stall,Kaya Toast Set,Breakfast,Cloudy,2.8,9.01,595,0,0,16,0.0269,0,4,2,16,0,4,0,0
2024-04-15,Food Stall,Nasi Lemak,Breakfast,Sunny,2.5,6.47,422,0,0,35,0.0829,0,4,2,16,0,6,0,2
2024-04-15,Food Stall,Nasi Lemak,Lunch,Rainy,2.5,8.31,147,0,0,15,0.102,0,4,2,16,0,6,2,1
2024-04-15,Food Stall,Roti Canai,Breakfast,Sunny,0.8,2.03,521,0,1,25,0.048,0,4,2,16,0,7,0,2
2024-04-15,Food Stall,Roti Canai,Dinner,Cloudy,0.8,1.71,617,1,0,34,0.0551,0,4,2,16,0,7,1,0
2024-04-15,Food Stall,Tandoori Chicken,Dinner,Cloudy,7.0,31.04,44,0,0,4,0.0909,0,4,2,16,0,8,1,0
2024-04-15,Food Stall,Teh Tarik,Dinner,Sunny,0.9,2.7,348,0,0,22,0.0632,0,4,2,16,0,9,1,2
2024-04-15,Food Stall,Teh Tarik,Lunch,Cloudy,0.9,2.44,497,0,0,30,0.0604,0,4,2,16,0,9,2,0
2024-04-16,Food Stall,Cendol,Dinner,Sunny,2.0,7.23,218,0,0,27,0.1239,1,4,2,16,0,1,1,2
2024-04-16,Food Stall,Cendol,Lunch,Cloudy,2.0,8.31,2,0,0,0,0.0,1,4,2,16,0,1,2,0
2024-04-16,Food Stall,Char Kway Teow,Dinner,Rainy,5.0,16.99,270,0,0,27,0.1,1,4,2,16,0,2,1,1
2024-04-16,Food Stall,Char Kway Teow,Dinner,Sunny,5.0,10.24,253,1,0,18,0.0711,1,4,2,16,0,2,1,2
2024-04-16,Food Stall,Kaya Toast Set,Breakfast,Sunny,2.8,8.08,429,0,0,9,0.021,1,4,2,16,0,4,0,2
2024-04-16,Food Stall,Laksa,Lunch,Sunny,4.5,15.47,169,0,0,17,0.1006,1,4,2,16,0,5,2,2
2024-04-16,Food Stall,Roti Canai,Breakfast,Sunny,0.8,2.15,442,0,0,23,0.052,1,4,2,16,0,7,0,2
2024-04-16,Food Stall,Roti Canai,Dinner,Sunny,0.8,2.6,430,0,0,17,0.0395,1,4,2,16,0,7,1,2
2024-04-16,Food Stall,Teh Tarik,Breakfast,Sunny,0.9,2.32,491,0,0,43,0.0876,1,4,2,16,0,9,0,2
2024-04-16,Food Stall,Teh Tarik,Dinner,Cloudy,0.9,2.81,385,0,0,33,0.0857,1,4,2,16,0,9,1,0
2024-04-17,Food Stall,Cendol,Dinner,Cloudy,2.0,5.97,220,0,0,24,0.1091,2,4,2,16,0,1,1,0
2024-04-17,Food Stall,Cendol,Lunch,Sunny,2.0,7.39,213,0,0,28,0.1315,2,4,2,16,0,1,2,2
2024-04-17,Food Stall,Kaya Toast Set,Breakfast,Cloudy,2.8,8.1,336,0,0,12,0.0357,2,4,2,16,0,4,0,0
2024-04-17,Food Stall,Kaya Toast Set,Breakfast,Sunny,2.8,8.55,1146,0,0,46,0.0401,2,4,2,16,0,4,0,2
2024-04-17,Food Stall,Nasi Lemak,Lunch,Cloudy,2.5,9.91,156,0,0,12,0.0769,2,4,2,16,0,6,2,0
2024-04-17,Food Stall,Nasi Lemak,Lunch,Rainy,2.5,6.99,324,0,0,33,0.1019,2,4,2,16,0,6,2,1
2024-04-17,Food Stall,Roti Canai,Breakfast,Sunny,0.8,2.45,829,0,0,54,0.0651,2,4,2,16,0,7,0,2
2024-04-17,Food Stall,Roti Canai,Dinner,Cloudy,0.8,2.86,334,0,0,23,0.0689,2,4,2,16,0,7,1,0
2024-04-17,Food Stall,Tandoori Chicken,Dinner,Cloudy,7.0,25.97,122,0,0,12,0.0984,2,4,2,16,0,8,1,0
2024-04-17,Food Stall,Teh Tarik,Dinner,Rainy,0.9,2.78,164,0,0,16,0.0976,2,4,2,16,0,9,1,1
2024-04-18,Food Stall,Beef Rendang,Dinner,Cloudy,9.0,37.13,113,0,0,9,0.0796,3,4,2,16,0,0,1,0
2024-04-18,Food Stall,Cendol,Lunch,Sunny,2.0,6.5,155,0,0,17,0.1097,3,4,2,16,0,1,2,2
2024-04-18,Food Stall,Char Kway Teow,Dinner,Sunny,5.0,17.2,235,0,0,20,0.0851,3,4,2,16,0,2,1,2
2024-04-18,Food Stall,Kaya Toast Set,Breakfast,Sunny,2.8,9.17,300,0,0,16,0.0533,3,4,2,16,0,4,0,2
2024-04-18,Food Stall,Nasi Lemak,Lunch,Rainy,2.5,10.66,109,0,0,10,0.0917,3,4,2,16,0,6,2,1
2024-04-18,Food Stall,Nasi Lemak,Lunch,Sunny,2.5,9.96,152,0,0,10,0.0658,3,4,2,16,0,6,2,2
2024-04-18,Food Stall,Roti Canai,Breakfast,Cloudy,0.8,2.1,729,1,0,44,0.0604,3,4,2,16,0,7,0,0
2024-04-18,Food Stall,Roti Canai,Breakfast,Sunny,0.8,2.1,824,1,0,19,0.0231,3,4,2,16,0,7,0,2
2024-04-18,Food Stall,Roti Canai,Dinner,Sunny,0.8,1.84,703,1,0,44,0.0626,3,4,2,16,0,7,1,2
2024-04-18,Food Stall,Tandoori Chicken,Dinner,Cloudy,7.0,25.09,133,0,0,14,0.1053,3,4,2,16,0,8,1,0
2024-04-18,Food Stall,Tandoori Chicken,Dinner,Rainy,7.0,25.69,164,0,0,23,0.1402,3,4,2,16,0,8,1,1
2024-04-18,Food Stall,Tandoori Chicken,Dinner,Sunny,7.0,28.63,150,0,1,10,0.0667,3,4,2,16,0,8,1,2
2024-04-18,Food Stall,Teh Tarik,Dinner,Cloudy,0.9,2.74,1128,1,0,45,0.0399,3,4,2,16,0,9,1,0
2024-04-18,Food Stall,Teh Tarik,Lunch,Sunny,0.9,2.75,495,0,0,39,0.0788,3,4,2,16,0,9,2,2
2024-04-19,Food Stall,Cendol,Dinner,Sunny,2.0,6.63,131,0,0,16,0.1221,4,4,2,16,0,1,1,2
2024-04-19,Food Stall,Char Kway Teow,Dinner,Sunny,5.0,10.31,302,1,0,18,0.0596,4,4,2,16,0,2,1,2
2024-04-19,Food Stall,Kaya Toast Set,Breakfast,Cloudy,2.8,8.15,403,0,0,16,0.0397,4,4,2,16,0,4,0,0
2024-04-19,Food Stall,Kaya Toast Set,Breakfast,Rainy,2.8,9.42,147,0,0,5,0.034,4,4,2,16,0,4,0,1
2024-04-19,Food Stall,Kaya Toast Set,Breakfast,Sunny,2.8,9.96,164,0,0,6,0.0366,4,4,2,16,0,4,0,2
2024-04-19,Food Stall,Roti Canai,Breakfast,Cloudy,0.8,2.03,419,0,0,19,0.0453,4,4,2,16,0,7,0,0
2024-04-19,Food Stall,Roti Canai,Breakfast,Sunny,0.8,2.31,312,0,0,10,0.0321,4,4,2,16,0,7,0,2
2024-04-19,Food Stall,Roti Canai,Dinner,Sunny,0.8,2.84,265,0,0,12,0.0453,4,4,2,16,0,7,1,2
2024-04-19,Food Stall,Tandoori Chicken,Dinner,Rainy,7.0,32.34,82,0,0,9,0.1098,4,4,2,16,0,8,1,1
2024-04-19,Food Stall,Tandoori Chicken,Dinner,Sunny,7.0,26.42,412,0,0,46,0.1117,4,4,2,16,0,8,1,2
2024-04-19,Food Stall,Teh Tarik,Breakfast,Sunny,0.9,2.19,873,1,0,68,0.0779,4,4,2,16,0,9,0,2
2024-04-19,Food Stall,Teh Tarik,Lunch,Cloudy,0.9,2.79,247,0,0,13,0.0526,4,4,2,16,0,9,2,0
2024-04-20,Food Stall,Cendol,Dinner,Rainy,2.0,6.57,178,0,0,27,0.1517,5,4,2,16,1,1,1,1
2024-04-20,Food Stall,Cendol,Lunch,Sunny,2.0,6.58,988,0,0,108,0.1093,5,4,2,16,1,1,2,2
2024-04-20,Food Stall,Char Kway Teow,Lunch,Sunny,5.0,22.3,42,0,0,4,0.0952,5,4,2,16,1,2,2,2
2024-04-20,Food Stall,Chicken Rice,Dinner,Cloudy,4.0,12.96,132,0,0,12,0.0909,5,4,2,16,1,3,1,0
2024-04-20,Food Stall,Chicken Rice,Lunch,Cloudy,4.0,12.89,479,0,1,27,0.0564,5,4,2,16,1,3,2,0
2024-04-20,Food Stall,Kaya Toast Set,Breakfast,Cloudy,2.8,8.33,821,0,0,28,0.0341,5,4,2,16,1,4,0,0
2024-04-20,Food Stall,Kaya Toast Set,Breakfast,Sunny,2.8,7.43,2150,1,1,68,0.0316,5,4,2,16,1,4,0,2
2024-04-20,Food Stall,Laksa,Lunch,Sunny,4.5,14.31,192,0,0,16,0.0833,5,4,2,16,1,5,2,2
2024-04-20,Food Stall,Nasi Lemak,Breakfast,Sunny,2.5,8.36,465,0,0,44,0.0946,5,4,2,16,1,6,0,2
2024-04-20,Food Stall,Roti Canai,Breakfast,Rainy,0.8,1.68,599,1,0,32,0.0534,5,4,2,16,1,7,0,1
2024-04-20,Food Stall,Roti Canai,Dinner,Sunny,0.8,2.5,385,0,0,18,0.0468,5,4,2,16,1,7,1,2
2024-04-20,Food Stall,Tandoori Chicken,Dinner,Sunny,7.0,32.1,69,0,0,7,0.1014,5,4,2,16,1,8,1,2
2024-04-20,Food Stall,Teh Tarik,Dinner,Cloudy,0.9,2.78,608,0,0,46,0.0757,5,4,2,16,1,9,1,0
2024-04-21,Food Stall,Beef Rendang,Dinner,Cloudy,9.0,34.34,185,0,0,15,0.0811,6,4,2,16,1,0,1,0
2024-04-21,Food Stall,Cendol,Dinner,Rainy,2.0,6.63,336,0,0,45,0.1339,6,4,2,16,1,1,1,1
2024-04-21,Food Stall,Char Kway Teow,Dinner,Sunny,5.0,18.42,210,0,0,20,0.0952,6,4,2,16,1,2,1,2
2024-04-21,Food Stall,Kaya Toast Set,Breakfast,Sunny,2.8,8.69,403,0,0,9,0.0223,6,4,2,16,1,4,0,2
2024-04-21,Food Stall,Roti Canai,Breakfast,Cloudy,0.8,2.46,519,0,0,31,0.0597,6,4,2,16,1,7,0,0
2024-04-21,Food Stall,Roti Canai,Dinner,Sunny,0.8,2.44,378,0,0,16,0.0423,6,4,2,16,1,7,1,2
2024-04-21,Food Stall,Tandoori Chicken,Dinner,Rainy,7.0,24.93,241,0,0,25,0.1037,6,4,2,16,1,8,1,1
2024-04-21,Food Stall,Teh Tarik,Breakfast,Sunny,0.9,2.49,871,0,0,61,0.07,6,4,2,16,1,9,0,2
2024-04-21,Food Stall,Teh Tarik,Dinner,Cloudy,0.9,2.68,352,0,0,18,0.0511,6,4,2,16,1,9,1,0
2024-04-22,Food Stall,Beef Rendang,Dinner,Sunny,9.0,27.66,134,0,0,15,0.1119,0,4,2,17,0,0,1,2
2024-04-22,Food Stall,Cendol,Lunch,Cloudy,2.0,7.25,221,0,0,23,0.1041,0,4,2,17,0,1,2,0
2024-04-22,Food Stall,Chicken Rice,Dinner,Cloudy,4.0,11.41,282,0,0,22,0.078,0,4,2,17,0,3,1,0
2024-04-22,Food Stall,Chicken Rice,Dinner,Rainy,4.0,11.19,187,1,0,14,0.0749,0,4,2,17,0,3,1,1
2024-04-22,Food Stall,Nasi Lemak,Breakfast,Cloudy,2.5,6.91,297,0,0,22,0.0741,0,4,2,17,0,6,0,0
2024-04-22,Food Stall,Roti Canai,Dinner,Sunny,0.8,1.72,457,1,0,22,0.0481,0,4,2,17,0,7,1,2
2024-04-22,Food Stall,Tandoori Chicken,Dinner,Cloudy,7.0,24.79,427,1,0,40,0.0937,0,4,2,17,0,8,1,0
2024-04-22,Food Stall,Teh Tarik,Dinner,Cloudy,0.9,2.92,449,0,0,23,0.0512,0,4,2,17,0,9,1,0
2024-04-22,Food Stall,Teh Tarik,Dinner,Rainy,0.9,3.43,146,0,0,11,0.0753,0,4,2,17,0,9,1,1
2024-04-22,Food Stall,Teh Tarik,Dinner,Sunny,0.9,2.8,314,0,0,25,0.0796,0,4,2,17,0,9,1,2
2024-04-22,Food Stall,Teh Tarik,Lunch,Rainy,0.9,3.2,324,0,0,31,0.0957,0,4,2,17,0,9,2,1
2024-04-23,Food Stall,Beef Rendang,Dinner,Sunny,9.0,35.81,118,0,0,10,0.0847,1,4,2,17,0,0,1,2
2024-04-23,Food Stall,Char Kway Teow,Lunch,Cloudy,5.0,12.24,342,1,0,26,0.076,1,4,2,17,0,2,2,0
2024-04-23,Food Stall,Chicken Rice,Dinner,Rainy,4.0,12.03,157,0,0,12,0.0764,1,4,2,17,0,3,1,1
2024-04-23,Food Stall,Laksa,Lunch,Sunny,4.5,13.6,167,0,0,16,0.0958,1,4,2,17,0,5,2,2
2024-04-23,Food Stall,Nasi Lemak,Breakfast,Rainy,2.5,10.02,245,0,0,23,0.0939,1,4,2,17,0,6,0,1
2024-04-23,Food Stall,Roti Canai,Dinner,Sunny,0.8,2.3,311,0,0,10,0.0322,1,4,2,17,0,7,1,2
2024-04-23,Food Stall,Tandoori Chicken,Dinner,Sunny,7.0,24.54,236,0,0,26,0.1102,1,4,2,17,0,8,1,2
2024-04-23,Food Stall,Teh Tarik,Dinner,Cloudy,0.9,2.77,346,0,0,23,0.0665,1,4,2,17,0,9,1,0
2024-04-23,Food Stall,Teh Tarik,Dinner,Rainy,0.9,2.58,286,0,0,29,0.1014,1,4,2,17,0,9,1,1
2024-04-24,Food Stall,Chicken Rice,Lunch,Cloudy,4.0,16.36,27,0,0,2,0.0741,2,4,2,17,0,3,2,0
2024-04-24,Food Stall,Kaya Toast Set,Breakfast,Cloudy,2.8,10.12,529,0,0,18,0.034,2,4,2,17,0,4,0,0
2024-04-24,Food Stall,Kaya Toast Set,Breakfast,Sunny,2.8,5.49,621,1,0,12,0.0193,2,4,2,17,0,4,0,2
2024-04-24,Food Stall,Laksa,Lunch,Cloudy,4.5,17.86,176,0,0,15,0.0852,2,4,2,17,0,5,2,0
2024-04-24,Food Stall,Roti Canai,Breakfast,Sunny,0.8,2.16,1319,1,0,57,0.0432,2,4,2,17,0,7,0,2
2024-04-24,Food Stall,Tandoori Chicken,Dinner,Cloudy,7.0,26.4,330,0,0,30,0.0909,2,4,2,17,0,8,1,0
2024-04-24,Food Stall,Tandoori Chicken,Dinner,Rainy,7.0,27.37,159,0,0,22,0.1384,2,4,2,17,0,8,1,1
2024-04-24,Food Stall,Tandoori Chicken,Dinner,Sunny,7.0,21.54,217,0,0,17,0.0783,2,4,2,17,0,8,1,2
2024-04-24,Food Stall,Teh Tarik,Breakfast,Rainy,0.9,1.85,836,1,0,58,0.0694,2,4,2,17,0,9,0,1
2024-04-24,Food Stall,Teh Tarik,Breakfast,Sunny,0.9,2.57,542,0,0,34,0.0627,2,4,2,17,0,9,0,2
2024-04-25,Food Stall,Cendol,Lunch,Rainy,2.0,4.91,476,1,0,60,0.1261,3,4,2,17,0,1,2,1
2024-04-25,Food Stall,Char Kway Teow,Dinner,Sunny,5.0,17.16,61,0,0,7,0.1148,3,4,2,17,0,2,1,2
2024-04-25,Food Stall,Chicken Rice,Dinner,Sunny,4.0,16.01,198,0,0,14,0.0707,3,4,2,17,0,3,1,2
2024-04-25,Food Stall,Kaya Toast Set,Breakfast,Rainy,2.8,9.6,197,0,0,11,0.0558,3,4,2,17,0,4,0,1
2024-04-25,Food Stall,Roti Canai,Breakfast,Sunny,0.8,2.1,540,0,0,23,0.0426,3,4,2,17,0,7,0,2
2024-04-25,Food Stall,Roti Canai,Dinner,Rainy,0.8,2.42,187,0,0,14,0.0749,3,4,2,17,0,7,1,1
2024-04-25,Food Stall,Tandoori Chicken,Dinner,Cloudy,7.0,21.38,171,0,0,19,0.1111,3,4,2,17,0,8,1,0
2024-04-25,Food Stall,Tandoori Chicken,Dinner,Sunny,7.0,25.86,29,0,0,3,0.1034,3,4,2,17,0,8,1,2
2024-04-25,Food Stall,Teh Tarik,Lunch,Sunny,0.9,2.6,494,0,0,44,0.0891,3,4,2,17,0,9,2,2
2024-04-26,Food Stall,Cendol,Lunch,Rainy,2.0,5.65,185,1,0,23,0.1243,4,4,2,17,0,1,2,1
2024-04-26,Food Stall,Cendol,Lunch,Sunny,2.0,6.75,369,0,0,37,0.1003,4,4,2,17,0,1,2,2
2024-04-26,Food Stall,Kaya Toast Set,Breakfast,Cloudy,2.8,9.29,365,0,0,12,0.0329,4,4,2,17,0,4,0,0
2024-04-26,Food Stall,Kaya Toast Set,Breakfast,Sunny,2.8,9.69,571,0,0,26,0.0455,4,4,2,17,0,4,0,2
2024-04-26,Food Stall,Laksa,Lunch,Sunny,4.5,13.58,160,0,0,19,0.1188,4,4,2,17,0,5,2,2
2024-04-26,Food Stall,Roti Canai,Dinner,Sunny,0.8,2.8,506,0,0,32,0.0632,4,4,2,17,0,7,1,2
2024-04-26,Food Stall,Teh Tarik,Breakfast,Cloudy,0.9,2.54,529,0,0,27,0.051,4,4,2,17,0,9,0,0
2024-04-26,Food Stall,Teh Tarik,Breakfast,Sunny,0.9,2.98,487,0,0,42,0.0862,4,4,2,17,0,9,0,2
2024-04-27,Food Stall,Cendol,Dinner,Cloudy,2.0,5.65,346,0,0,40,0.1156,5,4,2,17,1,1,1,0
2024-04-27,Food Stall,Char Kway Teow,Dinner,Sunny,5.0,17.16,221,0,0,17,0.0769,5,4,2,17,1,2,1,2
2024-04-27,Food Stall,Kaya Toast Set,Breakfast,Cloudy,2.8,9.1,520,0,0,14,0.0269,5,4,2,17,1,4,0,0
2024-04-27,Food Stall,Roti Canai,Breakfast,Sunny,0.8,2.7,387,0,0,14,0.0362,5,4,2,17,1,7,0,2
2024-04-27,Food Stall,Tandoori Chicken,Dinner,Sunny,7.0,25.42,130,0,1,10,0.0769,5,4,2,17,1,8,1,2
2024-04-27,Food Stall,Teh Tarik,Breakfast,Sunny,0.9,2.31,2402,1,0,170,0.0708,5,4,2,17,1,9,0,2
2024-04-27,Food Stall,Teh Tarik,Dinner,Cloudy,0.9,3.13,262,0,0,19,0.0725,5,4,2,17,1,9,1,0
2024-04-27,Food Stall,Teh Tarik,Dinner,Sunny,0.9,2.51,649,0,0,36,0.0555,5,4,2,17,1,9,1,2
2024-04-27,Food Stall,Teh Tarik,Lunch,Rainy,0.9,2.42,683,0,0,68,0.0996,5,4,2,17,1,9,2,1
2024-04-28,Food Stall,Cendol,Lunch,Cloudy,2.0,4.14,529,1,0,46,0.087,6,4,2,17,1,1,2,0
2024-04-28,Food Stall,Kaya Toast Set,Breakfast,Rainy,2.8,9.68,260,0,0,18,0.0692,6,4,2,17,1,4,0,1
2024-04-28,Food Stall,Kaya Toast Set,Breakfast,Sunny,2.8,9.47,361,0,0,15,0.0416,6,4,2,17,1,4,0,2
2024-04-28,Food Stall,Roti Canai,Dinner,Cloudy,0.8,2.57,348,0,0,14,0.0402,6,4,2,17,1,7,1,0
2024-04-28,Food Stall,Roti Canai,Dinner,Rainy,0.8,2.27,247,0,0,15,0.0607,6,4,2,17,1,7,1,1
2024-04-28,Food Stall,Tandoori Chicken,Dinner,Cloudy,7.0,23.21,377,0,0,40,0.1061,6,4,2,17,1,8,1,0
2024-04-28,Food Stall,Tandoori Chicken,Dinner,Rainy,7.0,26.42,27,0,0,3,0.1111,6,4,2,17,1,8,1,1
2024-04-28,Food Stall,Teh Tarik,Dinner,Rainy,0.9,2.91,471,0,0,37,0.0786,6,4,2,17,1,9,1,1
2024-04-29,Food Stall,Beef Rendang,Lunch,Cloudy,9.0,41.05,56,0,0,6,0.1071,0,4,2,18,0,0,2,0
2024-04-29,Food Stall,Cendol,Dinner,Sunny,2.0,5.88,374,1,0,43,0.115,0,4,2,18,0,1,1,2
2024-04-29,Food Stall,Cendol,Lunch,Cloudy,2.0,5.42,294,0,0,39,0.1327,0,4,2,18,0,1,2,0
2024-04-29,Food Stall,Kaya Toast Set,Breakfast,Cloudy,2.8,6.37,704,1,0,17,0.0241,0,4,2,18,0,4,0,0
2024-04-29,Food Stall,Kaya Toast Set,Breakfast,Sunny,2.8,8.76,390,0,0,23,0.059,0,4,2,18,0,4,0,2
2024-04-29,Food Stall,Roti Canai,Breakfast,Sunny,0.8,2.29,463,0,0,18,0.0389,0,4,2,18,0,7,0,2
2024-04-29,Food Stall,Roti Canai,Dinner,Sunny,0.8,2.61,229,0,0,16,0.0699,0,4,2,18,0,7,1,2
2024-04-29,Food Stall,Tandoori Chicken,Dinner,Sunny,7.0,19.42,159,1,0,17,0.1069,0,4,2,18,0,8,1,2
2024-04-29,Food Stall,Teh Tarik,Lunch,Cloudy,0.9,3.35,119,0,0,9,0.0756,0,4,2,18,0,9,2,0
2024-04-30,Food Stall,Cendol,Dinner,Rainy,2.0,7.15,188,0,0,32,0.1702,1,4,2,18,0,1,1,1
2024-04-30,Food Stall,Cendol,Dinner,Sunny,2.0,7.0,333,0,1,36,0.1081,1,4,2,18,0,1,1,2
2024-04-30,Food Stall,Cendol,Lunch,Cloudy,2.0,7.05,213,0,0,26,0.1221,1,4,2,18,0,1,2,0
2024-04-30,Food Stall,Cendol,Lunch,Rainy,2.0,7.15,200,0,0,34,0.17,1,4,2,18,0,1,2,1
2024-04-30,Food Stall,Kaya Toast Set,Breakfast,Rainy,2.8,8.54,276,0,0,17,0.0616,1,4,2,18,0,4,0,1
2024-04-30,Food Stall,Roti Canai,Breakfast,Rainy,0.8,2.58,406,0,0,20,0.0493,1,4,2,18,0,7,0,1
2024-04-30,Food Stall,Tandoori Chicken,Dinner,Sunny,7.0,27.88,303,0,0,30,0.099,1,4,2,18,0,8,1,2
2024-04-30,Food Stall,Teh Tarik,Breakfast,Sunny,0.9,2.29,592,0,0,47,0.0794,1,4,2,18,0,9,0,2
2024-04-30,Food Stall,Teh Tarik,Dinner,Sunny,0.9,2.69,450,0,0,27,0.06,1,4,2,18,0,9,1,2
2024-04-30,Food Stall,Teh Tarik,Lunch,Cloudy,0.9,3.09,354,0,0,27,0.0763,1,4,2,18,0,9,2,0
2024-04-30,Food Stall,Teh Tarik,Lunch,Sunny,0.9,2.94,1287,0,1,76,0.0591,1,4,2,18,0,9,2,2
2024-05-01,Food Stall,Beef Rendang,Dinner,Cloudy,9.0,29.72,204,1,0,18,0.0882,2,5,2,18,0,0,1,0
2024-05-01,Food Stall,Beef Rendang,Lunch,Sunny,9.0,31.34,254,0,0,25,0.0984,2,5,2,18,0,0,2,2
2024-05-01,Food Stall,Cendol,Dinner,Cloudy,2.0,6.52,281,0,0,29,0.1032,2,5,2,18,0,1,1,0
2024-05-01,Food Stall,Cendol,Dinner,Rainy,2.0,6.0,179,0,0,26,0.1453,2,5,2,18,0,1,1,1
2024-05-01,Food Stall,Cendol,Lunch,Cloudy,2.0,6.88,365,0,0,37,0.1014,2,5,2,18,0,1,2,0
2024-05-01,Food Stall,Char Kway Teow,Dinner,Rainy,5.0,12.0,278,1,0,26,0.0935,2,5,2,18,0,2,1,1
2024-05-01,Food Stall,Char Kway Teow,Lunch,Sunny,5.0,11.04,507,1,0,42,0.0828,2,5,2,18,0,2,2,2
2024-05-01,Food Stall,Kaya Toast Set,Breakfast,Rainy,2.8,7.13,555,0,0,19,0.0342,2,5,2,18,0,4,0,1
2024-05-01,Food Stall,Nasi Lemak,Breakfast,Sunny,2.5,7.14,530,0,0,38,0.0717,2,5,2,18,0,6,0,2
2024-05-01,Food Stall,Roti Canai,Dinner,Rainy,0.8,2.25,331,0,0,19,0.0574,2,5,2,18,0,7,1,1
2024-05-01,Food Stall,Tandoori Chicken,Dinner,Cloudy,7.0,31.16,9,0,0,1,0.1111,2,5,2,18,0,8,1,0
2024-05-01,Food Stall,Tandoori Chicken,Dinner,Sunny,7.0,24.04,398,0,0,48,0.1206,2,5,2,18,0,8,1,2
2024-05-01,Food Stall,Teh Tarik,Breakfast,Sunny,0.9,1.71,945,1,0,39,0.0413,2,5,2,18,0,9,0,2
2024-05-02,Food Stall,Cendol,Lunch,Rainy,2.0,6.51,154,0,0,23,0.1494,3,5,2,18,0,1,2,1
2024-05-02,Food Stall,Char Kway Teow,Lunch,Rainy,5.0,17.31,161,0,0,17,0.1056,3,5,2,18,0,2,2,1
2024-05-02,Food Stall,Char Kway Teow,Lunch,Sunny,5.0,18.13,187,0,0,18,0.0963,3,5,2,18,0,2,2,2
2024-05-02,Food Stall,Kaya Toast Set,Breakfast,Rainy,2.8,8.97,387,0,0,15,0.0388,3,5,2,18,0,4,0,1
2024-05-02,Food Stall,Nasi Lemak,Lunch,Rainy,2.5,8.83,97,0,0,9,0.0928,3,5,2,18,0,6,2,1
2024-05-02,Food Stall,Roti Canai,Breakfast,Sunny,0.8,2.34,479,0,0,32,0.0668,3,5,2,18,0,7,0,2
2024-05-02,Food Stall,Roti Canai,Dinner,Cloudy,0.8,3.02,76,0,0,3,0.0395,3,5,2,18,0,7,1,0
2024-05-02,Food Stall,Tandoori Chicken,Dinner,Sunny,7.0,23.18,220,0,0,22,0.1,3,5,2,18,0,8,1,2
2024-05-02,Food Stall,Teh Tarik,Breakfast,Sunny,0.9,2.36,459,0,0,27,0.0588,3,5,2,18,0,9,0,2
2024-05-02,Food Stall,Teh Tarik,Dinner,Sunny,0.9,3.1,296,0,0,15,0.0507,3,5,2,18,0,9,1,2
2024-05-03,Food Stall,Cendol,Dinner,Rainy,2.0,7.39,167,0,0,24,0.1437,4,5,2,18,0,1,1,1
2024-05-03,Food Stall,Cendol,Lunch,Sunny,2.0,6.87,237,0,0,27,0.1139,4,5,2,18,0,1,2,2
2024-05-03,Food Stall,Chicken Rice,Dinner,Cloudy,4.0,16.17,125,0,0,11,0.088,4,5,2,18,0,3,1,0
2024-05-03,Food Stall,Kaya Toast Set,Breakfast,Rainy,2.8,9.51,496,0,0,34,0.0685,4,5,2,18,0,4,0,1
2024-05-03,Food Stall,Laksa,Lunch,Rainy,4.5,16.47,22,0,0,3,0.1364,4,5,2,18,0,5,2,1
2024-05-03,Food Stall,Tandoori Chicken,Dinner,Cloudy,7.0,19.01,306,0,0,30,0.098,4,5,2,18,0,8,1,0
2024-05-03,Food Stall,Tandoori Chicken,Dinner,Sunny,7.0,28.24,38,0,0,4,0.1053,4,5,2,18,0,8,1,2
2024-05-04,Food Stall,Beef Rendang,Lunch,Sunny,9.0,33.78,149,0,0,16,0.1074,5,5,2,18,1,0,2,2
2024-05-04,Food Stall,Char Kway Teow,Dinner,Sunny,5.0,17.34,193,0,0,18,0.0933,5,5,2,18,1,2,1,2
2024-05-04,Food Stall,Chicken Rice,Dinner,Rainy,4.0,15.2,174,0,0,14,0.0805,5,5,2,18,1,3,1,1
2024-05-04,Food Stall,Chicken Rice,Lunch,Sunny,4.0,12.61,499,0,0,33,0.0661,5,5,2,18,1,3,2,2
2024-05-04,Food Stall,Kaya Toast Set,Breakfast,Cloudy,2.8,8.21,500,0,0,11,0.022,5,5,2,18,1,4,0,0
2024-05-04,Food Stall,Kaya Toast Set,Breakfast,Rainy,2.8,6.57,711,1,0,20,0.0281,5,5,2,18,1,4,0,1
2024-05-04,Food Stall,Laksa,Lunch,Rainy,4.5,9.98,258,1,0,30,0.1163,5,5,2,18,1,5,2,1
2024-05-04,Food Stall,Nasi Lemak,Breakfast,Rainy,2.5,8.2,377,0,1,21,0.0557,5,5,2,18,1,6,0,1
2024-05-04,Food Stall,Roti Canai,Breakfast,Cloudy,0.8,2.24,445,0,0,21,0.0472,5,5,2,18,1,7,0,0
2024-05-04,Food Stall,Roti Canai,Dinner,Sunny,0.8,2.14,623,0,0,32,0.0514,5,5,2,18,1,7,1,2
2024-05-04,Food Stall,Tandoori Chicken,Dinner,Cloudy,7.0,22.96,290,0,0,24,0.0828,5,5,2,18,1,8,1,0
2024-05-04,Food Stall,Tandoori Chicken,Dinner,Rainy,7.0,27.23,148,0,0,21,0.1419,5,5,2,18,1,8,1,1
2024-05-04,Food Stall,Tandoori Chicken,Dinner,Sunny,7.0,23.15,169,0,0,15,0.0888,5,5,2,18,1,8,1,2
2024-05-04,Food Stall,Teh Tarik,Breakfast,Sunny,0.9,2.3,809,0,0,50,0.0618,5,5,2,18,1,9,0,2
2024-05-04,Food Stall,Teh Tarik,Dinner,Sunny,0.9,3.02,521,0,0,32,0.0614,5,5,2,18,1,9,1,2
2024-05-04,Food Stall,Teh Tarik,Lunch,Rainy,0.9,2.51,341,0,0,26,0.0762,5,5,2,18,1,9,2,1
2024-05-05,Food Stall,Beef Rendang,Dinner,Cloudy,9.0,16.33,281,1,0,18,0.0641,6,5,2,18,1,0,1,0
2024-05-05,Food Stall,Kaya Toast Set,Breakfast,Cloudy,2.8,6.8,818,1,0,24,0.0293,6,5,2,18,1,4,0,0
2024-05-05,Food Stall,Kaya Toast Set,Breakfast,Rainy,2.8,9.63,241,0,0,16,0.0664,6,5,2,18,1,4,0,1
2024-05-05,Food Stall,Kaya Toast Set,Breakfast,Sunny,2.8,9.36,365,0,0,19,0.0521,6,5,2,18,1,4,0,2
2024-05-05,Food Stall,Roti Canai,Breakfast,Sunny,0.8,2.18,436,0,0,30,0.0688,6,5,2,18,1,7,0,2
2024-05-05,Food Stall,Roti Canai,Dinner,Cloudy,0.8,2.37,570,0,1,27,0.0474,6,5,2,18,1,7,1,0
2024-05-05,Food Stall,Roti Canai,Dinner,Sunny,0.8,2.24,681,0,0,31,0.0455,6,5,2,18,1,7,1,2
2024-05-05,Food Stall,Tandoori Chicken,Dinner,Rainy,7.0,16.84,268,1,0,29,0.1082,6,5,2,18,1,8,1,1
2024-05-05,Food Stall,Tandoori Chicken,Dinner,Sunny,7.0,28.44,255,0,1,21,0.0824,6,5,2,18,1,8,1,2
2024-05-05,Food Stall,Teh Tarik,Breakfast,Sunny,0.9,2.61,716,0,0,38,0.0531,6,5,2,18,1,9,0,2
2024-05-05,Food Stall,Teh Tarik,Lunch,Sunny,0.9,2.73,696,0,0,50,0.0718,6,5,2,18,1,9,2,2
2024-05-06,Food Stall,Beef Rendang,Lunch,Rainy,9.0,27.42,128,1,0,12,0.0938,0,5,2,19,0,0,2,1
2024-05-06,Food Stall,Cendol,Dinner,Rainy,2.0,6.94,260,0,0,39,0.15,0,5,2,19,0,1,1,1
2024-05-06,Food Stall,Cendol,Dinner,Sunny,2.0,8.41,89,0,0,10,0.1124,0,5,2,19,0,1,1,2
2024-05-06,Food Stall,Kaya Toast Set,Breakfast,Sunny,2.8,9.89,392,0,0,22,0.0561,0,5,2,19,0,4,0,2
2024-05-06,Food Stall,Roti Canai,Breakfast,Sunny,0.8,2.5,375,0,0,24,0.064,0,5,2,19,0,7,0,2
2024-05-06,Food Stall,Roti Canai,Dinner,Rainy,0.8,2.46,144,0,0,10,0.0694,0,5,2,19,0,7,1,1
2024-05-06,Food Stall,Roti Canai,Dinner,Sunny,0.8,2.46,1027,1,0,52,0.0506,0,5,2,19,0,7,1,2
2024-05-06,Food Stall,Tandoori Chicken,Dinner,Sunny,7.0,21.94,521,0,0,51,0.0979,0,5,2,19,0,8,1,2
2024-05-06,Food Stall,Teh Tarik,Breakfast,Cloudy,0.9,2.9,346,0,0,30,0.0867,0,5,2,19,0,9,0,0
2024-05-06,Food Stall,Teh Tarik,Dinner,Sunny,0.9,2.8,608,0,0,47,0.0773,0,5,2,19,0,9,1,2
2024-05-07,Food Stall,Cendol,Dinner,Rainy,2.0,7.76,211,0,0,34,0.1611,1,5,2,19,0,1,1,1
2024-05-07,Food Stall,Char Kway Teow,Lunch,Rainy,5.0,18.03,113,0,0,14,0.1239,1,5,2,19,0,2,2,1
2024-05-07,Food Stall,Kaya Toast Set,Breakfast,Cloudy,2.8,8.44,316,0,0,11,0.0348,1,5,2,19,0,4,0,0
2024-05-07,Food Stall,Kaya Toast Set,Breakfast,Rainy,2.8,10.07,128,0,0,4,0.0312,1,5,2,19,0,4,0,1
2024-05-07,Food Stall,Kaya Toast Set,Breakfast,Sunny,2.8,9.37,371,0,0,20,0.0539,1,5,2,19,0,4,0,2
2024-05-07,Food Stall,Roti Canai,Dinner,Rainy,0.8,2.33,261,0,0,11,0.0421,1,5,2,19,0,7,1,1
2024-05-07,Food Stall,Tandoori Chicken,Dinner,Cloudy,7.0,28.46,164,0,0,18,0.1098,1,5,2,19,0,8,1,0
2024-05-07,Food Stall,Tandoori Chicken,Dinner,Rainy,7.0,17.67,187,1,0,23,0.123,1,5,2,19,0,8,1,1
2024-05-07,Food Stall,Tandoori Chicken,Dinner,Sunny,7.0,21.01,416,1,0,34,0.0817,1,5,2,19,0,8,1,2
2024-05-08,Food Stall,Cendol,Lunch,Sunny,2.0,6.36,495,0,0,65,0.1313,2,5,2,19,0,1,2,2
2024-05-08,Food Stall,Char Kway Teow,Lunch,Cloudy,5.0,20.66,61,0,0,6,0.0984,2,5,2,19,0,2,2,0
2024-05-08,Food Stall,Chicken Rice,Dinner,Sunny,4.0,14.69,54,0,0,4,0.0741,2,5,2,19,0,3,1,2
2024-05-08,Food Stall,Kaya Toast Set,Breakfast,Rainy,2.8,10.76,154,0,0,5,0.0325,2,5,2,19,0,4,0,1
2024-05-08,Food Stall,Kaya Toast Set,Breakfast,Sunny,2.8,8.52,1071,0,0,58,0.0542,2,5,2,19,0,4,0,2
2024-05-08,Food Stall,Laksa,Lunch,Cloudy,4.5,17.4,111,0,0,10,0.0901,2,5,2,19,0,5,2,0
2024-05-08,Food Stall,Roti Canai,Breakfast,Sunny,0.8,2.34,473,0,0,20,0.0423,2,5,2,19,0,7,0,2
2024-05-08,Food Stall,Roti Canai,Dinner,Cloudy,0.8,2.86,249,0,0,10,0.0402,2,5,2,19,0,7,1,0
2024-05-08,Food Stall,Roti Canai,Dinner,Sunny,0.8,1.67,514,1,0,29,0.0564,2,5,2,19,0,7,1,2
2024-05-09,Food Stall,Beef Rendang,Lunch,Cloudy,9.0,19.3,130,1,0,9,0.0692,3,5,2,19,0,0,2,0
2024-05-09,Food Stall,Cendol,Dinner,Cloudy,2.0,4.76,352,1,0,38,0.108,3,5,2,19,0,1,1,0
2024-05-09,Food Stall,Cendol,Lunch,Sunny,2.0,5.54,586,1,0,56,0.0956,3,5,2,19,0,1,2,2
2024-05-09,Food Stall,Char Kway Teow,Dinner,Sunny,5.0,12.72,243,1,0,21,0.0864,3,5,2,19,0,2,1,2
2024-05-09,Food Stall,Chicken Rice,Lunch,Sunny,4.0,15.08,320,0,0,21,0.0656,3,5,2,19,0,3,2,2
2024-05-09,Food Stall,Kaya Toast Set,Breakfast,Cloudy,2.8,8.45,283,0,0,6,0.0212,3,5,2,19,0,4,0,0
2024-05-09,Food Stall,Kaya Toast Set,Breakfast,Sunny,2.8,7.61,699,0,0,36,0.0515,3,5,2,19,0,4,0,2
2024-05-09,Food Stall,Laksa,Lunch,Sunny,4.5,13.59,243,0,0,22,0.0905,3,5,2,19,0,5,2,2
2024-05-09,Food Stall,Nasi Lemak,Breakfast,Cloudy,2.5,9.84,207,0,0,16,0.0773,3,5,2,19,0,6,0,0
2024-05-09,Food Stall,Nasi Lemak,Lunch,Sunny,2.5,9.12,197,0,0,17,0.0863,3,5,2,19,0,6,2,2
2024-05-09,Food Stall,Tandoori Chicken,Dinner,Sunny,7.0,23.88,89,1,0,7,0.0787,3,5,2,19,0,8,1,2
2024-05-09,Food Stall,Teh Tarik,Lunch,Sunny,0.9,2.84,1003,0,0,52,0.0518,3,5,2,19,0,9,2,2
2024-05-10,Food Stall,Beef Rendang,Lunch,Sunny,9.0,29.4,160,0,0,12,0.075,4,5,2,19,0,0,2,2
2024-05-10,Food Stall,Cendol,Dinner,Cloudy,2.0,7.89,92,0,0,11,0.1196,4,5,2,19,0,1,1,0
2024-05-10,Food Stall,Cendol,Lunch,Cloudy,2.0,7.02,129,0,0,17,0.1318,4,5,2,19,0,1,2,0
2024-05-10,Food Stall,Char Kway Teow,Dinner,Sunny,5.0,21.79,74,0,0,7,0.0946,4,5,2,19,0,2,1,2
2024-05-10,Food Stall,Kaya Toast Set,Breakfast,Cloudy,2.8,11.08,335,0,0,12,0.0358,4,5,2,19,0,4,0,0
2024-05-10,Food Stall,Roti Canai,Breakfast,Rainy,0.8,2.46,581,0,1,24,0.0413,4,5,2,19,0,7,0,1
2024-05-10,Food Stall,Roti Canai,Dinner,Sunny,0.8,2.4,239,0,0,11,0.046,4,5,2,19,0,7,1,2
2024-05-10,Food Stall,Tandoori Chicken,Dinner,Rainy,7.0,29.67,163,0,0,19,0.1166,4,5,2,19,0,8,1,1
2024-05-10,Food Stall,Tandoori Chicken,Dinner,Sunny,7.0,24.57,135,0,0,12,0.0889,4,5,2,19,0,8,1,2
2024-05-10,Food Stall,Teh Tarik,Lunch,Cloudy,0.9,2.92,395,0,0,27,0.0684,4,5,2,19,0,9,2,0
2024-05-11,Food Stall,Beef Rendang,Lunch,Cloudy,9.0,23.88,321,1,0,18,0.0561,5,5,2,19,1,0,2,0
2024-05-11,Food Stall,Char Kway Teow,Lunch,Cloudy,5.0,10.73,290,1,0,28,0.0966,5,5,2,19,1,2,2,0
2024-05-11,Food Stall,Laksa,Lunch,Rainy,4.5,11.38,585,1,1,41,0.0701,5,5,2,19,1,5,2,1
2024-05-11,Food Stall,Laksa,Lunch,Sunny,4.5,8.92,585,1,0,54,0.0923,5,5,2,19,1,5,2,2
2024-05-11,Food Stall,Nasi Lemak,Lunch,Cloudy,2.5,8.5,234,0,0,21,0.0897,5,5,2,19,1,6,2,0
2024-05-11,Food Stall,Tandoori Chicken,Dinner,Sunny,7.0,22.26,190,0,0,20,0.1053,5,5,2,19,1,8,1,2
2024-05-11,Food Stall,Teh Tarik,Lunch,Cloudy,0.9,2.75,769,0,1,35,0.0455,5,5,2,19,1,9,2,0
2024-05-12,Food Stall,Cendol,Lunch,Sunny,2.0,7.6,62,0,1,5,0.0806,6,5,2,19,1,1,2,2
2024-05-12,Food Stall,Char Kway Teow,Lunch,Cloudy,5.0,14.08,342,0,0,24,0.0702,6,5,2,19,1,2,2,0
2024-05-12,Food Stall,Kaya Toast Set,Breakfast,Cloudy,2.8,9.21,501,0,0,22,0.0439,6,5,2,19,1,4,0,0
2024-05-12,Food Stall,Kaya Toast Set,Breakfast,Sunny,2.8,9.07,465,0,0,14,0.0301,6,5,2,19,1,4,0,2
2024-05-12,Food Stall,Laksa,Lunch,Rainy,4.5,9.8,324,1,0,34,0.1049,6,5,2,19,1,5,2,1
2024-05-12,Food Stall,Nasi Lemak,Lunch,Sunny,2.5,8.66,325,0,0,32,0.0985,6,5,2,19,1,6,2,2
2024-05-12,Food Stall,Roti Canai,Breakfast,Rainy,0.8,2.14,376,0,0,22,0.0585,6,5,2,19,1,7,0,1
2024-05-12,Food Stall,Tandoori Chicken,Dinner,Rainy,7.0,24.78,88,0,0,12,0.1364,6,5,2,19,1,8,1,1
2024-05-12,Food Stall,Tandoori Chicken,Dinner,Sunny,7.0,24.38,369,0,0,32,0.0867,6,5,2,19,1,8,1,2
2024-05-12,Food Stall,Teh Tarik,Breakfast,Sunny,0.9,2.98,797,0,0,61,0.0765,6,5,2,19,1,9,0,2
2024-05-12,Food Stall,Teh Tarik,Lunch,Sunny,0.9,2.98,581,0,0,52,0.0895,6,5,2,19,1,9,2,2
2024-05-13,Food Stall,Cendol,Dinner,Sunny,2.0,7.65,204,0,0,25,0.1225,0,5,2,20,0,1,1,2
2024-05-13,Food Stall,Cendol,Lunch,Sunny,2.0,7.92,105,0,0,13,0.1238,0,5,2,20,0,1,2,2
2024-05-13,Food Stall,Kaya Toast Set,Breakfast,Rainy,2.8,8.86,303,0,0,12,0.0396,0,5,2,20,0,4,0,1
2024-05-13,Food Stall,Kaya Toast Set,Breakfast,Sunny,2.8,9.1,577,0,0,28,0.0485,0,5,2,20,0,4,0,2
2024-05-13,Food Stall,Laksa,Lunch,Sunny,4.5,16.99,163,0,0,14,0.0859,0,5,2,20,0,5,2,2
2024-05-13,Food Stall,Nasi Lemak,Lunch,Rainy,2.5,9.46,119,0,0,10,0.084,0,5,2,20,0,6,2,1
2024-05-13,Food Stall,Tandoori Chicken,Dinner,Cloudy,7.0,28.05,191,0,0,22,0.1152,0,5,2,20,0,8,1,0
2024-05-13,Food Stall,Tandoori Chicken,Dinner,Sunny,7.0,27.35,93,0,0,10,0.1075,0,5,2,20,0,8,1,2
2024-05-13,Food Stall,Teh Tarik,Breakfast,Cloudy,0.9,2.32,453,0,0,23,0.0508,0,5,2,20,0,9,0,0
2024-05-14,Food Stall,Cendol,Lunch,Rainy,2.0,6.67,142,0,0,23,0.162,1,5,2,20,0,1,2,1
2024-05-14,Food Stall,Char Kway Teow,Dinner,Rainy,5.0,21.01,74,0,0,9,0.1216,1,5,2,20,0,2,1,1
2024-05-14,Food Stall,Kaya Toast Set,Breakfast,Sunny,2.8,7.67,354,0,0,14,0.0395,1,5,2,20,0,4,0,2
2024-05-14,Food Stall,Laksa,Lunch,Sunny,4.5,17.12,270,0,0,22,0.0815,1,5,2,20,0,5,2,2
2024-05-14,Food Stall,Nasi Lemak,Breakfast,Rainy,2.5,10.82,92,0,0,9,0.0978,1,5,2,20,0,6,0,1
2024-05-14,Food Stall,Nasi Lemak,Breakfast,Sunny,2.5,6.84,323,0,0,31,0.096,1,5,2,20,0,6,0,2
2024-05-14,Food Stall,Roti Canai,Breakfast,Sunny,0.8,1.73,734,1,0,34,0.0463,1,5,2,20,0,7,0,2
2024-05-14,Food Stall,Tandoori Chicken,Dinner,Cloudy,7.0,24.09,68,0,1,5,0.0735,1,5,2,20,0,8,1,0
2024-05-14,Food Stall,Teh Tarik,Breakfast,Rainy,0.9,3.05,261,0,0,20,0.0766,1,5,2,20,0,9,0,1
2024-05-14,Food Stall,Teh Tarik,Lunch,Rainy,0.9,2.09,672,1,0,46,0.0685,1,5,2,20,0,9,2,1
2024-05-15,Food Stall,Beef Rendang,Lunch,Rainy,9.0,23.66,285,1,0,31,0.1088,2,5,2,20,0,0,2,1
2024-05-15,Food Stall,Cendol,Dinner,Sunny,2.0,4.24,443,1,0,42,0.0948,2,5,2,20,0,1,1,2
2024-05-15,Food Stall,Chicken Rice,Lunch,Cloudy,4.0,10.18,479,1,0,27,0.0564,2,5,2,20,0,3,2,0
2024-05-15,Food Stall,Chicken Rice,Lunch,Rainy,4.0,13.26,163,0,0,11,0.0675,2,5,2,20,0,3,2,1
2024-05-15,Food Stall,Laksa,Lunch,Sunny,4.5,14.22,924,0,0,85,0.092,2,5,2,20,0,5,2,2
2024-05-15,Food Stall,Roti Canai,Breakfast,Cloudy,0.8,2.58,830,0,0,42,0.0506,2,5,2,20,0,7,0,0
2024-05-15,Food Stall,Tandoori Chicken,Dinner,Sunny,7.0,21.32,622,1,0,42,0.0675,2,5,2,20,0,8,1,2
2024-05-15,Food Stall,Teh Tarik,Breakfast,Cloudy,0.9,2.58,822,0,0,57,0.0693,2,5,2,20,0,9,0,0
2024-05-16,Food Stall,Cendol,Dinner,Sunny,2.0,8.59,202,0,0,26,0.1287,3,5,2,20,0,1,1,2
2024-05-16,Food Stall,Cendol,Lunch,Sunny,2.0,7.62,260,0,0,35,0.1346,3,5,2,20,0,1,2,2
2024-05-16,Food Stall,Kaya Toast Set,Breakfast,Cloudy,2.8,8.51,325,0,0,17,0.0523,3,5,2,20,0,4,0,0
2024-05-16,Food Stall,Laksa,Lunch,Rainy,4.5,16.68,120,0,0,16,0.1333,3,5,2,20,0,5,2,1
2024-05-16,Food Stall,Roti Canai,Dinner,Cloudy,0.8,2.94,201,0,0,7,0.0348,3,5,2,20,0,7,1,0
2024-05-16,Food Stall,Tandoori Chicken,Dinner,Cloudy,7.0,22.49,406,1,0,31,0.0764,3,5,2,20,0,8,1,0
2024-05-16,Food Stall,Tandoori Chicken,Dinner,Rainy,7.0,30.45,70,0,0,8,0.1143,3,5,2,20,0,8,1,1
2024-05-16,Food Stall,Tandoori Chicken,Dinner,Sunny,7.0,14.42,216,1,0,16,0.0741,3,5,2,20,0,8,1,2
2024-05-16,Food Stall,Teh Tarik,Dinner,Sunny,0.9,3.01,519,0,0,37,0.0713,3,5,2,20,0,9,1,2
2024-05-16,Food Stall,Teh Tarik,Lunch,Cloudy,0.9,1.93,857,1,0,52,0.0607,3,5,2,20,0,9,2,0
2024-05-16,Food Stall,Teh Tarik,Lunch,Sunny,0.9,2.77,320,0,0,21,0.0656,3,5,2,20,0,9,2,2
2024-05-17,Food Stall,Cendol,Dinner,Sunny,2.0,6.03,129,0,0,16,0.124,4,5,2,20,0,1,1,2
2024-05-17,Food Stall,Kaya Toast Set,Breakfast,Cloudy,2.8,8.35,319,0,0,13,0.0408,4,5,2,20,0,4,0,0
2024-05-17,Food Stall,Kaya Toast Set,Breakfast,Sunny,2.8,5.97,677,1,0,15,0.0222,4,5,2,20,0,4,0,2
2024-05-17,Food Stall,Laksa,Lunch,Sunny,4.5,9.53,403,1,0,40,0.0993,4,5,2,20,0,5,2,2
2024-05-17,Food Stall,Nasi Lemak,Breakfast,Rainy,2.5,7.77,474,0,0,51,0.1076,4,5,2,20,0,6,0,1
2024-05-17,Food Stall,Nasi Lemak,Lunch,Sunny,2.5,7.25,254,0,0,24,0.0945,4,5,2,20,0,6,2,2
2024-05-17,Food Stall,Roti Canai,Breakfast,Cloudy,0.8,2.45,493,0,0,32,0.0649,4,5,2,20,0,7,0,0
2024-05-17,Food Stall,Roti Canai,Breakfast,Rainy,0.8,2.39,244,0,0,18,0.0738,4,5,2,20,0,7,0,1
2024-05-17,Food Stall,Tandoori Chicken,Dinner,Cloudy,7.0,30.1,102,0,0,10,0.098,4,5,2,20,0,8,1,0
2024-05-17,Food Stall,Tandoori Chicken,Dinner,Sunny,7.0,26.73,167,0,0,17,0.1018,4,5,2,20,0,8,1,2
2024-05-17,Food Stall,Teh Tarik,Breakfast,Rainy,0.9,2.48,466,0,0,34,0.073,4,5,2,20,0,9,0,1
2024-05-17,Food Stall,Teh Tarik,Dinner,Cloudy,0.9,2.83,353,0,0,27,0.0765,4,5,2,20,0,9,1,0
2024-05-17,Food Stall,Teh Tarik,Dinner,Sunny,0.9,2.98,414,0,0,24,0.058,4,5,2,20,0,9,1,2
2024-05-17,Food Stall,Teh Tarik,Lunch,Sunny,0.9,2.88,421,0,0,33,0.0784,4,5,2,20,0,9,2,2
2024-05-18,Food Stall,Beef Rendang,Dinner,Rainy,9.0,30.9,148,0,0,16,0.1081,5,5,2,20,1,0,1,1
2024-05-18,Food Stall,Cendol,Dinner,Cloudy,2.0,7.13,248,0,0,26,0.1048,5,5,2,20,1,1,1,0
2024-05-18,Food Stall,Cendol,Lunch,Cloudy,2.0,7.08,171,0,0,19,0.1111,5,5,2,20,1,1,2,0
2024-05-18,Food Stall,Kaya Toast Set,Breakfast,Cloudy,2.8,9.11,467,0,0,19,0.0407,5,5,2,20,1,4,0,0
2024-05-18,Food Stall,Nasi Lemak,Breakfast,Cloudy,2.5,8.2,412,0,0,35,0.085,5,5,2,20,1,6,0,0
2024-05-18,Food Stall,Nasi Lemak,Lunch,Sunny,2.5,7.6,448,0,0,31,0.0692,5,5,2,20,1,6,2,2
2024-05-18,Food Stall,Roti Canai,Dinner,Rainy,0.8,2.43,278,0,0,12,0.0432,5,5,2,20,1,7,1,1
2024-05-18,Food Stall,Tandoori Chicken,Dinner,Sunny,7.0,25.05,724,1,0,58,0.0801,5,5,2,20,1,8,1,2
2024-05-18,Food Stall,Teh Tarik,Breakfast,Rainy,0.9,2.96,639,0,1,35,0.0548,5,5,2,20,1,9,0,1
2024-05-18,Food Stall,Teh Tarik,Dinner,Cloudy,0.9,2.95,483,0,0,28,0.058,5,5,2,20,1,9,1,0
2024-05-18,Food Stall,Teh Tarik,Lunch,Sunny,0.9,2.4,2261,1,0,176,0.0778,5,5,2,20,1,9,2,2
2024-05-19,Food Stall,Beef Rendang,Dinner,Rainy,9.0,30.75,97,1,0,10,0.1031,6,5,2,20,1,0,1,1
2024-05-19,Food Stall,Cendol,Dinner,Rainy,2.0,8.93,60,0,0,8,0.1333,6,5,2,20,1,1,1,1
2024-05-19,Food Stall,Cendol,Lunch,Rainy,2.0,6.44,199,0,0,29,0.1457,6,5,2,20,1,1,2,1
2024-05-19,Food Stall,Cendol,Lunch,Sunny,2.0,6.06,772,0,0,82,0.1062,6,5,2,20,1,1,2,2
2024-05-19,Food Stall,Kaya Toast Set,Breakfast,Cloudy,2.8,9.06,412,0,0,20,0.0485,6,5,2,20,1,4,0,0
2024-05-19,Food Stall,Laksa,Lunch,Rainy,4.5,15.1,313,0,0,35,0.1118,6,5,2,20,1,5,2,1
2024-05-19,Food Stall,Roti Canai,Breakfast,Cloudy,0.8,2.71,733,0,0,33,0.045,6,5,2,20,1,7,0,0
2024-05-19,Food Stall,Roti Canai,Dinner,Sunny,0.8,2.67,286,0,0,19,0.0664,6,5,2,20,1,7,1,2
2024-05-19,Food Stall,Tandoori Chicken,Dinner,Rainy,7.0,24.13,71,0,0,8,0.1127,6,5,2,20,1,8,1,1
2024-05-19,Food Stall,Teh Tarik,Dinner,Sunny,0.9,2.75,448,0,0,31,0.0692,6,5,2,20,1,9,1,2
2024-05-20,Food Stall,Beef Rendang,Dinner,Rainy,9.0,33.86,85,0,0,9,0.1059,0,5,2,21,0,0,1,1
2024-05-20,Food Stall,Cendol,Dinner,Rainy,2.0,5.81,312,0,0,50,0.1603,0,5,2,21,0,1,1,1
2024-05-20,Food Stall,Cendol,Dinner,Sunny,2.0,6.43,288,0,0,34,0.1181,0,5,2,21,0,1,1,2
2024-05-20,Food Stall,Cendol,Lunch,Cloudy,2.0,5.85,580,1,0,52,0.0897,0,5,2,21,0,1,2,0
2024-05-20,Food Stall,Char Kway Teow,Dinner,Sunny,5.0,21.42,127,0,1,10,0.0787,0,5,2,21,0,2,1,2
2024-05-20,Food Stall,Char Kway Teow,Lunch,Sunny,5.0,19.61,136,0,0,14,0.1029,0,5,2,21,0,2,2,2
2024-05-20,Food Stall,Kaya Toast Set,Breakfast,Rainy,2.8,9.12,566,0,0,28,0.0495,0,5,2,21,0,4,0,1
2024-05-20,Food Stall,Laksa,Lunch,Rainy,4.5,12.45,238,1,0,21,0.0882,0,5,2,21,0,5,2,1
2024-05-20,Food Stall,Laksa,Lunch,Sunny,4.5,13.02,295,1,0,24,0.0814,0,5,2,21,0,5,2,2
2024-05-20,Food Stall,Roti Canai,Dinner,Cloudy,0.8,2.51,201,0,0,12,0.0597,0,5,2,21,0,7,1,0
2024-05-20,Food Stall,Tandoori Chicken,Dinner,Rainy,7.0,30.48,107,0,0,15,0.1402,0,5,2,21,0,8,1,1
2024-05-21,Food Stall,Beef Rendang,Dinner,Sunny,9.0,31.82,64,0,0,7,0.1094,1,5,2,21,0,0,1,2
2024-05-21,Food Stall,Beef Rendang,Lunch,Sunny,9.0,32.76,108,0,0,10,0.0926,1,5,2,21,0,0,2,2
2024-05-21,Food Stall,Kaya Toast Set,Breakfast,Sunny,2.8,9.51,309,0,0,10,0.0324,1,5,2,21,0,4,0,2
2024-05-21,Food Stall,Laksa,Lunch,Cloudy,4.5,10.17,257,1,0,19,0.0739,1,5,2,21,0,5,2,0
2024-05-21,Food Stall,Roti Canai,Breakfast,Cloudy,0.8,2.26,478,0,0,21,0.0439,1,5,2,21,0,7,0,0
2024-05-21,Food Stall,Roti Canai,Dinner,Rainy,0.8,2.6,188,0,0,11,0.0585,1,5,2,21,0,7,1,1
2024-05-21,Food Stall,Roti Canai,Dinner,Sunny,0.8,2.56,240,0,0,8,0.0333,1,5,2,21,0,7,1,2
2024-05-21,Food Stall,Teh Tarik,Breakfast,Sunny,0.9,2.66,446,0,0,29,0.065,1,5,2,21,0,9,0,2
2024-05-22,Food Stall,Beef Rendang,Lunch,Cloudy,9.0,39.65,115,0,0,8,0.0696,2,5,2,21,0,0,2,0
2024-05-22,Food Stall,Cendol,Dinner,Sunny,2.0,6.17,786,1,0,89,0.1132,2,5,2,21,0,1,1,2
2024-05-22,Food Stall,Cendol,Lunch,Sunny,2.0,5.92,450,0,0,56,0.1244,2,5,2,21,0,1,2,2
2024-05-22,Food Stall,Char Kway Teow,Dinner,Sunny,5.0,15.19,347,0,1,27,0.0778,2,5,2,21,0,2,1,2
2024-05-22,Food Stall,Laksa,Lunch,Cloudy,4.5,16.81,155,0,0,17,0.1097,2,5,2,21,0,5,2,0
2024-05-22,Food Stall,Laksa,Lunch,Sunny,4.5,10.21,402,1,0,39,0.097,2,5,2,21,0,5,2,2
2024-05-22,Food Stall,Roti Canai,Breakfast,Cloudy,0.8,1.36,736,1,0,32,0.0435,2,5,2,21,0,7,0,0
2024-05-22,Food Stall,Roti Canai,Breakfast,Sunny,0.8,2.5,530,0,0,19,0.0358,2,5,2,21,0,7,0,2
2024-05-22,Food Stall,Teh Tarik,Dinner,Cloudy,0.9,3.16,367,0,0,28,0.0763,2,5,2,21,0,9,1,0
2024-05-22,Food Stall,Teh Tarik,Lunch,Sunny,0.9,3.02,441,0,0,33,0.0748,2,5,2,21,0,9,2,2
2024-05-23,Food Stall,Cendol,Lunch,Rainy,2.0,7.43,164,0,0,26,0.1585,3,5,2,21,0,1,2,1
2024-05-23,Food Stall,Cendol,Lunch,Sunny,2.0,7.98,116,0,0,16,0.1379,3,5,2,21,0,1,2,2
2024-05-23,Food Stall,Chicken Rice,Lunch,Sunny,4.0,11.03,367,0,0,27,0.0736,3,5,2,21,0,3,2,2
2024-05-23,Food Stall,Kaya Toast Set,Breakfast,Sunny,2.8,7.98,467,0,0,21,0.045,3,5,2,21,0,4,0,2
2024-05-23,Food Stall,Roti Canai,Breakfast,Cloudy,0.8,2.34,252,0,0,9,0.0357,3,5,2,21,0,7,0,0
2024-05-23,Food Stall,Roti Canai,Breakfast,Sunny,0.8,2.92,239,0,0,12,0.0502,3,5,2,21,0,7,0,2
2024-05-23,Food Stall,Tandoori Chicken,Dinner,Cloudy,7.0,29.33,58,0,0,6,0.1034,3,5,2,21,0,8,1,0
2024-05-23,Food Stall,Tandoori Chicken,Dinner,Sunny,7.0,24.43,134,0,0,12,0.0896,3,5,2,21,0,8,1,2
2024-05-23,Food Stall,Teh Tarik,Breakfast,Rainy,0.9,2.83,402,0,0,30,0.0746,3,5,2,21,0,9,0,1
2024-05-23,Food Stall,Teh Tarik,Breakfast,Sunny,0.9,2.94,406,0,0,25,0.0616,3,5,2,21,0,9,0,2
2024-05-24,Food Stall,Cendol,Dinner,Sunny,2.0,6.72,539,0,0,60,0.1113,4,5,2,21,0,1,1,2
2024-05-24,Food Stall,Chicken Rice,Dinner,Cloudy,4.0,12.37,148,0,0,13,0.0878,4,5,2,21,0,3,1,0
2024-05-24,Food Stall,Chicken Rice,Lunch,Sunny,4.0,14.86,183,0,0,14,0.0765,4,5,2,21,0,3,2,2
2024-05-24,Food Stall,Kaya Toast Set,Breakfast,Rainy,2.8,8.86,643,0,0,28,0.0435,4,5,2,21,0,4,0,1
2024-05-24,Food Stall,Kaya Toast Set,Breakfast,Sunny,2.8,9.91,504,0,0,16,0.0317,4,5,2,21,0,4,0,2
2024-05-24,Food Stall,Laksa,Lunch,Rainy,4.5,19.1,274,0,0,31,0.1131,4,5,2,21,0,5,2,1
2024-05-24,Food Stall,Roti Canai,Breakfast,Cloudy,0.8,2.69,441,0,1,20,0.0454,4,5,2,21,0,7,0,0
2024-05-24,Food Stall,Roti Canai,Dinner,Cloudy,0.8,2.88,293,0,0,11,0.0375,4,5,2,21,0,7,1,0
2024-05-24,Food Stall,Roti Canai,Dinner,Sunny,0.8,3.62,126,0,0,7,0.0556,4,5,2,21,0,7,1,2
2024-05-25,Food Stall,Cendol,Dinner,Cloudy,2.0,4.85,1101,1,0,94,0.0854,5,5,2,21,1,1,1,0
2024-05-25,Food Stall,Cendol,Lunch,Cloudy,2.0,5.54,442,0,0,57,0.129,5,5,2,21,1,1,2,0
2024-05-25,Food Stall,Cendol,Lunch,Rainy,2.0,6.18,574,0,0,83,0.1446,5,5,2,21,1,1,2,1
2024-05-25,Food Stall,Char Kway Teow,Dinner,Rainy,5.0,13.56,263,0,0,29,0.1103,5,5,2,21,1,2,1,1
2024-05-25,Food Stall,Kaya Toast Set,Breakfast,Cloudy,2.8,9.34,825,0,0,18,0.0218,5,5,2,21,1,4,0,0
2024-05-25,Food Stall,Kaya Toast Set,Breakfast,Rainy,2.8,7.27,818,0,0,33,0.0403,5,5,2,21,1,4,0,1
2024-05-25,Food Stall,Kaya Toast Set,Breakfast,Sunny,2.8,7.48,716,0,0,15,0.0209,5,5,2,21,1,4,0,2
2024-05-25,Food Stall,Laksa,Lunch,Cloudy,4.5,12.87,368,0,0,42,0.1141,5,5,2,21,1,5,2,0
2024-05-25,Food Stall,Roti Canai,Breakfast,Sunny,0.8,2.28,824,0,0,33,0.04,5,5,2,21,1,7,0,2
2024-05-25,Food Stall,Roti Canai,Dinner,Sunny,0.8,2.41,615,0,0,32,0.052,5,5,2,21,1,7,1,2
2024-05-25,Food Stall,Tandoori Chicken,Dinner,Cloudy,7.0,25.07,255,0,0,21,0.0824,5,5,2,21,1,8,1,0
2024-05-25,Food Stall,Tandoori Chicken,Dinner,Rainy,7.0,20.99,311,0,1,31,0.0997,5,5,2,21,1,8,1,1
2024-05-25,Food Stall,Tandoori Chicken,Dinner,Sunny,7.0,20.56,675,1,0,53,0.0785,5,5,2,21,1,8,1,2
2024-05-26,Food Stall,Beef Rendang,Lunch,Cloudy,9.0,21.9,327,1,0,32,0.0979,6,5,2,21,1,0,2,0
2024-05-26,Food Stall,Cendol,Dinner,Sunny,2.0,6.16,250,0,0,27,0.108,6,5,2,21,1,1,1,2
2024-05-26,Food Stall,Chicken Rice,Dinner,Sunny,4.0,11.82,347,0,0,18,0.0519,6,5,2,21,1,3,1,2
2024-05-26,Food Stall,Tandoori Chicken,Dinner,Cloudy,7.0,25.86,120,0,0,12,0.1,6,5,2,21,1,8,1,0
2024-05-26,Food Stall,Tandoori Chicken,Dinner,Sunny,7.0,29.38,235,0,0,20,0.0851,6,5,2,21,1,8,1,2
2024-05-26,Food Stall,Teh Tarik,Lunch,Rainy,0.9,2.67,1164,0,0,80,0.0687,6,5,2,21,1,9,2,1
2024-05-27,Food Stall,Beef Rendang,Dinner,Sunny,9.0,29.5,211,1,0,17,0.0806,0,5,2,22,0,0,1,2
2024-05-27,Food Stall,Cendol,Dinner,Sunny,2.0,6.85,161,0,0,22,0.1366,0,5,2,22,0,1,1,2
2024-05-27,Food Stall,Char Kway Teow,Dinner,Sunny,5.0,18.12,244,0,0,24,0.0984,0,5,2,22,0,2,1,2
2024-05-27,Food Stall,Kaya Toast Set,Breakfast,Cloudy,2.8,7.78,277,0,0,10,0.0361,0,5,2,22,0,4,0,0
2024-05-27,Food Stall,Laksa,Lunch,Sunny,4.5,13.37,296,0,0,32,0.1081,0,5,2,22,0,5,2,2
2024-05-27,Food Stall,Nasi Lemak,Breakfast,Sunny,2.5,8.56,202,0,0,15,0.0743,0,5,2,22,0,6,0,2
2024-05-27,Food Stall,Roti Canai,Breakfast,Rainy,0.8,2.58,242,0,0,13,0.0537,0,5,2,22,0,7,0,1
2024-05-27,Food Stall,Tandoori Chicken,Dinner,Rainy,7.0,25.67,118,0,0,15,0.1271,0,5,2,22,0,8,1,1
2024-05-27,Food Stall,Tandoori Chicken,Dinner,Sunny,7.0,18.89,537,1,0,55,0.1024,0,5,2,22,0,8,1,2
2024-05-28,Food Stall,Cendol,Dinner,Cloudy,2.0,9.09,6,0,0,1,0.1667,1,5,2,22,0,1,1,0
2024-05-28,Food Stall,Cendol,Dinner,Sunny,2.0,6.02,260,0,0,32,0.1231,1,5,2,22,0,1,1,2
2024-05-28,Food Stall,Char Kway Teow,Lunch,Rainy,5.0,17.91,177,0,0,17,0.096,1,5,2,22,0,2,2,1
2024-05-28,Food Stall,Kaya Toast Set,Breakfast,Rainy,2.8,8.66,520,0,1,19,0.0365,1,5,2,22,0,4,0,1
2024-05-28,Food Stall,Kaya Toast Set,Breakfast,Sunny,2.8,6.57,750,1,0,31,0.0413,1,5,2,22,0,4,0,2
2024-05-28,Food Stall,Laksa,Lunch,Rainy,4.5,12.29,302,1,0,34,0.1126,1,5,2,22,0,5,2,1
2024-05-28,Food Stall,Nasi Lemak,Lunch,Cloudy,2.5,8.33,211,0,0,16,0.0758,1,5,2,22,0,6,2,0
2024-05-28,Food Stall,Roti Canai,Breakfast,Rainy,0.8,2.7,206,0,0,17,0.0825,1,5,2,22,0,7,0,1
2024-05-28,Food Stall,Roti Canai,Dinner,Sunny,0.8,2.53,751,0,0,28,0.0373,1,5,2,22,0,7,1,2
2024-05-28,Food Stall,Tandoori Chicken,Dinner,Cloudy,7.0,28.2,371,0,0,37,0.0997,1,5,2,22,0,8,1,0
2024-05-28,Food Stall,Tandoori Chicken,Dinner,Sunny,7.0,27.83,223,0,0,24,0.1076,1,5,2,22,0,8,1,2
2024-05-29,Food Stall,Beef Rendang,Lunch,Cloudy,9.0,34.6,60,0,0,5,0.0833,2,5,2,22,0,0,2,0
2024-05-29,Food Stall,Cendol,Lunch,Cloudy,2.0,7.38,199,0,0,20,0.1005,2,5,2,22,0,1,2,0
2024-05-29,Food Stall,Chicken Rice,Dinner,Cloudy,4.0,13.53,267,0,0,22,0.0824,2,5,2,22,0,3,1,0
2024-05-29,Food Stall,Kaya Toast Set,Breakfast,Rainy,2.8,9.5,348,0,0,19,0.0546,2,5,2,22,0,4,0,1
2024-05-29,Food Stall,Laksa,Lunch,Rainy,4.5,20.19,29,0,0,4,0.1379,2,5,2,22,0,5,2,1
2024-05-29,Food Stall,Laksa,Lunch,Sunny,4.5,15.77,164,0,0,19,0.1159,2,5,2,22,0,5,2,2
2024-05-29,Food Stall,Roti Canai,Dinner,Sunny,0.8,1.89,687,1,0,38,0.0553,2,5,2,22,0,7,1,2
2024-05-29,Food Stall,Tandoori Chicken,Dinner,Cloudy,7.0,27.67,106,0,0,13,0.1226,2,5,2,22,0,8,1,0
2024-05-29,Food Stall,Tandoori Chicken,Dinner,Sunny,7.0,26.94,120,0,0,12,0.1,2,5,2,22,0,8,1,2
2024-05-30,Food Stall,Beef Rendang,Dinner,Rainy,9.0,35.07,233,0,0,22,0.0944,3,5,2,22,0,0,1,1
2024-05-30,Food Stall,Beef Rendang,Lunch,Sunny,9.0,30.76,218,1,0,16,0.0734,3,5,2,22,0,0,2,2
2024-05-30,Food Stall,Cendol,Lunch,Cloudy,2.0,6.23,248,0,0,26,0.1048,3,5,2,22,0,1,2,0
2024-05-30,Food Stall,Cendol,Lunch,Sunny,2.0,7.52,205,0,0,25,0.122,3,5,2,22,0,1,2,2
2024-05-30,Food Stall,Char Kway Teow,Dinner,Sunny,5.0,14.93,144,0,0,15,0.1042,3,5,2,22,0,2,1,2
2024-05-30,Food Stall,Char Kway Teow,Lunch,Rainy,5.0,19.9,33,0,0,4,0.1212,3,5,2,22,0,2,2,1
2024-05-30,Food Stall,Chicken Rice,Dinner,Rainy,4.0,16.91,38,0,0,4,0.1053,3,5,2,22,0,3,1,1
2024-05-30,Food Stall,Kaya Toast Set,Breakfast,Cloudy,2.8,7.62,384,0,0,11,0.0286,3,5,2,22,0,4,0,0
2024-05-30,Food Stall,Kaya Toast Set,Breakfast,Sunny,2.8,9.32,450,0,0,25,0.0556,3,5,2,22,0,4,0,2
2024-05-30,Food Stall,Laksa,Lunch,Sunny,4.5,18.78,76,0,0,9,0.1184,3,5,2,22,0,5,2,2
2024-05-30,Food Stall,Nasi Lemak,Breakfast,Rainy,2.5,7.23,331,0,0,29,0.0876,3,5,2,22,0,6,0,1
2024-05-30,Food Stall,Roti Canai,Breakfast,Cloudy,0.8,2.02,758,1,0,39,0.0515,3,5,2,22,0,7,0,0
2024-05-30,Food Stall,Roti Canai,Breakfast,Rainy,0.8,3.01,241,0,0,13,0.0539,3,5,2,22,0,7,0,1
2024-05-30,Food Stall,Roti Canai,Breakfast,Sunny,0.8,2.76,349,0,0,22,0.063,3,5,2,22,0,7,0,2
2024-05-30,Food Stall,Roti Canai,Dinner,Rainy,0.8,2.89,182,0,0,15,0.0824,3,5,2,22,0,7,1,1
2024-05-30,Food Stall,Roti Canai,Dinner,Sunny,0.8,1.83,728,1,1,15,0.0206,3,5,2,22,0,7,1,2
2024-05-30,Food Stall,Tandoori Chicken,Dinner,Rainy,7.0,27.42,70,0,0,10,0.1429,3,5,2,22,0,8,1,1
2024-05-30,Food Stall,Tandoori Chicken,Dinner,Sunny,7.0,29.1,96,0,0,10,0.1042,3,5,2,22,0,8,1,2
2024-05-30,Food Stall,Teh Tarik,Breakfast,Sunny,0.9,2.36,422,0,0,38,0.09,3,5,2,22,0,9,0,2
2024-05-30,Food Stall,Teh Tarik,Lunch,Cloudy,0.9,2.67,409,0,0,28,0.0685,3,5,2,22,0,9,2,0
2024-05-31,Food Stall,Cendol,Dinner,Sunny,2.0,7.43,172,0,0,18,0.1047,4,5,2,22,0,1,1,2
2024-05-31,Food Stall,Cendol,Lunch,Rainy,2.0,6.3,132,0,0,18,0.1364,4,5,2,22,0,1,2,1
2024-05-31,Food Stall,Chicken Rice,Lunch,Cloudy,4.0,8.93,429,1,0,19,0.0443,4,5,2,22,0,3,2,0
2024-05-31,Food Stall,Kaya Toast Set,Breakfast,Cloudy,2.8,9.54,640,0,0,38,0.0594,4,5,2,22,0,4,0,0
2024-05-31,Food Stall,Kaya Toast Set,Breakfast,Sunny,2.8,7.64,565,1,0,25,0.0442,4,5,2,22,0,4,0,2
2024-05-31,Food Stall,Laksa,Lunch,Rainy,4.5,16.13,243,0,0,35,0.144,4,5,2,22,0,5,2,1
2024-05-31,Food Stall,Nasi Lemak,Breakfast,Cloudy,2.5,7.13,246,0,0,19,0.0772,4,5,2,22,0,6,0,0
2024-05-31,Food Stall,Nasi Lemak,Breakfast,Sunny,2.5,8.38,262,0,0,19,0.0725,4,5,2,22,0,6,0,2
2024-05-31,Food Stall,Roti Canai,Dinner,Rainy,0.8,2.34,304,0,0,23,0.0757,4,5,2,22,0,7,1,1
2024-05-31,Food Stall,Tandoori Chicken,Dinner,Cloudy,7.0,30.36,75,0,0,7,0.0933,4,5,2,22,0,8,1,0
2024-05-31,Food Stall,Tandoori Chicken,Dinner,Sunny,7.0,19.82,239,1,0,18,0.0753,4,5,2,22,0,8,1,2
2024-06-01,Food Stall,Cendol,Dinner,Cloudy,2.0,5.76,263,0,0,32,0.1217,5,6,2,22,1,1,1,0
2024-06-01,Food Stall,Cendol,Dinner,Sunny,2.0,7.4,145,0,0,19,0.131,5,6,2,22,1,1,1,2
2024-06-01,Food Stall,Cendol,Lunch,Cloudy,2.0,5.54,259,0,0,27,0.1042,5,6,2,22,1,1,2,0
2024-06-01,Food Stall,Cendol,Lunch,Sunny,2.0,6.46,421,0,0,52,0.1235,5,6,2,22,1,1,2,2
2024-06-01,Food Stall,Kaya Toast Set,Breakfast,Cloudy,2.8,9.48,538,0,0,22,0.0409,5,6,2,22,1,4,0,0
2024-06-01,Food Stall,Roti Canai,Dinner,Cloudy,0.8,1.64,852,1,0,24,0.0282,5,6,2,22,1,7,1,0
2024-06-01,Food Stall,Teh Tarik,Breakfast,Cloudy,0.9,2.84,620,0,0,46,0.0742,5,6,2,22,1,9,0,0
2024-06-01,Food Stall,Teh Tarik,Dinner,Sunny,0.9,2.47,699,0,0,43,0.0615,5,6,2,22,1,9,1,2
2024-06-02,Food Stall,Cendol,Dinner,Sunny,2.0,6.85,194,0,0,22,0.1134,6,6,2,22,1,1,1,2
2024-06-02,Food Stall,Cendol,Lunch,Sunny,2.0,4.66,907,1,0,104,0.1147,6,6,2,22,1,1,2,2
2024-06-02,Food Stall,Kaya Toast Set,Breakfast,Cloudy,2.8,6.8,1252,1,0,25,0.02,6,6,2,22,1,4,0,0
2024-06-02,Food Stall,Kaya Toast Set,Breakfast,Rainy,2.8,7.19,465,0,0,22,0.0473,6,6,2,22,1,4,0,1
2024-06-02,Food Stall,Nasi Lemak,Breakfast,Sunny,2.5,8.35,367,0,0,29,0.079,6,6,2,22,1,6,0,2
2024-06-02,Food Stall,Roti Canai,Breakfast,Sunny,0.8,2.63,621,0,0,37,0.0596,6,6,2,22,1,7,0,2
2024-06-02,Food Stall,Tandoori Chicken,Dinner,Sunny,7.0,21.1,173,0,0,18,0.104,6,6,2,22,1,8,1,2
2024-06-03,Food Stall,Cendol,Lunch,Sunny,2.0,7.17,229,0,0,27,0.1179,0,6,2,23,0,1,2,2
2024-06-03,Food Stall,Kaya Toast Set,Breakfast,Rainy,2.8,9.4,409,0,0,18,0.044,0,6,2,23,0,4,0,1
2024-06-03,Food Stall,Kaya Toast Set,Breakfast,Sunny,2.8,9.36,207,0,0,8,0.0386,0,6,2,23,0,4,0,2
2024-06-03,Food Stall,Laksa,Lunch,Sunny,4.5,18.12,74,0,0,8,0.1081,0,6,2,23,0,5,2,2
2024-06-03,Food Stall,Roti Canai,Breakfast,Sunny,0.8,2.57,431,0,0,15,0.0348,0,6,2,23,0,7,0,2
2024-06-03,Food Stall,Roti Canai,Dinner,Sunny,0.8,2.37,287,0,0,11,0.0383,0,6,2,23,0,7,1,2
2024-06-03,Food Stall,Tandoori Chicken,Dinner,Cloudy,7.0,22.33,166,0,0,20,0.1205,0,6,2,23,0,8,1,0
2024-06-03,Food Stall,Teh Tarik,Breakfast,Rainy,0.9,1.57,954,1,0,59,0.0618,0,6,2,23,0,9,0,1
2024-06-03,Food Stall,Teh Tarik,Dinner,Cloudy,0.9,2.51,274,0,0,20,0.073,0,6,2,23,0,9,1,0
2024-06-04,Food Stall,Beef Rendang,Lunch,Sunny,9.0,31.02,134,0,0,10,0.0746,1,6,2,23,0,0,2,2
2024-06-04,Food Stall,Cendol,Dinner,Rainy,2.0,6.85,240,0,0,34,0.1417,1,6,2,23,0,1,1,1
2024-06-04,Food Stall,Kaya Toast Set,Breakfast,Rainy,2.8,9.3,211,0,0,8,0.0379,1,6,2,23,0,4,0,1
2024-06-04,Food Stall,Kaya Toast Set,Breakfast,Sunny,2.8,7.85,792,0,0,22,0.0278,1,6,2,23,0,4,0,2
2024-06-04,Food Stall,Laksa,Lunch,Sunny,4.5,15.63,218,0,0,25,0.1147,1,6,2,23,0,5,2,2
2024-06-04,Food Stall,Roti Canai,Breakfast,Sunny,0.8,2.39,498,0,1,14,0.0281,1,6,2,23,0,7,0,2
2024-06-04,Food Stall,Tandoori Chicken,Dinner,Cloudy,7.0,22.92,342,0,1,31,0.0906,1,6,2,23,0,8,1,0
2024-06-04,Food Stall,Tandoori Chicken,Dinner,Sunny,7.0,29.04,231,0,0,27,0.1169,1,6,2,23,0,8,1,2
2024-06-05,Food Stall,Kaya Toast Set,Breakfast,Sunny,2.8,8.2,1239,1,0,61,0.0492,2,6,2,23,0,4,0,2
2024-06-05,Food Stall,Laksa,Lunch,Rainy,4.5,12.56,327,0,1,27,0.0826,2,6,2,23,0,5,2,1
2024-06-05,Food Stall,Roti Canai,Breakfast,Sunny,0.8,2.65,618,0,0,25,0.0405,2,6,2,23,0,7,0,2
2024-06-05,Food Stall,Roti Canai,Dinner,Cloudy,0.8,2.55,358,0,0,11,0.0307,2,6,2,23,0,7,1,0
2024-06-05,Food Stall,Roti Canai,Dinner,Sunny,0.8,2.44,385,0,0,25,0.0649,2,6,2,23,0,7,1,2
2024-06-05,Food Stall,Tandoori Chicken,Dinner,Cloudy,7.0,31.12,122,0,0,14,0.1148,2,6,2,23,0,8,1,0
2024-06-05,Food Stall,Tandoori Chicken,Dinner,Sunny,7.0,25.68,115,0,0,12,0.1043,2,6,2,23,0,8,1,2
2024-06-05,Food Stall,Teh Tarik,Dinner,Cloudy,0.9,2.89,488,0,1,31,0.0635,2,6,2,23,0,9,1,0
2024-06-06,Food Stall,Cendol,Dinner,Sunny,2.0,7.09,522,0,0,62,0.1188,3,6,2,23,0,1,1,2
2024-06-06,Food Stall,Cendol,Lunch,Rainy,2.0,7.95,112,0,0,16,0.1429,3,6,2,23,0,1,2,1
2024-06-06,Food Stall,Kaya Toast Set,Breakfast,Sunny,2.8,6.2,835,1,0,32,0.0383,3,6,2,23,0,4,0,2
2024-06-06,Food Stall,Laksa,Lunch,Sunny,4.5,9.96,318,1,0,33,0.1038,3,6,2,23,0,5,2,2
2024-06-06,Food Stall,Roti Canai,Dinner,Cloudy,0.8,2.66,158,0,0,10,0.0633,3,6,2,23,0,7,1,0
2024-06-06,Food Stall,Teh Tarik,Dinner,Sunny,0.9,2.72,556,0,0,37,0.0665,3,6,2,23,0,9,1,2
2024-06-07,Food Stall,Beef Rendang,Dinner,Sunny,9.0,32.86,48,0,0,4,0.0833,4,6,2,23,0,0,1,2
2024-06-07,Food Stall,Cendol,Dinner,Sunny,2.0,4.1,325,1,0,30,0.0923,4,6,2,23,0,1,1,2
2024-06-07,Food Stall,Char Kway Teow,Dinner,Sunny,5.0,15.43,142,0,0,10,0.0704,4,6,2,23,0,2,1,2
2024-06-07,Food Stall,Chicken Rice,Dinner,Sunny,4.0,15.06,201,0,0,16,0.0796,4,6,2,23,0,3,1,2
2024-06-07,Food Stall,Chicken Rice,Lunch,Cloudy,4.0,13.54,266,0,0,14,0.0526,4,6,2,23,0,3,2,0
2024-06-07,Food Stall,Kaya Toast Set,Breakfast,Rainy,2.8,6.9,493,1,0,23,0.0467,4,6,2,23,0,4,0,1
2024-06-07,Food Stall,Kaya Toast Set,Breakfast,Sunny,2.8,8.68,1255,1,0,32,0.0255,4,6,2,23,0,4,0,2
2024-06-07,Food Stall,Laksa,Lunch,Rainy,4.5,11.94,132,1,0,12,0.0909,4,6,2,23,0,5,2,1
2024-06-07,Food Stall,Roti Canai,Breakfast,Cloudy,0.8,2.51,726,0,0,33,0.0455,4,6,2,23,0,7,0,0
2024-06-07,Food Stall,Roti Canai,Dinner,Sunny,0.8,2.7,196,0,0,12,0.0612,4,6,2,23,0,7,1,2
2024-06-07,Food Stall,Tandoori Chicken,Dinner,Cloudy,7.0,24.12,103,0,0,10,0.0971,4,6,2,23,0,8,1,0
2024-06-07,Food Stall,Tandoori Chicken,Dinner,Sunny,7.0,21.76,363,0,0,40,0.1102,4,6,2,23,0,8,1,2
2024-06-07,Food Stall,Teh Tarik,Breakfast,Cloudy,0.9,2.39,422,0,0,23,0.0545,4,6,2,23,0,9,0,0
2024-06-07,Food Stall,Teh Tarik,Dinner,Cloudy,0.9,3.22,290,0,0,23,0.0793,4,6,2,23,0,9,1,0
2024-06-07,Food Stall,Teh Tarik,Dinner,Sunny,0.9,3.01,642,0,1,27,0.0421,4,6,2,23,0,9,1,2
2024-06-08,Food Stall,Cendol,Dinner,Cloudy,2.0,5.36,644,0,1,46,0.0714,5,6,2,23,1,1,1,0
2024-06-08,Food Stall,Char Kway Teow,Dinner,Sunny,5.0,15.74,194,0,0,21,0.1082,5,6,2,23,1,2,1,2
2024-06-08,Food Stall,Char Kway Teow,Lunch,Sunny,5.0,16.82,375,0,0,36,0.096,5,6,2,23,1,2,2,2
2024-06-08,Food Stall,Kaya Toast Set,Breakfast,Cloudy,2.8,6.54,1416,1,0,73,0.0516,5,6,2,23,1,4,0,0
2024-06-08,Food Stall,Kaya Toast Set,Breakfast,Rainy,2.8,9.74,596,0,0,24,0.0403,5,6,2,23,1,4,0,1
2024-06-08,Food Stall,Laksa,Lunch,Sunny,4.5,13.82,133,0,0,14,0.1053,5,6,2,23,1,5,2,2
2024-06-08,Food Stall,Nasi Lemak,Breakfast,Cloudy,2.5,8.08,322,0,0,28,0.087,5,6,2,23,1,6,0,0
2024-06-08,Food Stall,Nasi Lemak,Breakfast,Sunny,2.5,8.17,274,0,0,20,0.073,5,6,2,23,1,6,0,2
2024-06-08,Food Stall,Nasi Lemak,Lunch,Sunny,2.5,9.66,191,0,0,18,0.0942,5,6,2,23,1,6,2,2
2024-06-08,Food Stall,Tandoori Chicken,Dinner,Cloudy,7.0,21.67,160,0,0,19,0.1188,5,6,2,23,1,8,1,0
2024-06-08,Food Stall,Tandoori Chicken,Dinner,Rainy,7.0,22.35,309,0,0,43,0.1392,5,6,2,23,1,8,1,1
2024-06-08,Food Stall,Tandoori Chicken,Dinner,Sunny,7.0,23.08,308,0,0,34,0.1104,5,6,2,23,1,8,1,2
2024-06-08,Food Stall,Teh Tarik,Breakfast,Rainy,0.9,2.76,379,0,0,30,0.0792,5,6,2,23,1,9,0,1
2024-06-08,Food Stall,Teh Tarik,Breakfast,Sunny,0.9,1.8,1517,1,0,77,0.0508,5,6,2,23,1,9,0,2
2024-06-09,Food Stall,Cendol,Dinner,Cloudy,2.0,5.83,329,0,0,45,0.1368,6,6,2,23,1,1,1,0
2024-06-09,Food Stall,Cendol,Dinner,Sunny,2.0,5.91,250,0,0,27,0.108,6,6,2,23,1,1,1,2
2024-06-09,Food Stall,Cendol,Lunch,Cloudy,2.0,6.84,386,0,0,44,0.114,6,6,2,23,1,1,2,0
2024-06-09,Food Stall,Kaya Toast Set,Breakfast,Rainy,2.8,9.04,420,0,0,28,0.0667,6,6,2,23,1,4,0,1
2024-06-09,Food Stall,Kaya Toast Set,Breakfast,Sunny,2.8,8.51,327,0,0,7,0.0214,6,6,2,23,1,4,0,2
2024-06-09,Food Stall,Roti Canai,Breakfast,Cloudy,0.8,2.66,672,0,0,23,0.0342,6,6,2,23,1,7,0,0
2024-06-09,Food Stall,Roti Canai,Breakfast,Sunny,0.8,2.56,1331,0,0,49,0.0368,6,6,2,23,1,7,0,2
2024-06-09,Food Stall,Roti Canai,Dinner,Cloudy,0.8,2.35,449,0,0,24,0.0535,6,6,2,23,1,7,1,0
2024-06-09,Food Stall,Roti Canai,Dinner,Sunny,0.8,2.61,298,0,0,11,0.0369,6,6,2,23,1,7,1,2
2024-06-10,Food Stall,Kaya Toast Set,Breakfast,Cloudy,2.8,9.62,369,0,0,21,0.0569,0,6,2,24,0,4,0,0
2024-06-10,Food Stall,Kaya Toast Set,Breakfast,Sunny,2.8,7.84,336,0,0,11,0.0327,0,6,2,24,0,4,0,2
2024-06-10,Food Stall,Laksa,Lunch,Sunny,4.5,14.26,401,0,1,33,0.0823,0,6,2,24,0,5,2,2
2024-06-10,Food Stall,Nasi Lemak,Breakfast,Rainy,2.5,8.13,303,0,0,28,0.0924,0,6,2,24,0,6,0,1
2024-06-10,Food Stall,Nasi Lemak,Breakfast,Sunny,2.5,9.04,245,0,0,17,0.0694,0,6,2,24,0,6,0,2
2024-06-10,Food Stall,Roti Canai,Dinner,Cloudy,0.8,2.41,371,0,0,14,0.0377,0,6,2,24,0,7,1,0
2024-06-10,Food Stall,Roti Canai,Dinner,Sunny,0.8,2.4,131,0,0,6,0.0458,0,6,2,24,0,7,1,2
2024-06-10,Food Stall,Tandoori Chicken,Dinner,Cloudy,7.0,23.78,163,0,0,16,0.0982,0,6,2,24,0,8,1,0
2024-06-10,Food Stall,Tandoori Chicken,Dinner,Sunny,7.0,24.85,229,0,0,26,0.1135,0,6,2,24,0,8,1,2
2024-06-10,Food Stall,Teh Tarik,Breakfast,Sunny,0.9,2.48,557,0,0,31,0.0557,0,6,2,24,0,9,0,2
2024-06-10,Food Stall,Teh Tarik,Dinner,Cloudy,0.9,2.06,699,1,0,48,0.0687,0,6,2,24,0,9,1,0
2024-06-11,Food Stall,Cendol,Dinner,Sunny,2.0,6.91,274,0,0,35,0.1277,1,6,2,24,0,1,1,2
2024-06-11,Food Stall,Cendol,Lunch,Cloudy,2.0,6.4,447,1,0,48,0.1074,1,6,2,24,0,1,2,0
2024-06-11,Food Stall,Cendol,Lunch,Sunny,2.0,7.5,178,0,0,24,0.1348,1,6,2,24,0,1,2,2
2024-06-11,Food Stall,Char Kway Teow,Dinner,Sunny,5.0,17.12,214,0,0,22,0.1028,1,6,2,24,0,2,1,2
2024-06-11,Food Stall,Chicken Rice,Dinner,Sunny,4.0,12.16,160,0,0,12,0.075,1,6,2,24,0,3,1,2
2024-06-11,Food Stall,Kaya Toast Set,Breakfast,Rainy,2.8,10.23,141,0,0,8,0.0567,1,6,2,24,0,4,0,1
2024-06-11,Food Stall,Teh Tarik,Dinner,Cloudy,0.9,2.96,276,0,0,24,0.087,1,6,2,24,0,9,1,0
2024-06-11,Food Stall,Teh Tarik,Dinner,Sunny,0.9,3.5,216,0,0,14,0.0648,1,6,2,24,0,9,1,2
2024-06-12,Food Stall,Beef Rendang,Dinner,Rainy,9.0,34.94,45,0,0,5,0.1111,2,6,2,24,0,0,1,1
2024-06-12,Food Stall,Cendol,Dinner,Sunny,2.0,6.38,182,0,0,22,0.1209,2,6,2,24,0,1,1,2
2024-06-12,Food Stall,Cendol,Lunch,Sunny,2.0,7.17,19,0,0,2,0.1053,2,6,2,24,0,1,2,2
2024-06-12,Food Stall,Chicken Rice,Lunch,Sunny,4.0,13.03,167,0,0,10,0.0599,2,6,2,24,0,3,2,2
2024-06-12,Food Stall,Kaya Toast Set,Breakfast,Cloudy,2.8,9.01,298,0,0,13,0.0436,2,6,2,24,0,4,0,0
2024-06-12,Food Stall,Kaya Toast Set,Breakfast,Sunny,2.8,7.7,1179,1,0,30,0.0254,2,6,2,24,0,4,0,2
2024-06-12,Food Stall,Nasi Lemak,Breakfast,Rainy,2.5,7.31,188,1,0,19,0.1011,2,6,2,24,0,6,0,1
2024-06-12,Food Stall,Roti Canai,Dinner,Rainy,0.8,2.57,290,0,1,17,0.0586,2,6,2,24,0,7,1,1
2024-06-12,Food Stall,Tandoori Chicken,Dinner,Cloudy,7.0,27.98,136,0,0,16,0.1176,2,6,2,24,0,8,1,0
2024-06-12,Food Stall,Tandoori Chicken,Dinner,Sunny,7.0,16.95,263,1,0,20,0.076,2,6,2,24,0,8,1,2
2024-06-13,Food Stall,Cendol,Dinner,Sunny,2.0,7.43,94,0,0,10,0.1064,3,6,2,24,0,1,1,2
2024-06-13,Food Stall,Chicken Rice,Lunch,Cloudy,4.0,12.35,249,0,0,18,0.0723,3,6,2,24,0,3,2,0
2024-06-13,Food Stall,Kaya Toast Set,Breakfast,Cloudy,2.8,8.47,558,0,1,14,0.0251,3,6,2,24,0,4,0,0
2024-06-13,Food Stall,Kaya Toast Set,Breakfast,Sunny,2.8,8.99,288,0,0,15,0.0521,3,6,2,24,0,4,0,2
2024-06-13,Food Stall,Laksa,Lunch,Cloudy,4.5,19.99,126,0,0,14,0.1111,3,6,2,24,0,5,2,0
2024-06-13,Food Stall,Roti Canai,Dinner,Cloudy,0.8,2.7,271,0,0,13,0.048,3,6,2,24,0,7,1,0
2024-06-13,Food Stall,Tandoori Chicken,Dinner,Rainy,7.0,23.18,153,0,0,18,0.1176,3,6,2,24,0,8,1,1
2024-06-13,Food Stall,Tandoori Chicken,Dinner,Sunny,7.0,28.82,23,0,0,2,0.087,3,6,2,24,0,8,1,2
2024-06-13,Food Stall,Teh Tarik,Breakfast,Sunny,0.9,2.35,513,0,0,42,0.0819,3,6,2,24,0,9,0,2
2024-06-13,Food Stall,Teh Tarik,Dinner,Sunny,0.9,2.31,403,0,0,25,0.062,3,6,2,24,0,9,1,2
2024-06-14,Food Stall,Cendol,Lunch,Sunny,2.0,7.17,249,0,0,26,0.1044,4,6,2,24,0,1,2,2
2024-06-14,Food Stall,Chicken Rice,Lunch,Cloudy,4.0,15.34,45,0,0,4,0.0889,4,6,2,24,0,3,2,0
2024-06-14,Food Stall,Kaya Toast Set,Breakfast,Sunny,2.8,9.62,651,0,0,31,0.0476,4,6,2,24,0,4,0,2
2024-06-14,Food Stall,Nasi Lemak,Lunch,Sunny,2.5,8.28,295,0,0,24,0.0814,4,6,2,24,0,6,2,2
2024-06-14,Food Stall,Roti Canai,Dinner,Rainy,0.8,3.35,109,0,0,5,0.0459,4,6,2,24,0,7,1,1
2024-06-14,Food Stall,Roti Canai,Dinner,Sunny,0.8,2.42,448,0,0,22,0.0491,4,6,2,24,0,7,1,2
2024-06-14,Food Stall,Tandoori Chicken,Dinner,Rainy,7.0,26.91,170,0,0,21,0.1235,4,6,2,24,0,8,1,1
2024-06-14,Food Stall,Tandoori Chicken,Dinner,Sunny,7.0,27.66,85,0,0,7,0.0824,4,6,2,24,0,8,1,2
2024-06-15,Food Stall,Cendol,Dinner,Sunny,2.0,6.47,650,0,0,68,0.1046,5,6,2,24,1,1,1,2
2024-06-15,Food Stall,Kaya Toast Set,Breakfast,Cloudy,2.8,7.78,519,0,0,23,0.0443,5,6,2,24,1,4,0,0
2024-06-15,Food Stall,Kaya Toast Set,Breakfast,Sunny,2.8,7.97,1539,0,0,89,0.0578,5,6,2,24,1,4,0,2
2024-06-15,Food Stall,Laksa,Lunch,Sunny,4.5,12.2,499,1,0,46,0.0922,5,6,2,24,1,5,2,2
2024-06-15,Food Stall,Nasi Lemak,Breakfast,Cloudy,2.5,9.01,357,0,0,23,0.0644,5,6,2,24,1,6,0,0
2024-06-15,Food Stall,Roti Canai,Breakfast,Sunny,0.8,2.57,534,0,0,24,0.0449,5,6,2,24,1,7,0,2
2024-06-15,Food Stall,Teh Tarik,Dinner,Sunny,0.9,2.37,641,0,0,46,0.0718,5,6,2,24,1,9,1,2
2024-06-16,Food Stall,Chicken Rice,Lunch,Cloudy,4.0,17.15,61,0,0,4,0.0656,6,6,2,24,1,3,2,0
2024-06-16,Food Stall,Chicken Rice,Lunch,Rainy,4.0,12.69,293,0,0,28,0.0956,6,6,2,24,1,3,2,1
2024-06-16,Food Stall,Nasi Lemak,Breakfast,Sunny,2.5,8.37,579,0,1,38,0.0656,6,6,2,24,1,6,0,2
2024-06-16,Food Stall,Nasi Lemak,Lunch,Cloudy,2.5,8.66,389,0,0,24,0.0617,6,6,2,24,1,6,2,0
2024-06-16,Food Stall,Roti Canai,Breakfast,Sunny,0.8,2.18,531,0,0,24,0.0452,6,6,2,24,1,7,0,2
2024-06-16,Food Stall,Roti Canai,Dinner,Cloudy,0.8,2.54,721,0,0,27,0.0374,6,6,2,24,1,7,1,0
2024-06-16,Food Stall,Roti Canai,Dinner,Sunny,0.8,2.16,517,0,0,19,0.0368,6,6,2,24,1,7,1,2
2024-06-16,Food Stall,Teh Tarik,Breakfast,Sunny,0.9,2.98,747,0,0,62,0.083,6,6,2,24,1,9,0,2
2024-06-16,Food Stall,Teh Tarik,Dinner,Rainy,0.9,2.47,473,0,0,33,0.0698,6,6,2,24,1,9,1,1
2024-06-17,Food Stall,Cendol,Lunch,Sunny,2.0,5.29,290,1,0,33,0.1138,0,6,2,25,0,1,2,2
2024-06-17,Food Stall,Chicken Rice,Lunch,Sunny,4.0,15.68,161,0,0,11,0.0683,0,6,2,25,0,3,2,2
2024-06-17,Food Stall,Kaya Toast Set,Breakfast,Cloudy,2.8,8.33,291,0,0,14,0.0481,0,6,2,25,0,4,0,0
2024-06-17,Food Stall,Roti Canai,Breakfast,Cloudy,0.8,2.83,375,0,0,18,0.048,0,6,2,25,0,7,0,0
2024-06-17,Food Stall,Roti Canai,Dinner,Cloudy,0.8,2.79,299,0,0,18,0.0602,0,6,2,25,0,7,1,0
2024-06-17,Food Stall,Roti Canai,Dinner,Rainy,0.8,2.73,358,0,0,27,0.0754,0,6,2,25,0,7,1,1
2024-06-17,Food Stall,Teh Tarik,Lunch,Sunny,0.9,2.83,520,0,0,29,0.0558,0,6,2,25,0,9,2,2
2024-06-18,Food Stall,Beef Rendang,Dinner,Rainy,9.0,37.38,124,0,0,13,0.1048,1,6,2,25,0,0,1,1
2024-06-18,Food Stall,Cendol,Dinner,Sunny,2.0,6.27,381,0,0,47,0.1234,1,6,2,25,0,1,1,2
2024-06-18,Food Stall,Cendol,Lunch,Sunny,2.0,6.74,277,0,0,31,0.1119,1,6,2,25,0,1,2,2
2024-06-18,Food Stall,Nasi Lemak,Lunch,Rainy,2.5,5.14,508,1,0,34,0.0669,1,6,2,25,0,6,2,1
2024-06-18,Food Stall,Nasi Lemak,Lunch,Sunny,2.5,9.04,281,0,0,20,0.0712,1,6,2,25,0,6,2,2
2024-06-18,Food Stall,Roti Canai,Breakfast,Rainy,0.8,2.76,228,0,0,10,0.0439,1,6,2,25,0,7,0,1
2024-06-18,Food Stall,Roti Canai,Breakfast,Sunny,0.8,2.73,535,0,0,37,0.0692,1,6,2,25,0,7,0,2
2024-06-18,Food Stall,Roti Canai,Dinner,Rainy,0.8,2.51,152,0,0,12,0.0789,1,6,2,25,0,7,1,1
2024-06-18,Food Stall,Tandoori Chicken,Dinner,Sunny,7.0,25.34,81,0,1,6,0.0741,1,6,2,25,0,8,1,2
2024-06-19,Food Stall,Cendol,Dinner,Sunny,2.0,6.45,451,1,0,48,0.1064,2,6,2,25,0,1,1,2
2024-06-19,Food Stall,Chicken Rice,Dinner,Sunny,4.0,12.87,145,0,0,9,0.0621,2,6,2,25,0,3,1,2
2024-06-19,Food Stall,Kaya Toast Set,Breakfast,Sunny,2.8,10.64,243,0,0,8,0.0329,2,6,2,25,0,4,0,2
2024-06-19,Food Stall,Nasi Lemak,Breakfast,Cloudy,2.5,8.55,163,0,0,13,0.0798,2,6,2,25,0,6,0,0
2024-06-19,Food Stall,Nasi Lemak,Lunch,Sunny,2.5,5.24,503,1,0,33,0.0656,2,6,2,25,0,6,2,2
2024-06-19,Food Stall,Roti Canai,Breakfast,Sunny,0.8,2.43,312,0,0,11,0.0353,2,6,2,25,0,7,0,2
2024-06-19,Food Stall,Roti Canai,Dinner,Sunny,0.8,2.79,225,0,0,8,0.0356,2,6,2,25,0,7,1,2
2024-06-19,Food Stall,Teh Tarik,Lunch,Rainy,0.9,3.05,329,0,0,28,0.0851,2,6,2,25,0,9,2,1
2024-06-19,Food Stall,Teh Tarik,Lunch,Sunny,0.9,3.06,380,0,0,31,0.0816,2,6,2,25,0,9,2,2
2024-06-20,Food Stall,Cendol,Dinner,Cloudy,2.0,5.97,239,0,0,26,0.1088,3,6,2,25,0,1,1,0
2024-06-20,Food Stall,Cendol,Lunch,Cloudy,2.0,7.78,178,0,0,24,0.1348,3,6,2,25,0,1,2,0
2024-06-20,Food Stall,Cendol,Lunch,Sunny,2.0,6.6,169,0,0,23,0.1361,3,6,2,25,0,1,2,2
2024-06-20,Food Stall,Char Kway Teow,Dinner,Cloudy,5.0,9.11,305,1,0,22,0.0721,3,6,2,25,0,2,1,0
2024-06-20,Food Stall,Kaya Toast Set,Breakfast,Rainy,2.8,6.76,576,1,0,14,0.0243,3,6,2,25,0,4,0,1
2024-06-20,Food Stall,Laksa,Lunch,Sunny,4.5,16.66,442,0,0,36,0.0814,3,6,2,25,0,5,2,2
2024-06-20,Food Stall,Roti Canai,Dinner,Sunny,0.8,3.02,786,0,1,32,0.0407,3,6,2,25,0,7,1,2
2024-06-20,Food Stall,Tandoori Chicken,Dinner,Sunny,7.0,29.98,117,0,0,11,0.094,3,6,2,25,0,8,1,2
2024-06-21,Food Stall,Cendol,Dinner,Cloudy,2.0,6.95,115,0,0,13,0.113,4,6,2,25,0,1,1,0
2024-06-21,Food Stall,Cendol,Lunch,Sunny,2.0,7.28,169,0,0,22,0.1302,4,6,2,25,0,1,2,2
2024-06-21,Food Stall,Kaya Toast Set,Breakfast,Sunny,2.8,8.85,368,0,0,11,0.0299,4,6,2,25,0,4,0,2
2024-06-21,Food Stall,Nasi Lemak,Breakfast,Cloudy,2.5,7.05,295,0,0,28,0.0949,4,6,2,25,0,6,0,0
2024-06-21,Food Stall,Roti Canai,Dinner,Cloudy,0.8,2.39,326,0,0,15,0.046,4,6,2,25,0,7,1,0
2024-06-21,Food Stall,Roti Canai,Dinner,Sunny,0.8,2.46,336,0,0,17,0.0506,4,6,2,25,0,7,1,2
2024-06-21,Food Stall,Tandoori Chicken,Dinner,Sunny,7.0,29.28,154,0,0,13,0.0844,4,6,2,25,0,8,1,2
2024-06-22,Food Stall,Beef Rendang,Lunch,Sunny,9.0,19.89,175,1,0,12,0.0686,5,6,2,25,1,0,2,2
2024-06-22,Food Stall,Cendol,Dinner,Rainy,2.0,7.85,299,0,0,44,0.1472,5,6,2,25,1,1,1,1
2024-06-22,Food Stall,Cendol,Lunch,Sunny,2.0,7.6,238,0,0,29,0.1218,5,6,2,25,1,1,2,2
2024-06-22,Food Stall,Char Kway Teow,Dinner,Sunny,5.0,13.09,318,1,0,20,0.0629,5,6,2,25,1,2,1,2
2024-06-22,Food Stall,Char Kway Teow,Lunch,Cloudy,5.0,17.24,115,0,0,11,0.0957,5,6,2,25,1,2,2,0
2024-06-22,Food Stall,Char Kway Teow,Lunch,Rainy,5.0,19.04,120,0,0,15,0.125,5,6,2,25,1,2,2,1
2024-06-22,Food Stall,Laksa,Lunch,Sunny,4.5,13.52,551,0,0,61,0.1107,5,6,2,25,1,5,2,2
2024-06-22,Food Stall,Roti Canai,Breakfast,Cloudy,0.8,2.47,384,0,0,14,0.0365,5,6,2,25,1,7,0,0
2024-06-22,Food Stall,Roti Canai,Dinner,Cloudy,0.8,2.89,329,0,0,12,0.0365,5,6,2,25,1,7,1,0
2024-06-22,Food Stall,Roti Canai,Dinner,Rainy,0.8,2.3,382,0,0,20,0.0524,5,6,2,25,1,7,1,1
2024-06-22,Food Stall,Roti Canai,Dinner,Sunny,0.8,2.02,580,0,0,26,0.0448,5,6,2,25,1,7,1,2
2024-06-22,Food Stall,Tandoori Chicken,Dinner,Sunny,7.0,25.0,133,0,0,13,0.0977,5,6,2,25,1,8,1,2
2024-06-23,Food Stall,Beef Rendang,Lunch,Cloudy,9.0,25.92,336,0,0,29,0.0863,6,6,2,25,1,0,2,0
2024-06-23,Food Stall,Kaya Toast Set,Breakfast,Rainy,2.8,8.91,296,0,0,11,0.0372,6,6,2,25,1,4,0,1
2024-06-23,Food Stall,Laksa,Lunch,Rainy,4.5,14.38,245,0,0,33,0.1347,6,6,2,25,1,5,2,1
2024-06-23,Food Stall,Roti Canai,Dinner,Sunny,0.8,2.29,956,0,0,42,0.0439,6,6,2,25,1,7,1,2
2024-06-23,Food Stall,Teh Tarik,Breakfast,Sunny,0.9,2.46,1504,0,0,116,0.0771,6,6,2,25,1,9,0,2
2024-06-23,Food Stall,Teh Tarik,Lunch,Cloudy,0.9,3.07,489,0,0,30,0.0613,6,6,2,25,1,9,2,0
2024-06-24,Food Stall,Beef Rendang,Lunch,Cloudy,9.0,35.15,73,0,0,7,0.0959,0,6,2,26,0,0,2,0
2024-06-24,Food Stall,Beef Rendang,Lunch,Sunny,9.0,22.7,183,1,0,16,0.0874,0,6,2,26,0,0,2,2
2024-06-24,Food Stall,Char Kway Teow,Lunch,Rainy,5.0,16.81,274,0,0,31,0.1131,0,6,2,26,0,2,2,1
2024-06-24,Food Stall,Chicken Rice,Lunch,Sunny,4.0,8.34,413,1,0,29,0.0702,0,6,2,26,0,3,2,2
2024-06-24,Food Stall,Kaya Toast Set,Breakfast,Sunny,2.8,6.28,862,1,0,17,0.0197,0,6,2,26,0,4,0,2
2024-06-24,Food Stall,Laksa,Lunch,Sunny,4.5,16.8,168,0,0,19,0.1131,0,6,2,26,0,5,2,2
2024-06-24,Food Stall,Teh Tarik,Dinner,Cloudy,0.9,3.07,320,0,0,17,0.0531,0,6,2,26,0,9,1,0
2024-06-25,Food Stall,Cendol,Lunch,Rainy,2.0,9.21,28,0,0,5,0.1786,1,6,2,26,0,1,2,1
2024-06-25,Food Stall,Laksa,Lunch,Cloudy,4.5,10.67,307,1,0,28,0.0912,1,6,2,26,0,5,2,0
2024-06-25,Food Stall,Roti Canai,Breakfast,Sunny,0.8,2.68,360,0,0,23,0.0639,1,6,2,26,0,7,0,2
2024-06-25,Food Stall,Roti Canai,Dinner,Sunny,0.8,2.58,359,0,0,15,0.0418,1,6,2,26,0,7,1,2
2024-06-25,Food Stall,Teh Tarik,Lunch,Cloudy,0.9,2.79,337,0,0,26,0.0772,1,6,2,26,0,9,2,0
2024-06-26,Food Stall,Cendol,Dinner,Sunny,2.0,6.35,193,0,0,25,0.1295,2,6,2,26,0,1,1,2
2024-06-26,Food Stall,Kaya Toast Set,Breakfast,Sunny,2.8,5.17,825,1,0,23,0.0279,2,6,2,26,0,4,0,2
2024-06-26,Food Stall,Laksa,Lunch,Cloudy,4.5,9.59,383,1,0,32,0.0836,2,6,2,26,0,5,2,0
2024-06-26,Food Stall,Nasi Lemak,Lunch,Cloudy,2.5,10.67,73,0,0,7,0.0959,2,6,2,26,0,6,2,0
2024-06-26,Food Stall,Tandoori Chicken,Dinner,Cloudy,7.0,18.69,21,1,0,2,0.0952,2,6,2,26,0,8,1,0
2024-06-26,Food Stall,Tandoori Chicken,Dinner,Sunny,7.0,29.78,129,0,0,13,0.1008,2,6,2,26,0,8,1,2
2024-06-27,Food Stall,Beef Rendang,Lunch,Rainy,9.0,34.52,80,0,0,8,0.1,3,6,2,26,0,0,2,1
2024-06-27,Food Stall,Cendol,Lunch,Sunny,2.0,5.87,256,0,0,35,0.1367,3,6,2,26,0,1,2,2
2024-06-27,Food Stall,Kaya Toast Set,Breakfast,Rainy,2.8,10.54,160,0,0,8,0.05,3,6,2,26,0,4,0,1
2024-06-27,Food Stall,Roti Canai,Dinner,Cloudy,0.8,2.36,430,0,0,23,0.0535,3,6,2,26,0,7,1,0
2024-06-27,Food Stall,Roti Canai,Dinner,Sunny,0.8,2.43,170,0,0,9,0.0529,3,6,2,26,0,7,1,2
2024-06-27,Food Stall,Tandoori Chicken,Dinner,Cloudy,7.0,28.08,183,0,0,15,0.082,3,6,2,26,0,8,1,0
2024-06-27,Food Stall,Tandoori Chicken,Dinner,Rainy,7.0,24.69,199,0,0,22,0.1106,3,6,2,26,0,8,1,1
2024-06-27,Food Stall,Tandoori Chicken,Dinner,Sunny,7.0,25.63,341,1,0,30,0.088,3,6,2,26,0,8,1,2
2024-06-27,Food Stall,Teh Tarik,Breakfast,Cloudy,0.9,2.76,410,0,0,26,0.0634,3,6,2,26,0,9,0,0
2024-06-27,Food Stall,Teh Tarik,Breakfast,Sunny,0.9,3.0,581,0,0,50,0.0861,3,6,2,26,0,9,0,2
2024-06-27,Food Stall,Teh Tarik,Dinner,Sunny,0.9,2.64,417,0,0,28,0.0671,3,6,2,26,0,9,1,2
2024-06-27,Food Stall,Teh Tarik,Lunch,Rainy,0.9,2.54,356,0,0,26,0.073,3,6,2,26,0,9,2,1
2024-06-28,Food Stall,Cendol,Lunch,Sunny,2.0,7.17,226,0,0,23,0.1018,4,6,2,26,0,1,2,2
2024-06-28,Food Stall,Char Kway Teow,Lunch,Rainy,5.0,15.39,226,0,0,23,0.1018,4,6,2,26,0,2,2,1
2024-06-28,Food Stall,Kaya Toast Set,Breakfast,Sunny,2.8,4.92,523,1,0,12,0.0229,4,6,2,26,0,4,0,2
2024-06-28,Food Stall,Laksa,Lunch,Rainy,4.5,15.37,298,0,0,39,0.1309,4,6,2,26,0,5,2,1
2024-06-28,Food Stall,Roti Canai,Breakfast,Sunny,0.8,2.35,284,0,0,16,0.0563,4,6,2,26,0,7,0,2
2024-06-28,Food Stall,Roti Canai,Dinner,Sunny,0.8,2.7,231,0,0,12,0.0519,4,6,2,26,0,7,1,2
2024-06-28,Food Stall,Tandoori Chicken,Dinner,Sunny,7.0,21.82,154,1,0,10,0.0649,4,6,2,26,0,8,1,2
2024-06-28,Food Stall,Teh Tarik,Lunch,Rainy,0.9,2.45,601,1,0,50,0.0832,4,6,2,26,0,9,2,1
2024-06-29,Food Stall,Kaya Toast Set,Breakfast,Rainy,2.8,5.87,817,1,0,19,0.0233,5,6,2,26,1,4,0,1
2024-06-29,Food Stall,Kaya Toast Set,Breakfast,Sunny,2.8,9.51,518,0,0,22,0.0425,5,6,2,26,1,4,0,2
2024-06-29,Food Stall,Roti Canai,Breakfast,Sunny,0.8,2.36,1012,0,0,65,0.0642,5,6,2,26,1,7,0,2
2024-06-29,Food Stall,Roti Canai,Dinner,Sunny,0.8,2.89,309,0,0,21,0.068,5,6,2,26,1,7,1,2
2024-06-29,Food Stall,Tandoori Chicken,Dinner,Cloudy,7.0,29.31,245,0,0,25,0.102,5,6,2,26,1,8,1,0
2024-06-29,Food Stall,Tandoori Chicken,Dinner,Rainy,7.0,31.5,100,0,0,13,0.13,5,6,2,26,1,8,1,1
2024-06-29,Food Stall,Tandoori Chicken,Dinner,Sunny,7.0,25.51,65,0,0,5,0.0769,5,6,2,26,1,8,1,2
2024-06-29,Food Stall,Teh Tarik,Breakfast,Cloudy,0.9,2.38,785,0,0,56,0.0713,5,6,2,26,1,9,0,0
2024-06-29,Food Stall,Teh Tarik,Dinner,Rainy,0.9,2.94,499,0,0,41,0.0822,5,6,2,26,1,9,1,1
2024-06-29,Food Stall,Teh Tarik,Dinner,Sunny,0.9,3.06,539,0,0,40,0.0742,5,6,2,26,1,9,1,2
2024-06-30,Food Stall,Beef Rendang,Dinner,Cloudy,9.0,33.33,59,0,0,5,0.0847,6,6,2,26,1,0,1,0
2024-06-30,Food Stall,Chicken Rice,Lunch,Sunny,4.0,11.18,479,1,0,27,0.0564,6,6,2,26,1,3,2,2
2024-06-30,Food Stall,Kaya Toast Set,Breakfast,Cloudy,2.8,8.16,610,0,0,29,0.0475,6,6,2,26,1,4,0,0
2024-06-30,Food Stall,Kaya Toast Set,Breakfast,Rainy,2.8,7.85,266,0,0,15,0.0564,6,6,2,26,1,4,0,1
2024-06-30,Food Stall,Kaya Toast Set,Breakfast,Sunny,2.8,6.56,908,1,0,24,0.0264,6,6,2,26,1,4,0,2
2024-06-30,Food Stall,Laksa,Lunch,Sunny,4.5,12.05,753,1,0,53,0.0704,6,6,2,26,1,5,2,2
2024-06-30,Food Stall,Nasi Lemak,Breakfast,Cloudy,2.5,9.53,204,0,0,17,0.0833,6,6,2,26,1,6,0,0
2024-06-30,Food Stall,Roti Canai,Breakfast,Cloudy,0.8,2.07,691,0,0,24,0.0347,6,6,2,26,1,7,0,0
2024-06-30,Food Stall,Tandoori Chicken,Dinner,Cloudy,7.0,25.32,273,0,0,28,0.1026,6,6,2,26,1,8,1,0
2024-06-30,Food Stall,Tandoori Chicken,Dinner,Sunny,7.0,27.23,457,0,1,38,0.0832,6,6,2,26,1,8,1,2
2024-07-01,Food Stall,Beef Rendang,Dinner,Rainy,9.0,38.89,100,0,0,11,0.11,0,7,3,27,0,0,1,1
2024-07-01,Food Stall,Beef Rendang,Lunch,Sunny,9.0,41.33,86,0,0,8,0.093,0,7,3,27,0,0,2,2
2024-07-01,Food Stall,Cendol,Dinner,Cloudy,2.0,3.87,348,1,0,40,0.1149,0,7,3,27,0,1,1,0
2024-07-01,Food Stall,Char Kway Teow,Lunch,Rainy,5.0,20.75,111,0,0,11,0.0991,0,7,3,27,0,2,2,1
2024-07-01,Food Stall,Roti Canai,Breakfast,Cloudy,0.8,2.77,374,0,0,13,0.0348,0,7,3,27,0,7,0,0
2024-07-01,Food Stall,Roti Canai,Breakfast,Rainy,0.8,2.0,1203,1,0,86,0.0715,0,7,3,27,0,7,0,1
2024-07-01,Food Stall,Roti Canai,Breakfast,Sunny,0.8,2.3,1175,1,0,32,0.0272,0,7,3,27,0,7,0,2
2024-07-01,Food Stall,Roti Canai,Dinner,Rainy,0.8,3.48,36,0,0,2,0.0556,0,7,3,27,0,7,1,1
2024-07-01,Food Stall,Tandoori Chicken,Dinner,Cloudy,7.0,25.76,229,1,0,20,0.0873,0,7,3,27,0,8,1,0
2024-07-01,Food Stall,Tandoori Chicken,Dinner,Sunny,7.0,26.0,221,0,0,22,0.0995,0,7,3,27,0,8,1,2
2024-07-01,Food Stall,Teh Tarik,Breakfast,Rainy,0.9,2.66,389,0,0,28,0.072,0,7,3,27,0,9,0,1
2024-07-01,Food Stall,Teh Tarik,Breakfast,Sunny,0.9,2.59,434,0,0,23,0.053,0,7,3,27,0,9,0,2
2024-07-01,Food Stall,Teh Tarik,Dinner,Sunny,0.9,2.52,410,0,0,22,0.0537,0,7,3,27,0,9,1,2
2024-07-02,Food Stall,Beef Rendang,Dinner,Cloudy,9.0,34.72,185,0,0,15,0.0811,1,7,3,27,0,0,1,0
2024-07-02,Food Stall,Cendol,Lunch,Sunny,2.0,3.43,451,1,0,48,0.1064,1,7,3,27,0,1,2,2
2024-07-02,Food Stall,Kaya Toast Set,Breakfast,Rainy,2.8,6.88,440,1,0,26,0.0591,1,7,3,27,0,4,0,1
2024-07-02,Food Stall,Laksa,Lunch,Sunny,4.5,14.09,160,0,1,14,0.0875,1,7,3,27,0,5,2,2
2024-07-02,Food Stall,Roti Canai,Breakfast,Rainy,0.8,2.86,318,0,0,21,0.066,1,7,3,27,0,7,0,1
2024-07-02,Food Stall,Roti Canai,Breakfast,Sunny,0.8,2.64,339,0,0,20,0.059,1,7,3,27,0,7,0,2
2024-07-02,Food Stall,Roti Canai,Dinner,Cloudy,0.8,2.85,351,0,0,16,0.0456,1,7,3,27,0,7,1,0
2024-07-02,Food Stall,Tandoori Chicken,Dinner,Sunny,7.0,28.37,97,0,0,10,0.1031,1,7,3,27,0,8,1,2
2024-07-02,Food Stall,Teh Tarik,Lunch,Cloudy,0.9,1.71,923,1,0,54,0.0585,1,7,3,27,0,9,2,0
2024-07-03,Food Stall,Beef Rendang,Dinner,Sunny,9.0,31.09,168,0,0,18,0.1071,2,7,3,27,0,0,1,2
2024-07-03,Food Stall,Kaya Toast Set,Breakfast,Rainy,2.8,10.42,258,0,0,10,0.0388,2,7,3,27,0,4,0,1
2024-07-03,Food Stall,Laksa,Lunch,Sunny,4.5,17.32,152,0,0,13,0.0855,2,7,3,27,0,5,2,2
2024-07-03,Food Stall,Nasi Lemak,Lunch,Cloudy,2.5,7.22,361,0,0,30,0.0831,2,7,3,27,0,6,2,0
2024-07-03,Food Stall,Roti Canai,Breakfast,Sunny,0.8,2.36,385,0,0,26,0.0675,2,7,3,27,0,7,0,2
2024-07-03,Food Stall,Teh Tarik,Dinner,Sunny,0.9,2.93,335,0,0,22,0.0657,2,7,3,27,0,9,1,2
2024-07-03,Food Stall,Teh Tarik,Lunch,Cloudy,0.9,2.74,377,0,1,13,0.0345,2,7,3,27,0,9,2,0
2024-07-04,Food Stall,Cendol,Lunch,Cloudy,2.0,8.01,98,0,0,12,0.1224,3,7,3,27,0,1,2,0
2024-07-04,Food Stall,Nasi Lemak,Lunch,Rainy,2.5,9.49,212,0,0,21,0.0991,3,7,3,27,0,6,2,1
2024-07-04,Food Stall,Roti Canai,Dinner,Rainy,0.8,2.84,213,0,0,15,0.0704,3,7,3,27,0,7,1,1
2024-07-04,Food Stall,Roti Canai,Dinner,Sunny,0.8,3.52,26,0,0,1,0.0385,3,7,3,27,0,7,1,2
2024-07-04,Food Stall,Tandoori Chicken,Dinner,Sunny,7.0,26.18,235,0,0,26,0.1106,3,7,3,27,0,8,1,2
2024-07-04,Food Stall,Teh Tarik,Breakfast,Rainy,0.9,2.92,278,0,0,29,0.1043,3,7,3,27,0,9,0,1
2024-07-04,Food Stall,Teh Tarik,Lunch,Cloudy,0.9,1.97,801,1,0,52,0.0649,3,7,3,27,0,9,2,0
2024-07-05,Food Stall,Cendol,Dinner,Rainy,2.0,7.63,53,0,0,8,0.1509,4,7,3,27,0,1,1,1
2024-07-05,Food Stall,Cendol,Lunch,Cloudy,2.0,6.31,416,0,0,55,0.1322,4,7,3,27,0,1,2,0
2024-07-05,Food Stall,Char Kway Teow,Dinner,Sunny,5.0,22.93,113,0,0,10,0.0885,4,7,3,27,0,2,1,2
2024-07-05,Food Stall,Char Kway Teow,Lunch,Sunny,5.0,17.05,222,0,0,16,0.0721,4,7,3,27,0,2,2,2
2024-07-05,Food Stall,Kaya Toast Set,Breakfast,Cloudy,2.8,7.88,383,0,0,16,0.0418,4,7,3,27,0,4,0,0
2024-07-05,Food Stall,Kaya Toast Set,Breakfast,Rainy,2.8,9.16,280,0,0,19,0.0679,4,7,3,27,0,4,0,1
2024-07-05,Food Stall,Kaya Toast Set,Breakfast,Sunny,2.8,7.67,313,0,0,11,0.0351,4,7,3,27,0,4,0,2
2024-07-05,Food Stall,Nasi Lemak,Breakfast,Sunny,2.5,4.27,698,1,0,42,0.0602,4,7,3,27,0,6,0,2
2024-07-05,Food Stall,Roti Canai,Breakfast,Sunny,0.8,2.31,953,1,0,27,0.0283,4,7,3,27,0,7,0,2
2024-07-05,Food Stall,Roti Canai,Dinner,Sunny,0.8,2.84,91,0,0,3,0.033,4,7,3,27,0,7,1,2
2024-07-05,Food Stall,Tandoori Chicken,Dinner,Rainy,7.0,17.0,161,1,0,17,0.1056,4,7,3,27,0,8,1,1
2024-07-05,Food Stall,Teh Tarik,Dinner,Cloudy,0.9,2.6,294,0,0,22,0.0748,4,7,3,27,0,9,1,0
2024-07-06,Food Stall,Cendol,Lunch,Rainy,2.0,5.43,310,0,0,51,0.1645,5,7,3,27,1,1,2,1
2024-07-06,Food Stall,Cendol,Lunch,Sunny,2.0,7.19,385,0,0,53,0.1377,5,7,3,27,1,1,2,2
2024-07-06,Food Stall,Char Kway Teow,Dinner,Sunny,5.0,20.86,51,0,0,4,0.0784,5,7,3,27,1,2,1,2
2024-07-06,Food Stall,Char Kway Teow,Lunch,Cloudy,5.0,15.55,242,0,0,24,0.0992,5,7,3,27,1,2,2,0
2024-07-06,Food Stall,Kaya Toast Set,Breakfast,Sunny,2.8,8.04,436,0,0,9,0.0206,5,7,3,27,1,4,0,2
2024-07-06,Food Stall,Nasi Lemak,Lunch,Cloudy,2.5,4.49,599,1,0,38,0.0634,5,7,3,27,1,6,2,0
2024-07-06,Food Stall,Roti Canai,Dinner,Cloudy,0.8,2.15,390,0,0,20,0.0513,5,7,3,27,1,7,1,0
2024-07-06,Food Stall,Tandoori Chicken,Dinner,Rainy,7.0,26.31,99,0,0,13,0.1313,5,7,3,27,1,8,1,1
2024-07-06,Food Stall,Tandoori Chicken,Dinner,Sunny,7.0,24.1,262,0,0,31,0.1183,5,7,3,27,1,8,1,2
2024-07-06,Food Stall,Teh Tarik,Breakfast,Rainy,0.9,2.5,535,0,0,50,0.0935,5,7,3,27,1,9,0,1
2024-07-06,Food Stall,Teh Tarik,Dinner,Rainy,0.9,2.48,631,0,1,41,0.065,5,7,3,27,1,9,1,1
2024-07-07,Food Stall,Cendol,Dinner,Sunny,2.0,6.41,320,0,0,43,0.1344,6,7,3,27,1,1,1,2
2024-07-07,Food Stall,Kaya Toast Set,Breakfast,Sunny,2.8,7.87,538,0,0,29,0.0539,6,7,3,27,1,4,0,2
2024-07-07,Food Stall,Nasi Lemak,Breakfast,Sunny,2.5,7.72,560,0,0,47,0.0839,6,7,3,27,1,6,0,2
2024-07-07,Food Stall,Roti Canai,Breakfast,Sunny,0.8,1.81,1442,1,0,53,0.0368,6,7,3,27,1,7,0,2
2024-07-07,Food Stall,Roti Canai,Dinner,Sunny,0.8,1.64,881,1,0,48,0.0545,6,7,3,27,1,7,1,2
2024-07-07,Food Stall,Tandoori Chicken,Dinner,Cloudy,7.0,24.41,264,0,0,27,0.1023,6,7,3,27,1,8,1,0
2024-07-07,Food Stall,Tandoori Chicken,Dinner,Sunny,7.0,24.43,776,1,0,76,0.0979,6,7,3,27,1,8,1,2
2024-07-07,Food Stall,Teh Tarik,Dinner,Cloudy,0.9,2.96,590,0,0,44,0.0746,6,7,3,27,1,9,1,0
2024-07-08,Food Stall,Cendol,Dinner,Sunny,2.0,9.12,90,0,0,9,0.1,0,7,3,28,0,1,1,2
2024-07-08,Food Stall,Cendol,Lunch,Sunny,2.0,6.09,228,0,0,26,0.114,0,7,3,28,0,1,2,2
2024-07-08,Food Stall,Char Kway Teow,Dinner,Sunny,5.0,18.58,112,0,0,10,0.0893,0,7,3,28,0,2,1,2
2024-07-08,Food Stall,Kaya Toast Set,Breakfast,Cloudy,2.8,8.65,219,0,0,9,0.0411,0,7,3,28,0,4,0,0
2024-07-08,Food Stall,Kaya Toast Set,Breakfast,Rainy,2.8,7.96,1041,1,1,28,0.0269,0,7,3,28,0,4,0,1
2024-07-08,Food Stall,Roti Canai,Breakfast,Rainy,0.8,2.85,221,0,0,17,0.0769,0,7,3,28,0,7,0,1
2024-07-08,Food Stall,Roti Canai,Breakfast,Sunny,0.8,2.54,204,0,0,7,0.0343,0,7,3,28,0,7,0,2
2024-07-08,Food Stall,Roti Canai,Dinner,Cloudy,0.8,2.76,280,0,0,14,0.05,0,7,3,28,0,7,1,0
2024-07-08,Food Stall,Tandoori Chicken,Dinner,Sunny,7.0,32.37,97,0,0,8,0.0825,0,7,3,28,0,8,1,2
2024-07-08,Food Stall,Teh Tarik,Breakfast,Cloudy,0.9,2.53,305,0,0,16,0.0525,0,7,3,28,0,9,0,0
2024-07-08,Food Stall,Teh Tarik,Dinner,Sunny,0.9,2.98,211,0,0,15,0.0711,0,7,3,28,0,9,1,2
2024-07-09,Food Stall,Beef Rendang,Dinner,Cloudy,9.0,26.52,89,1,0,7,0.0787,1,7,3,28,0,0,1,0
2024-07-09,Food Stall,Cendol,Dinner,Rainy,2.0,4.51,321,1,0,35,0.109,1,7,3,28,0,1,1,1
2024-07-09,Food Stall,Chicken Rice,Lunch,Cloudy,4.0,14.05,160,0,0,14,0.0875,1,7,3,28,0,3,2,0
2024-07-09,Food Stall,Kaya Toast Set,Breakfast,Cloudy,2.8,8.75,562,0,0,30,0.0534,1,7,3,28,0,4,0,0
2024-07-09,Food Stall,Laksa,Lunch,Sunny,4.5,16.02,94,0,0,9,0.0957,1,7,3,28,0,5,2,2
2024-07-09,Food Stall,Tandoori Chicken,Dinner,Sunny,7.0,21.81,236,0,0,20,0.0847,1,7,3,28,0,8,1,2
2024-07-10,Food Stall,Cendol,Dinner,Cloudy,2.0,6.34,191,0,0,22,0.1152,2,7,3,28,0,1,1,0
2024-07-10,Food Stall,Cendol,Lunch,Cloudy,2.0,6.52,272,0,1,24,0.0882,2,7,3,28,0,1,2,0
2024-07-10,Food Stall,Cendol,Lunch,Rainy,2.0,5.53,257,0,0,38,0.1479,2,7,3,28,0,1,2,1
2024-07-10,Food Stall,Cendol,Lunch,Sunny,2.0,5.62,248,0,0,25,0.1008,2,7,3,28,0,1,2,2
2024-07-10,Food Stall,Char Kway Teow,Lunch,Cloudy,5.0,21.16,25,0,0,2,0.08,2,7,3,28,0,2,2,0
2024-07-10,Food Stall,Kaya Toast Set,Breakfast,Cloudy,2.8,6.16,643,1,0,14,0.0218,2,7,3,28,0,4,0,0
2024-07-10,Food Stall,Kaya Toast Set,Breakfast,Rainy,2.8,10.65,145,0,0,5,0.0345,2,7,3,28,0,4,0,1
2024-07-10,Food Stall,Laksa,Lunch,Cloudy,4.5,16.95,92,0,0,11,0.1196,2,7,3,28,0,5,2,0
2024-07-10,Food Stall,Roti Canai,Breakfast,Cloudy,0.8,2.91,233,0,0,13,0.0558,2,7,3,28,0,7,0,0
2024-07-10,Food Stall,Roti Canai,Breakfast,Rainy,0.8,2.49,289,0,0,21,0.0727,2,7,3,28,0,7,0,1
2024-07-10,Food Stall,Roti Canai,Dinner,Cloudy,0.8,2.5,265,0,0,11,0.0415,2,7,3,28,0,7,1,0
2024-07-10,Food Stall,Teh Tarik,Lunch,Cloudy,0.9,1.96,545,1,0,30,0.055,2,7,3,28,0,9,2,0
2024-07-11,Food Stall,Cendol,Dinner,Rainy,2.0,6.34,377,1,0,54,0.1432,3,7,3,28,0,1,1,1
2024-07-11,Food Stall,Cendol,Dinner,Sunny,2.0,8.36,96,0,0,13,0.1354,3,7,3,28,0,1,1,2
2024-07-11,Food Stall,Cendol,Lunch,Cloudy,2.0,7.57,82,0,0,9,0.1098,3,7,3,28,0,1,2,0
2024-07-11,Food Stall,Cendol,Lunch,Rainy,2.0,6.71,166,0,0,24,0.1446,3,7,3,28,0,1,2,1
2024-07-11,Food Stall,Cendol,Lunch,Sunny,2.0,7.39,250,0,0,29,0.116,3,7,3,28,0,1,2,2
2024-07-11,Food Stall,Chicken Rice,Lunch,Cloudy,4.0,8.48,311,1,0,24,0.0772,3,7,3,28,0,3,2,0
2024-07-11,Food Stall,Chicken Rice,Lunch,Sunny,4.0,11.96,233,0,0,13,0.0558,3,7,3,28,0,3,2,2
2024-07-11,Food Stall,Kaya Toast Set,Breakfast,Cloudy,2.8,9.34,320,0,0,17,0.0531,3,7,3,28,0,4,0,0
2024-07-11,Food Stall,Kaya Toast Set,Breakfast,Rainy,2.8,8.87,404,0,0,18,0.0446,3,7,3,28,0,4,0,1
2024-07-11,Food Stall,Roti Canai,Dinner,Sunny,0.8,2.66,289,0,0,17,0.0588,3,7,3,28,0,7,1,2
2024-07-12,Food Stall,Beef Rendang,Lunch,Rainy,9.0,23.12,183,1,0,21,0.1148,4,7,3,28,0,0,2,1
2024-07-12,Food Stall,Cendol,Dinner,Sunny,2.0,7.04,163,0,0,17,0.1043,4,7,3,28,0,1,1,2
2024-07-12,Food Stall,Cendol,Lunch,Sunny,2.0,5.16,405,0,0,51,0.1259,4,7,3,28,0,1,2,2
2024-07-12,Food Stall,Kaya Toast Set,Breakfast,Sunny,2.8,8.6,355,0,0,13,0.0366,4,7,3,28,0,4,0,2
2024-07-12,Food Stall,Laksa,Lunch,Sunny,4.5,19.63,112,0,0,10,0.0893,4,7,3,28,0,5,2,2
2024-07-12,Food Stall,Nasi Lemak,Breakfast,Sunny,2.5,8.56,365,0,0,24,0.0658,4,7,3,28,0,6,0,2
2024-07-12,Food Stall,Roti Canai,Breakfast,Cloudy,0.8,2.63,213,0,0,14,0.0657,4,7,3,28,0,7,0,0
2024-07-12,Food Stall,Roti Canai,Dinner,Cloudy,0.8,2.47,331,0,0,22,0.0665,4,7,3,28,0,7,1,0
2024-07-12,Food Stall,Tandoori Chicken,Dinner,Rainy,7.0,29.0,66,0,0,9,0.1364,4,7,3,28,0,8,1,1
2024-07-12,Food Stall,Tandoori Chicken,Dinner,Sunny,7.0,27.07,65,0,0,8,0.1231,4,7,3,28,0,8,1,2
2024-07-12,Food Stall,Teh Tarik,Dinner,Sunny,0.9,3.34,209,0,0,12,0.0574,4,7,3,28,0,9,1,2
2024-07-12,Food Stall,Teh Tarik,Lunch,Cloudy,0.9,2.43,516,0,0,33,0.064,4,7,3,28,0,9,2,0
2024-07-13,Food Stall,Beef Rendang,Dinner,Rainy,9.0,24.89,274,0,0,28,0.1022,5,7,3,28,1,0,1,1
2024-07-13,Food Stall,Cendol,Lunch,Sunny,2.0,6.64,501,0,0,64,0.1277,5,7,3,28,1,1,2,2
2024-07-13,Food Stall,Char Kway Teow,Dinner,Sunny,5.0,21.83,82,0,0,8,0.0976,5,7,3,28,1,2,1,2
2024-07-13,Food Stall,Char Kway Teow,Lunch,Cloudy,5.0,12.81,402,1,0,36,0.0896,5,7,3,28,1,2,2,0
2024-07-13,Food Stall,Chicken Rice,Lunch,Rainy,4.0,11.37,323,0,0,31,0.096,5,7,3,28,1,3,2,1
2024-07-13,Food Stall,Kaya Toast Set,Breakfast,Sunny,2.8,7.07,1183,1,0,45,0.038,5,7,3,28,1,4,0,2
2024-07-13,Food Stall,Laksa,Lunch,Sunny,4.5,14.82,168,0,0,17,0.1012,5,7,3,28,1,5,2,2
2024-07-13,Food Stall,Nasi Lemak,Breakfast,Sunny,2.5,7.14,490,0,0,32,0.0653,5,7,3,28,1,6,0,2
2024-07-13,Food Stall,Roti Canai,Breakfast,Cloudy,0.8,2.74,315,0,0,13,0.0413,5,7,3,28,1,7,0,0
2024-07-13,Food Stall,Roti Canai,Breakfast,Sunny,0.8,2.1,434,0,0,20,0.0461,5,7,3,28,1,7,0,2
2024-07-13,Food Stall,Roti Canai,Dinner,Cloudy,0.8,2.55,423,0,0,23,0.0544,5,7,3,28,1,7,1,0
2024-07-13,Food Stall,Tandoori Chicken,Dinner,Sunny,7.0,21.85,362,0,0,36,0.0994,5,7,3,28,1,8,1,2
2024-07-13,Food Stall,Teh Tarik,Breakfast,Cloudy,0.9,2.3,1747,1,0,89,0.0509,5,7,3,28,1,9,0,0
2024-07-13,Food Stall,Teh Tarik,Lunch,Sunny,0.9,2.84,744,0,0,37,0.0497,5,7,3,28,1,9,2,2
2024-07-14,Food Stall,Roti Canai,Dinner,Cloudy,0.8,2.73,469,0,0,14,0.0299,6,7,3,28,1,7,1,0
2024-07-14,Food Stall,Tandoori Chicken,Dinner,Cloudy,7.0,31.79,77,0,0,9,0.1169,6,7,3,28,1,8,1,0
2024-07-14,Food Stall,Tandoori Chicken,Dinner,Sunny,7.0,29.96,106,0,0,11,0.1038,6,7,3,28,1,8,1,2
2024-07-14,Food Stall,Teh Tarik,Dinner,Sunny,0.9,2.31,573,0,0,49,0.0855,6,7,3,28,1,9,1,2
2024-07-14,Food Stall,Teh Tarik,Lunch,Cloudy,0.9,2.96,686,0,0,51,0.0743,6,7,3,28,1,9,2,0
2024-07-14,Food Stall,Teh Tarik,Lunch,Sunny,0.9,2.86,582,0,0,48,0.0825,6,7,3,28,1,9,2,2
2024-07-15,Food Stall,Cendol,Dinner,Sunny,2.0,7.22,196,0,0,24,0.1224,0,7,3,29,0,1,1,2
2024-07-15,Food Stall,Cendol,Lunch,Rainy,2.0,5.93,277,0,0,37,0.1336,0,7,3,29,0,1,2,1
2024-07-15,Food Stall,Kaya Toast Set,Breakfast,Sunny,2.8,7.5,259,0,0,6,0.0232,0,7,3,29,0,4,0,2
2024-07-15,Food Stall,Nasi Lemak,Breakfast,Rainy,2.5,8.54,364,0,0,32,0.0879,0,7,3,29,0,6,0,1
2024-07-15,Food Stall,Nasi Lemak,Lunch,Cloudy,2.5,8.56,222,0,0,18,0.0811,0,7,3,29,0,6,2,0
2024-07-15,Food Stall,Roti Canai,Breakfast,Sunny,0.8,2.44,603,0,0,23,0.0381,0,7,3,29,0,7,0,2
2024-07-15,Food Stall,Roti Canai,Dinner,Cloudy,0.8,2.29,722,1,0,24,0.0332,0,7,3,29,0,7,1,0
2024-07-15,Food Stall,Roti Canai,Dinner,Sunny,0.8,2.36,246,0,0,11,0.0447,0,7,3,29,0,7,1,2
2024-07-15,Food Stall,Tandoori Chicken,Dinner,Cloudy,7.0,26.52,230,0,0,26,0.113,0,7,3,29,0,8,1,0
2024-07-15,Food Stall,Tandoori Chicken,Dinner,Rainy,7.0,20.7,490,1,0,43,0.0878,0,7,3,29,0,8,1,1
2024-07-15,Food Stall,Teh Tarik,Breakfast,Cloudy,0.9,2.41,398,0,0,30,0.0754,0,7,3,29,0,9,0,0
2024-07-16,Food Stall,Cendol,Dinner,Sunny,2.0,6.69,148,0,0,21,0.1419,1,7,3,29,0,1,1,2
2024-07-16,Food Stall,Cendol,Lunch,Rainy,2.0,7.14,280,0,1,34,0.1214,1,7,3,29,0,1,2,1
2024-07-16,Food Stall,Kaya Toast Set,Breakfast,Cloudy,2.8,10.98,212,0,0,7,0.033,1,7,3,29,0,4,0,0
2024-07-16,Food Stall,Kaya Toast Set,Breakfast,Sunny,2.8,7.24,482,0,0,27,0.056,1,7,3,29,0,4,0,2
2024-07-16,Food Stall,Nasi Lemak,Lunch,Cloudy,2.5,7.32,295,0,0,18,0.061,1,7,3,29,0,6,2,0
2024-07-16,Food Stall,Teh Tarik,Dinner,Cloudy,0.9,2.13,931,1,1,32,0.0344,1,7,3,29,0,9,1,0
2024-07-16,Food Stall,Teh Tarik,Lunch,Cloudy,0.9,1.99,1001,1,0,75,0.0749,1,7,3,29,0,9,2,0
2024-07-17,Food Stall,Beef Rendang,Lunch,Sunny,9.0,33.99,143,0,0,12,0.0839,2,7,3,29,0,0,2,2
2024-07-17,Food Stall,Cendol,Dinner,Rainy,2.0,7.1,126,0,0,18,0.1429,2,7,3,29,0,1,1,1
2024-07-17,Food Stall,Cendol,Lunch,Sunny,2.0,7.58,230,0,0,25,0.1087,2,7,3,29,0,1,2,2
2024-07-17,Food Stall,Nasi Lemak,Breakfast,Sunny,2.5,7.91,375,0,0,37,0.0987,2,7,3,29,0,6,0,2
2024-07-17,Food Stall,Roti Canai,Dinner,Cloudy,0.8,2.25,247,0,0,14,0.0567,2,7,3,29,0,7,1,0
2024-07-17,Food Stall,Roti Canai,Dinner,Sunny,0.8,2.58,141,0,0,10,0.0709,2,7,3,29,0,7,1,2
2024-07-17,Food Stall,Teh Tarik,Breakfast,Cloudy,0.9,1.72,1207,1,0,62,0.0514,2,7,3,29,0,9,0,0
2024-07-17,Food Stall,Teh Tarik,Lunch,Sunny,0.9,2.75,362,0,0,29,0.0801,2,7,3,29,0,9,2,2
2024-07-18,Food Stall,Beef Rendang,Dinner,Sunny,9.0,40.38,105,0,0,9,0.0857,3,7,3,29,0,0,1,2
2024-07-18,Food Stall,Beef Rendang,Lunch,Rainy,9.0,36.96,121,0,0,12,0.0992,3,7,3,29,0,0,2,1
2024-07-18,Food Stall,Cendol,Dinner,Cloudy,2.0,6.26,494,1,0,44,0.0891,3,7,3,29,0,1,1,0
2024-07-18,Food Stall,Cendol,Lunch,Cloudy,2.0,6.94,514,0,0,68,0.1323,3,7,3,29,0,1,2,0
2024-07-18,Food Stall,Kaya Toast Set,Breakfast,Cloudy,2.8,10.31,175,0,0,10,0.0571,3,7,3,29,0,4,0,0
2024-07-18,Food Stall,Kaya Toast Set,Breakfast,Sunny,2.8,9.46,254,0,0,9,0.0354,3,7,3,29,0,4,0,2
2024-07-18,Food Stall,Nasi Lemak,Breakfast,Sunny,2.5,5.97,529,1,0,41,0.0775,3,7,3,29,0,6,0,2
2024-07-18,Food Stall,Roti Canai,Breakfast,Rainy,0.8,2.12,464,0,0,36,0.0776,3,7,3,29,0,7,0,1
2024-07-19,Food Stall,Cendol,Dinner,Cloudy,2.0,6.07,304,0,0,41,0.1349,4,7,3,29,0,1,1,0
2024-07-19,Food Stall,Cendol,Dinner,Rainy,2.0,7.95,119,0,0,19,0.1597,4,7,3,29,0,1,1,1
2024-07-19,Food Stall,Cendol,Lunch,Rainy,2.0,6.79,129,0,0,18,0.1395,4,7,3,29,0,1,2,1
2024-07-19,Food Stall,Kaya Toast Set,Breakfast,Rainy,2.8,9.29,151,0,0,9,0.0596,4,7,3,29,0,4,0,1
2024-07-19,Food Stall,Laksa,Lunch,Rainy,4.5,11.43,328,1,0,41,0.125,4,7,3,29,0,5,2,1
2024-07-19,Food Stall,Nasi Lemak,Lunch,Sunny,2.5,8.78,253,0,0,22,0.087,4,7,3,29,0,6,2,2
2024-07-19,Food Stall,Roti Canai,Breakfast,Cloudy,0.8,2.33,581,0,0,25,0.043,4,7,3,29,0,7,0,0
2024-07-19,Food Stall,Roti Canai,Breakfast,Sunny,0.8,2.57,386,0,0,19,0.0492,4,7,3,29,0,7,0,2
2024-07-19,Food Stall,Teh Tarik,Dinner,Rainy,0.9,3.14,282,0,0,26,0.0922,4,7,3,29,0,9,1,1
2024-07-19,Food Stall,Teh Tarik,Lunch,Cloudy,0.9,2.77,407,0,0,29,0.0713,4,7,3,29,0,9,2,0
2024-07-20,Food Stall,Beef Rendang,Dinner,Cloudy,9.0,39.25,46,0,0,4,0.087,5,7,3,29,1,0,1,0
2024-07-20,Food Stall,Cendol,Lunch,Rainy,2.0,6.1,705,0,0,116,0.1645,5,7,3,29,1,1,2,1
2024-07-20,Food Stall,Kaya Toast Set,Breakfast,Sunny,2.8,8.54,445,0,0,12,0.027,5,7,3,29,1,4,0,2
2024-07-20,Food Stall,Roti Canai,Breakfast,Sunny,0.8,2.24,1141,0,0,37,0.0324,5,7,3,29,1,7,0,2
2024-07-20,Food Stall,Roti Canai,Dinner,Cloudy,0.8,2.29,634,0,1,29,0.0457,5,7,3,29,1,7,1,0
2024-07-20,Food Stall,Tandoori Chicken,Dinner,Cloudy,7.0,22.2,334,1,0,28,0.0838,5,7,3,29,1,8,1,0
2024-07-20,Food Stall,Tandoori Chicken,Dinner,Sunny,7.0,20.29,347,0,0,40,0.1153,5,7,3,29,1,8,1,2
2024-07-20,Food Stall,Teh Tarik,Breakfast,Sunny,0.9,1.58,1079,1,0,59,0.0547,5,7,3,29,1,9,0,2
2024-07-20,Food Stall,Teh Tarik,Dinner,Rainy,0.9,2.79,372,0,0,28,0.0753,5,7,3,29,1,9,1,1
2024-07-21,Food Stall,Beef Rendang,Dinner,Cloudy,9.0,34.29,143,0,0,13,0.0909,6,7,3,29,1,0,1,0
2024-07-21,Food Stall,Chicken Rice,Lunch,Sunny,4.0,12.12,177,0,0,15,0.0847,6,7,3,29,1,3,2,2
2024-07-21,Food Stall,Kaya Toast Set,Breakfast,Rainy,2.8,4.68,646,1,0,36,0.0557,6,7,3,29,1,4,0,1
2024-07-21,Food Stall,Kaya Toast Set,Breakfast,Sunny,2.8,7.37,818,1,0,35,0.0428,6,7,3,29,1,4,0,2
2024-07-21,Food Stall,Nasi Lemak,Breakfast,Rainy,2.5,5.53,491,1,0,34,0.0692,6,7,3,29,1,6,0,1
2024-07-21,Food Stall,Roti Canai,Breakfast,Sunny,0.8,2.64,731,0,0,46,0.0629,6,7,3,29,1,7,0,2
2024-07-21,Food Stall,Tandoori Chicken,Dinner,Sunny,7.0,29.35,47,0,0,5,0.1064,6,7,3,29,1,8,1,2
2024-07-21,Food Stall,Teh Tarik,Breakfast,Sunny,0.9,3.01,812,0,0,63,0.0776,6,7,3,29,1,9,0,2
2024-07-22,Food Stall,Cendol,Dinner,Cloudy,2.0,7.05,117,0,0,13,0.1111,0,7,3,30,0,1,1,0
2024-07-22,Food Stall,Cendol,Dinner,Sunny,2.0,5.72,290,0,0,38,0.131,0,7,3,30,0,1,1,2
2024-07-22,Food Stall,Kaya Toast Set,Breakfast,Sunny,2.8,7.63,360,0,0,13,0.0361,0,7,3,30,0,4,0,2
2024-07-22,Food Stall,Nasi Lemak,Lunch,Sunny,2.5,9.77,192,0,0,13,0.0677,0,7,3,30,0,6,2,2
2024-07-22,Food Stall,Teh Tarik,Lunch,Rainy,0.9,3.59,239,0,0,16,0.0669,0,7,3,30,0,9,2,1
2024-07-23,Food Stall,Beef Rendang,Dinner,Cloudy,9.0,29.58,139,0,0,15,0.1079,1,7,3,30,0,0,1,0
2024-07-23,Food Stall,Cendol,Dinner,Cloudy,2.0,8.4,33,0,0,4,0.1212,1,7,3,30,0,1,1,0
2024-07-23,Food Stall,Cendol,Lunch,Cloudy,2.0,7.89,207,0,0,21,0.1014,1,7,3,30,0,1,2,0
2024-07-23,Food Stall,Chicken Rice,Dinner,Cloudy,4.0,13.82,264,0,0,20,0.0758,1,7,3,30,0,3,1,0
2024-07-23,Food Stall,Kaya Toast Set,Breakfast,Cloudy,2.8,9.2,255,0,0,11,0.0431,1,7,3,30,0,4,0,0
2024-07-23,Food Stall,Kaya Toast Set,Breakfast,Sunny,2.8,8.01,521,0,0,19,0.0365,1,7,3,30,0,4,0,2
2024-07-23,Food Stall,Laksa,Lunch,Cloudy,4.5,17.47,157,0,0,15,0.0955,1,7,3,30,0,5,2,0
2024-07-23,Food Stall,Laksa,Lunch,Sunny,4.5,17.37,387,0,0,43,0.1111,1,7,3,30,0,5,2,2
2024-07-23,Food Stall,Roti Canai,Breakfast,Rainy,0.8,2.74,183,0,0,9,0.0492,1,7,3,30,0,7,0,1
2024-07-23,Food Stall,Roti Canai,Breakfast,Sunny,0.8,1.9,690,1,0,38,0.0551,1,7,3,30,0,7,0,2
2024-07-23,Food Stall,Roti Canai,Dinner,Sunny,0.8,2.54,202,0,0,11,0.0545,1,7,3,30,0,7,1,2
2024-07-23,Food Stall,Tandoori Chicken,Dinner,Cloudy,7.0,30.77,35,0,0,3,0.0857,1,7,3,30,0,8,1,0
2024-07-23,Food Stall,Tandoori Chicken,Dinner,Sunny,7.0,26.59,101,0,0,10,0.099,1,7,3,30,0,8,1,2
2024-07-23,Food Stall,Teh Tarik,Lunch,Sunny,0.9,2.62,816,0,0,49,0.06,1,7,3,30,0,9,2,2
2024-07-24,Food Stall,Cendol,Lunch,Cloudy,2.0,6.9,284,0,0,30,0.1056,2,7,3,30,0,1,2,0
2024-07-24,Food Stall,Cendol,Lunch,Sunny,2.0,6.61,283,0,0,29,0.1025,2,7,3,30,0,1,2,2
2024-07-24,Food Stall,Laksa,Lunch,Sunny,4.5,15.88,168,0,0,18,0.1071,2,7,3,30,0,5,2,2
2024-07-24,Food Stall,Nasi Lemak,Lunch,Rainy,2.5,8.76,50,0,0,6,0.12,2,7,3,30,0,6,2,1
2024-07-24,Food Stall,Roti Canai,Dinner,Sunny,0.8,2.44,488,0,1,17,0.0348,2,7,3,30,0,7,1,2
2024-07-24,Food Stall,Tandoori Chicken,Dinner,Cloudy,7.0,23.21,271,0,0,23,0.0849,2,7,3,30,0,8,1,0
2024-07-24,Food Stall,Tandoori Chicken,Dinner,Rainy,7.0,26.51,227,0,0,28,0.1233,2,7,3,30,0,8,1,1
2024-07-24,Food Stall,Teh Tarik,Breakfast,Sunny,0.9,1.83,872,1,0,47,0.0539,2,7,3,30,0,9,0,2
2024-07-25,Food Stall,Beef Rendang,Dinner,Sunny,9.0,31.04,10,0,1,1,0.1,3,7,3,30,0,0,1,2
2024-07-25,Food Stall,Kaya Toast Set,Breakfast,Sunny,2.8,10.36,199,0,0,8,0.0402,3,7,3,30,0,4,0,2
2024-07-25,Food Stall,Roti Canai,Dinner,Cloudy,0.8,2.55,318,0,1,18,0.0566,3,7,3,30,0,7,1,0
2024-07-25,Food Stall,Roti Canai,Dinner,Sunny,0.8,2.39,312,0,1,11,0.0353,3,7,3,30,0,7,1,2
2024-07-25,Food Stall,Tandoori Chicken,Dinner,Cloudy,7.0,24.79,387,0,0,46,0.1189,3,7,3,30,0,8,1,0
2024-07-25,Food Stall,Tandoori Chicken,Dinner,Sunny,7.0,27.1,166,0,1,14,0.0843,3,7,3,30,0,8,1,2
2024-07-25,Food Stall,Teh Tarik,Breakfast,Cloudy,0.9,2.92,818,0,0,49,0.0599,3,7,3,30,0,9,0,0
2024-07-25,Food Stall,Teh Tarik,Breakfast,Sunny,0.9,2.82,510,0,0,36,0.0706,3,7,3,30,0,9,0,2
2024-07-26,Food Stall,Beef Rendang,Dinner,Sunny,9.0,37.83,43,0,0,4,0.093,4,7,3,30,0,0,1,2
2024-07-26,Food Stall,Cendol,Lunch,Sunny,2.0,7.85,179,0,0,20,0.1117,4,7,3,30,0,1,2,2
2024-07-26,Food Stall,Char Kway Teow,Dinner,Rainy,5.0,21.06,30,0,0,3,0.1,4,7,3,30,0,2,1,1
2024-07-26,Food Stall,Kaya Toast Set,Breakfast,Cloudy,2.8,8.44,525,0,0,12,0.0229,4,7,3,30,0,4,0,0
2024-07-26,Food Stall,Nasi Lemak,Lunch,Cloudy,2.5,7.16,341,0,0,23,0.0674,4,7,3,30,0,6,2,0
2024-07-26,Food Stall,Nasi Lemak,Lunch,Sunny,2.5,6.01,606,1,0,43,0.071,4,7,3,30,0,6,2,2
2024-07-26,Food Stall,Roti Canai,Breakfast,Sunny,0.8,2.43,565,0,0,24,0.0425,4,7,3,30,0,7,0,2
2024-07-26,Food Stall,Tandoori Chicken,Dinner,Rainy,7.0,31.85,66,0,0,8,0.1212,4,7,3,30,0,8,1,1
2024-07-26,Food Stall,Tandoori Chicken,Dinner,Sunny,7.0,23.36,350,0,0,33,0.0943,4,7,3,30,0,8,1,2
2024-07-26,Food Stall,Teh Tarik,Breakfast,Sunny,0.9,2.34,570,0,0,48,0.0842,4,7,3,30,0,9,0,2
2024-07-26,Food Stall,Teh Tarik,Dinner,Cloudy,0.9,2.55,271,0,0,23,0.0849,4,7,3,30,0,9,1,0
2024-07-26,Food Stall,Teh Tarik,Dinner,Rainy,0.9,3.68,92,0,0,8,0.087,4,7,3,30,0,9,1,1
2024-07-27,Food Stall,Beef Rendang,Lunch,Cloudy,9.0,34.27,217,0,1,11,0.0507,5,7,3,30,1,0,2,0
2024-07-27,Food Stall,Cendol,Dinner,Cloudy,2.0,6.39,334,0,0,46,0.1377,5,7,3,30,1,1,1,0
2024-07-27,Food Stall,Cendol,Lunch,Sunny,2.0,5.26,846,1,0,78,0.0922,5,7,3,30,1,1,2,2
2024-07-27,Food Stall,Char Kway Teow,Lunch,Sunny,5.0,16.53,182,0,0,19,0.1044,5,7,3,30,1,2,2,2
2024-07-27,Food Stall,Kaya Toast Set,Breakfast,Cloudy,2.8,8.61,576,0,0,15,0.026,5,7,3,30,1,4,0,0
2024-07-27,Food Stall,Kaya Toast Set,Breakfast,Sunny,2.8,6.38,1446,1,0,70,0.0484,5,7,3,30,1,4,0,2
2024-07-27,Food Stall,Roti Canai,Dinner,Cloudy,0.8,2.03,440,0,0,13,0.0295,5,7,3,30,1,7,1,0
2024-07-27,Food Stall,Tandoori Chicken,Dinner,Cloudy,7.0,30.85,90,0,0,9,0.1,5,7,3,30,1,8,1,0
2024-07-27,Food Stall,Teh Tarik,Lunch,Sunny,0.9,2.65,1813,0,0,146,0.0805,5,7,3,30,1,9,2,2
2024-07-28,Food Stall,Cendol,Dinner,Cloudy,2.0,6.31,239,0,0,29,0.1213,6,7,3,30,1,1,1,0
2024-07-28,Food Stall,Cendol,Lunch,Cloudy,2.0,3.92,515,1,0,44,0.0854,6,7,3,30,1,1,2,0
2024-07-28,Food Stall,Cendol,Lunch,Sunny,2.0,5.92,519,0,0,60,0.1156,6,7,3,30,1,1,2,2
2024-07-28,Food Stall,Kaya Toast Set,Breakfast,Rainy,2.8,9.52,363,0,0,17,0.0468,6,7,3,30,1,4,0,1
2024-07-28,Food Stall,Roti Canai,Breakfast,Sunny,0.8,2.65,1142,0,0,36,0.0315,6,7,3,30,1,7,0,2
2024-07-28,Food Stall,Roti Canai,Dinner,Cloudy,0.8,2.18,413,0,0,17,0.0412,6,7,3,30,1,7,1,0
2024-07-28,Food Stall,Tandoori Chicken,Dinner,Cloudy,7.0,25.27,19,0,0,2,0.1053,6,7,3,30,1,8,1,0
2024-07-28,Food Stall,Tandoori Chicken,Dinner,Rainy,7.0,24.2,228,0,0,33,0.1447,6,7,3,30,1,8,1,1
2024-07-28,Food Stall,Tandoori Chicken,Dinner,Sunny,7.0,28.29,22,0,0,2,0.0909,6,7,3,30,1,8,1,2
2024-07-28,Food Stall,Teh Tarik,Dinner,Cloudy,0.9,2.88,632,0,0,33,0.0522,6,7,3,30,1,9,1,0
2024-07-28,Food Stall,Teh Tarik,Lunch,Cloudy,0.9,3.06,453,0,0,26,0.0574,6,7,3,30,1,9,2,0
2024-07-28,Food Stall,Teh Tarik,Lunch,Sunny,0.9,2.47,628,0,0,41,0.0653,6,7,3,30,1,9,2,2
2024-07-29,Food Stall,Cendol,Dinner,Rainy,2.0,7.35,39,0,0,5,0.1282,0,7,3,31,0,1,1,1
2024-07-29,Food Stall,Cendol,Lunch,Cloudy,2.0,9.11,84,0,0,9,0.1071,0,7,3,31,0,1,2,0
2024-07-29,Food Stall,Cendol,Lunch,Sunny,2.0,5.61,381,1,0,46,0.1207,0,7,3,31,0,1,2,2
2024-07-29,Food Stall,Chicken Rice,Lunch,Cloudy,4.0,13.72,146,0,0,13,0.089,0,7,3,31,0,3,2,0
2024-07-29,Food Stall,Kaya Toast Set,Breakfast,Sunny,2.8,8.62,228,0,0,13,0.057,0,7,3,31,0,4,0,2
2024-07-29,Food Stall,Laksa,Lunch,Sunny,4.5,16.33,215,0,0,23,0.107,0,7,3,31,0,5,2,2
2024-07-29,Food Stall,Nasi Lemak,Breakfast,Cloudy,2.5,8.08,231,0,0,21,0.0909,0,7,3,31,0,6,0,0
2024-07-29,Food Stall,Roti Canai,Breakfast,Rainy,0.8,2.46,500,0,0,23,0.046,0,7,3,31,0,7,0,1
2024-07-29,Food Stall,Roti Canai,Breakfast,Sunny,0.8,2.61,259,0,0,11,0.0425,0,7,3,31,0,7,0,2
2024-07-29,Food Stall,Tandoori Chicken,Dinner,Rainy,7.0,28.45,397,0,1,34,0.0856,0,7,3,31,0,8,1,1
2024-07-29,Food Stall,Tandoori Chicken,Dinner,Sunny,7.0,25.66,89,0,0,9,0.1011,0,7,3,31,0,8,1,2
2024-07-29,Food Stall,Teh Tarik,Breakfast,Sunny,0.9,2.52,589,0,0,38,0.0645,0,7,3,31,0,9,0,2
2024-07-29,Food Stall,Teh Tarik,Lunch,Rainy,0.9,3.51,73,0,0,5,0.0685,0,7,3,31,0,9,2,1
2024-07-30,Food Stall,Beef Rendang,Lunch,Sunny,9.0,31.67,82,0,0,6,0.0732,1,7,3,31,0,0,2,2
2024-07-30,Food Stall,Char Kway Teow,Lunch,Cloudy,5.0,19.13,214,0,0,16,0.0748,1,7,3,31,0,2,2,0
2024-07-30,Food Stall,Kaya Toast Set,Breakfast,Cloudy,2.8,7.45,427,0,0,24,0.0562,1,7,3,31,0,4,0,0
2024-07-30,Food Stall,Kaya Toast Set,Breakfast,Sunny,2.8,8.25,583,0,0,20,0.0343,1,7,3,31,0,4,0,2
2024-07-30,Food Stall,Tandoori Chicken,Dinner,Sunny,7.0,22.45,238,0,0,26,0.1092,1,7,3,31,0,8,1,2
2024-07-30,Food Stall,Teh Tarik,Lunch,Sunny,0.9,3.23,387,0,0,20,0.0517,1,7,3,31,0,9,2,2
2024-07-31,Food Stall,Beef Rendang,Dinner,Cloudy,9.0,35.33,25,0,0,2,0.08,2,7,3,31,0,0,1,0
2024-07-31,Food Stall,Cendol,Dinner,Sunny,2.0,6.14,399,1,0,37,0.0927,2,7,3,31,0,1,1,2
2024-07-31,Food Stall,Cendol,Lunch,Cloudy,2.0,6.57,275,0,0,28,0.1018,2,7,3,31,0,1,2,0
2024-07-31,Food Stall,Char Kway Teow,Lunch,Sunny,5.0,22.74,69,0,0,7,0.1014,2,7,3,31,0,2,2,2
2024-07-31,Food Stall,Laksa,Lunch,Sunny,4.5,20.47,92,0,0,7,0.0761,2,7,3,31,0,5,2,2
2024-07-31,Food Stall,Roti Canai,Breakfast,Rainy,0.8,2.57,204,0,0,13,0.0637,2,7,3,31,0,7,0,1
2024-07-31,Food Stall,Roti Canai,Dinner,Cloudy,0.8,3.16,150,0,0,5,0.0333,2,7,3,31,0,7,1,0
2024-07-31,Food Stall,Roti Canai,Dinner,Sunny,0.8,2.73,348,0,0,15,0.0431,2,7,3,31,0,7,1,2
2024-07-31,Food Stall,Tandoori Chicken,Dinner,Sunny,7.0,26.94,204,0,0,24,0.1176,2,7,3,31,0,8,1,2
2024-08-01,Food Stall,Kaya Toast Set,Breakfast,Cloudy,2.8,6.25,654,1,0,25,0.0382,3,8,3,31,0,4,0,0
2024-08-01,Food Stall,Kaya Toast Set,Breakfast,Sunny,2.8,7.83,632,0,0,35,0.0554,3,8,3,31,0,4,0,2
2024-08-01,Food Stall,Nasi Lemak,Breakfast,Cloudy,2.5,6.54,506,0,0,31,0.0613,3,8,3,31,0,6,0,0
2024-08-01,Food Stall,Roti Canai,Breakfast,Cloudy,0.8,2.34,1422,0,0,57,0.0401,3,8,3,31,0,7,0,0
2024-08-01,Food Stall,Roti Canai,Dinner,Cloudy,0.8,2.2,1361,1,0,56,0.0411,3,8,3,31,0,7,1,0
2024-08-01,Food Stall,Tandoori Chicken,Dinner,Cloudy,7.0,27.67,113,0,0,10,0.0885,3,8,3,31,0,8,1,0
2024-08-01,Food Stall,Teh Tarik,Breakfast,Rainy,0.9,2.78,1440,0,0,140,0.0972,3,8,3,31,0,9,0,1
2024-08-02,Food Stall,Beef Rendang,Dinner,Sunny,9.0,24.36,272,0,0,29,0.1066,4,8,3,31,0,0,1,2
2024-08-02,Food Stall,Cendol,Dinner,Cloudy,2.0,4.75,192,1,0,20,0.1042,4,8,3,31,0,1,1,0
2024-08-02,Food Stall,Cendol,Dinner,Sunny,2.0,6.88,159,0,1,16,0.1006,4,8,3,31,0,1,1,2
2024-08-02,Food Stall,Cendol,Lunch,Cloudy,2.0,7.23,142,0,0,19,0.1338,4,8,3,31,0,1,2,0
2024-08-02,Food Stall,Cendol,Lunch,Sunny,2.0,6.15,502,1,0,48,0.0956,4,8,3,31,0,1,2,2
2024-08-02,Food Stall,Kaya Toast Set,Breakfast,Rainy,2.8,8.73,418,0,0,20,0.0478,4,8,3,31,0,4,0,1
2024-08-02,Food Stall,Laksa,Lunch,Cloudy,4.5,20.27,117,0,0,13,0.1111,4,8,3,31,0,5,2,0
2024-08-02,Food Stall,Nasi Lemak,Breakfast,Cloudy,2.5,9.71,192,0,0,14,0.0729,4,8,3,31,0,6,0,0
2024-08-02,Food Stall,Tandoori Chicken,Dinner,Cloudy,7.0,26.5,178,0,0,20,0.1124,4,8,3,31,0,8,1,0
2024-08-03,Food Stall,Beef Rendang,Dinner,Sunny,9.0,32.11,197,0,0,15,0.0761,5,8,3,31,1,0,1,2
2024-08-03,Food Stall,Cendol,Dinner,Sunny,2.0,9.13,96,0,0,12,0.125,5,8,3,31,1,1,1,2
2024-08-03,Food Stall,Kaya Toast Set,Breakfast,Cloudy,2.8,7.74,394,0,0,16,0.0406,5,8,3,31,1,4,0,0
2024-08-03,Food Stall,Kaya Toast Set,Breakfast,Sunny,2.8,6.9,887,1,1,18,0.0203,5,8,3,31,1,4,0,2
2024-08-03,Food Stall,Laksa,Lunch,Cloudy,4.5,15.69,182,0,0,17,0.0934,5,8,3,31,1,5,2,0
2024-08-03,Food Stall,Roti Canai,Breakfast,Cloudy,0.8,2.39,571,0,0,34,0.0595,5,8,3,31,1,7,0,0
2024-08-03,Food Stall,Roti Canai,Breakfast,Sunny,0.8,2.38,612,0,0,30,0.049,5,8,3,31,1,7,0,2
2024-08-03,Food Stall,Tandoori Chicken,Dinner,Cloudy,7.0,22.58,166,0,0,15,0.0904,5,8,3,31,1,8,1,0
2024-08-04,Food Stall,Beef Rendang,Dinner,Sunny,9.0,34.8,75,0,0,7,0.0933,6,8,3,31,1,0,1,2
2024-08-04,Food Stall,Kaya Toast Set,Breakfast,Cloudy,2.8,7.16,526,0,0,13,0.0247,6,8,3,31,1,4,0,0
2024-08-04,Food Stall,Kaya Toast Set,Breakfast,Rainy,2.8,5.01,817,1,1,16,0.0196,6,8,3,31,1,4,0,1
2024-08-04,Food Stall,Laksa,Lunch,Sunny,4.5,13.7,241,0,0,19,0.0788,6,8,3,31,1,5,2,2
2024-08-04,Food Stall,Nasi Lemak,Breakfast,Cloudy,2.5,7.92,383,0,0,24,0.0627,6,8,3,31,1,6,0,0
2024-08-04,Food Stall,Nasi Lemak,Breakfast,Rainy,2.5,8.85,392,0,1,37,0.0944,6,8,3,31,1,6,0,1
2024-08-04,Food Stall,Nasi Lemak,Lunch,Cloudy,2.5,5.16,844,1,0,49,0.0581,6,8,3,31,1,6,2,0
2024-08-04,Food Stall,Roti Canai,Dinner,Rainy,0.8,2.47,383,0,0,26,0.0679,6,8,3,31,1,7,1,1
2024-08-04,Food Stall,Tandoori Chicken,Dinner,Sunny,7.0,25.96,395,0,0,45,0.1139,6,8,3,31,1,8,1,2
2024-08-05,Food Stall,Beef Rendang,Dinner,Sunny,9.0,32.03,137,0,0,10,0.073,0,8,3,32,0,0,1,2
2024-08-05,Food Stall,Beef Rendang,Lunch,Cloudy,9.0,34.77,85,0,0,9,0.1059,0,8,3,32,0,0,2,0
2024-08-05,Food Stall,Cendol,Dinner,Cloudy,2.0,8.03,235,0,0,25,0.1064,0,8,3,32,0,1,1,0
2024-08-05,Food Stall,Cendol,Dinner,Sunny,2.0,7.56,114,0,0,13,0.114,0,8,3,32,0,1,1,2
2024-08-05,Food Stall,Char Kway Teow,Lunch,Rainy,5.0,17.57,123,0,0,15,0.122,0,8,3,32,0,2,2,1
2024-08-05,Food Stall,Kaya Toast Set,Breakfast,Cloudy,2.8,9.08,370,0,0,16,0.0432,0,8,3,32,0,4,0,0
2024-08-05,Food Stall,Roti Canai,Breakfast,Sunny,0.8,2.0,628,1,0,24,0.0382,0,8,3,32,0,7,0,2
2024-08-05,Food Stall,Roti Canai,Dinner,Cloudy,0.8,2.64,365,0,0,18,0.0493,0,8,3,32,0,7,1,0
2024-08-05,Food Stall,Roti Canai,Dinner,Rainy,0.8,1.9,449,1,0,30,0.0668,0,8,3,32,0,7,1,1
2024-08-05,Food Stall,Roti Canai,Dinner,Sunny,0.8,2.56,544,0,0,24,0.0441,0,8,3,32,0,7,1,2
2024-08-05,Food Stall,Tandoori Chicken,Dinner,Rainy,7.0,24.43,9,0,0,1,0.1111,0,8,3,32,0,8,1,1
2024-08-05,Food Stall,Teh Tarik,Dinner,Cloudy,0.9,3.26,379,0,0,20,0.0528,0,8,3,32,0,9,1,0
2024-08-05,Food Stall,Teh Tarik,Lunch,Cloudy,0.9,2.38,476,0,0,39,0.0819,0,8,3,32,0,9,2,0
2024-08-06,Food Stall,Beef Rendang,Lunch,Sunny,9.0,41.41,66,0,0,7,0.1061,1,8,3,32,0,0,2,2
2024-08-06,Food Stall,Cendol,Dinner,Sunny,2.0,7.05,294,0,0,40,0.1361,1,8,3,32,0,1,1,2
2024-08-06,Food Stall,Chicken Rice,Lunch,Sunny,4.0,13.19,285,0,0,20,0.0702,1,8,3,32,0,3,2,2
2024-08-06,Food Stall,Laksa,Lunch,Sunny,4.5,15.55,40,0,0,4,0.1,1,8,3,32,0,5,2,2
2024-08-06,Food Stall,Roti Canai,Breakfast,Rainy,0.8,1.73,774,1,0,27,0.0349,1,8,3,32,0,7,0,1
2024-08-06,Food Stall,Teh Tarik,Dinner,Cloudy,0.9,2.01,685,1,0,47,0.0686,1,8,3,32,0,9,1,0
2024-08-06,Food Stall,Teh Tarik,Dinner,Rainy,0.9,3.07,189,0,0,14,0.0741,1,8,3,32,0,9,1,1
2024-08-07,Food Stall,Beef Rendang,Dinner,Sunny,9.0,29.94,134,0,0,11,0.0821,2,8,3,32,0,0,1,2
2024-08-07,Food Stall,Char Kway Teow,Lunch,Sunny,5.0,14.53,276,0,1,19,0.0688,2,8,3,32,0,2,2,2
2024-08-07,Food Stall,Kaya Toast Set,Breakfast,Sunny,2.8,8.98,671,0,0,19,0.0283,2,8,3,32,0,4,0,2
2024-08-07,Food Stall,Nasi Lemak,Breakfast,Rainy,2.5,5.77,499,1,0,49,0.0982,2,8,3,32,0,6,0,1
2024-08-07,Food Stall,Nasi Lemak,Breakfast,Sunny,2.5,5.24,595,1,0,33,0.0555,2,8,3,32,0,6,0,2
2024-08-07,Food Stall,Nasi Lemak,Lunch,Cloudy,2.5,7.87,335,0,0,21,0.0627,2,8,3,32,0,6,2,0
2024-08-07,Food Stall,Tandoori Chicken,Dinner,Cloudy,7.0,27.59,107,0,0,10,0.0935,2,8,3,32,0,8,1,0
2024-08-07,Food Stall,Teh Tarik,Dinner,Cloudy,0.9,3.31,232,0,0,18,0.0776,2,8,3,32,0,9,1,0
2024-08-07,Food Stall,Teh Tarik,Dinner,Sunny,0.9,3.15,283,0,0,19,0.0671,2,8,3,32,0,9,1,2
2024-08-08,Food Stall,Cendol,Dinner,Sunny,2.0,7.06,179,0,0,21,0.1173,3,8,3,32,0,1,1,2
2024-08-08,Food Stall,Char Kway Teow,Lunch,Cloudy,5.0,15.03,251,0,0,21,0.0837,3,8,3,32,0,2,2,0
2024-08-08,Food Stall,Kaya Toast Set,Breakfast,Rainy,2.8,8.23,256,0,0,17,0.0664,3,8,3,32,0,4,0,1
2024-08-08,Food Stall,Laksa,Lunch,Sunny,4.5,16.05,497,0,0,40,0.0805,3,8,3,32,0,5,2,2
2024-08-08,Food Stall,Roti Canai,Breakfast,Cloudy,0.8,2.27,537,0,0,28,0.0521,3,8,3,32,0,7,0,0
2024-08-08,Food Stall,Roti Canai,Breakfast,Sunny,0.8,2.02,810,1,0,42,0.0519,3,8,3,32,0,7,0,2
2024-08-08,Food Stall,Roti Canai,Dinner,Sunny,0.8,2.86,274,0,0,14,0.0511,3,8,3,32,0,7,1,2
2024-08-08,Food Stall,Tandoori Chicken,Dinner,Cloudy,7.0,21.76,334,1,0,23,0.0689,3,8,3,32,0,8,1,0
2024-08-08,Food Stall,Teh Tarik,Dinner,Cloudy,0.9,1.9,841,1,0,66,0.0785,3,8,3,32,0,9,1,0
2024-08-08,Food Stall,Teh Tarik,Dinner,Sunny,0.9,3.12,278,0,0,20,0.0719,3,8,3,32,0,9,1,2
2024-08-09,Food Stall,Cendol,Dinner,Cloudy,2.0,7.53,110,0,0,11,0.1,4,8,3,32,0,1,1,0
2024-08-09,Food Stall,Cendol,Dinner,Sunny,2.0,6.92,185,0,0,19,0.1027,4,8,3,32,0,1,1,2
2024-08-09,Food Stall,Cendol,Lunch,Sunny,2.0,7.87,242,0,0,32,0.1322,4,8,3,32,0,1,2,2
2024-08-09,Food Stall,Kaya Toast Set,Breakfast,Cloudy,2.8,8.85,395,0,0,10,0.0253,4,8,3,32,0,4,0,0
2024-08-09,Food Stall,Kaya Toast Set,Breakfast,Sunny,2.8,10.14,199,0,0,4,0.0201,4,8,3,32,0,4,0,2
2024-08-09,Food Stall,Roti Canai,Breakfast,Rainy,0.8,1.56,296,1,0,15,0.0507,4,8,3,32,0,7,0,1
2024-08-09,Food Stall,Tandoori Chicken,Dinner,Cloudy,7.0,24.4,65,0,0,7,0.1077,4,8,3,32,0,8,1,0
2024-08-09,Food Stall,Tandoori Chicken,Dinner,Rainy,7.0,22.22,172,1,0,17,0.0988,4,8,3,32,0,8,1,1
2024-08-09,Food Stall,Tandoori Chicken,Dinner,Sunny,7.0,28.34,305,1,0,25,0.082,4,8,3,32,0,8,1,2
2024-08-09,Food Stall,Teh Tarik,Breakfast,Cloudy,0.9,3.07,414,0,0,21,0.0507,4,8,3,32,0,9,0,0
2024-08-09,Food Stall,Teh Tarik,Breakfast,Rainy,0.9,2.64,275,0,0,24,0.0873,4,8,3,32,0,9,0,1
2024-08-09,Food Stall,Teh Tarik,Breakfast,Sunny,0.9,2.83,555,0,0,41,0.0739,4,8,3,32,0,9,0,2
2024-08-09,Food Stall,Teh Tarik,Dinner,Cloudy,0.9,2.81,276,0,0,20,0.0725,4,8,3,32,0,9,1,0
2024-08-09,Food Stall,Teh Tarik,Dinner,Rainy,0.9,2.68,481,0,0,39,0.0811,4,8,3,32,0,9,1,1
2024-08-10,Food Stall,Beef Rendang,Dinner,Sunny,9.0,27.33,174,0,0,17,0.0977,5,8,3,32,1,0,1,2
2024-08-10,Food Stall,Cendol,Dinner,Cloudy,2.0,6.83,170,0,0,19,0.1118,5,8,3,32,1,1,1,0
2024-08-10,Food Stall,Kaya Toast Set,Breakfast,Cloudy,2.8,7.4,474,0,0,16,0.0338,5,8,3,32,1,4,0,0
2024-08-10,Food Stall,Kaya Toast Set,Breakfast,Sunny,2.8,8.21,927,0,0,53,0.0572,5,8,3,32,1,4,0,2
2024-08-10,Food Stall,Nasi Lemak,Breakfast,Cloudy,2.5,5.4,823,1,1,27,0.0328,5,8,3,32,1,6,0,0
2024-08-10,Food Stall,Nasi Lemak,Lunch,Rainy,2.5,6.59,603,1,0,51,0.0846,5,8,3,32,1,6,2,1
2024-08-10,Food Stall,Nasi Lemak,Lunch,Sunny,2.5,8.22,319,0,0,31,0.0972,5,8,3,32,1,6,2,2
2024-08-10,Food Stall,Teh Tarik,Lunch,Rainy,0.9,2.28,635,0,1,44,0.0693,5,8,3,32,1,9,2,1
2024-08-10,Food Stall,Teh Tarik,Lunch,Sunny,0.9,2.37,1352,1,1,63,0.0466,5,8,3,32,1,9,2,2
2024-08-11,Food Stall,Cendol,Dinner,Sunny,2.0,5.49,513,0,1,55,0.1072,6,8,3,32,1,1,1,2
2024-08-11,Food Stall,Kaya Toast Set,Breakfast,Cloudy,2.8,6.67,908,1,0,34,0.0374,6,8,3,32,1,4,0,0
2024-08-11,Food Stall,Kaya Toast Set,Breakfast,Sunny,2.8,7.27,731,0,0,18,0.0246,6,8,3,32,1,4,0,2
2024-08-11,Food Stall,Nasi Lemak,Breakfast,Sunny,2.5,4.2,823,1,0,59,0.0717,6,8,3,32,1,6,0,2
2024-08-11,Food Stall,Roti Canai,Breakfast,Sunny,0.8,2.33,449,0,0,27,0.0601,6,8,3,32,1,7,0,2
2024-08-11,Food Stall,Tandoori Chicken,Dinner,Cloudy,7.0,25.84,130,0,0,13,0.1,6,8,3,32,1,8,1,0
2024-08-11,Food Stall,Teh Tarik,Breakfast,Sunny,0.9,2.92,749,0,0,64,0.0854,6,8,3,32,1,9,0,2
2024-08-11,Food Stall,Teh Tarik,Dinner,Cloudy,0.9,2.93,587,0,0,45,0.0767,6,8,3,32,1,9,1,0
2024-08-12,Food Stall,Beef Rendang,Lunch,Sunny,9.0,31.6,69,0,0,5,0.0725,0,8,3,33,0,0,2,2
2024-08-12,Food Stall,Char Kway Teow,Lunch,Sunny,5.0,14.11,179,1,0,17,0.095,0,8,3,33,0,2,2,2
2024-08-12,Food Stall,Kaya Toast Set,Breakfast,Sunny,2.8,8.38,745,0,0,21,0.0282,0,8,3,33,0,4,0,2
2024-08-12,Food Stall,Laksa,Lunch,Cloudy,4.5,12.77,343,1,0,24,0.07,0,8,3,33,0,5,2,0
2024-08-12,Food Stall,Laksa,Lunch,Sunny,4.5,16.23,298,0,0,26,0.0872,0,8,3,33,0,5,2,2
2024-08-12,Food Stall,Nasi Lemak,Breakfast,Cloudy,2.5,6.13,599,1,0,47,0.0785,0,8,3,33,0,6,0,0
2024-08-12,Food Stall,Roti Canai,Breakfast,Cloudy,0.8,2.3,520,0,0,24,0.0462,0,8,3,33,0,7,0,0
2024-08-12,Food Stall,Roti Canai,Dinner,Sunny,0.8,2.23,383,0,0,20,0.0522,0,8,3,33,0,7,1,2
2024-08-12,Food Stall,Teh Tarik,Dinner,Sunny,0.9,3.24,372,0,0,19,0.0511,0,8,3,33,0,9,1,2
2024-08-12,Food Stall,Teh Tarik,Lunch,Cloudy,0.9,1.75,990,1,0,40,0.0404,0,8,3,33,0,9,2,0
2024-08-12,Food Stall,Teh Tarik,Lunch,Sunny,0.9,3.07,540,0,0,37,0.0685,0,8,3,33,0,9,2,2
2024-08-13,Food Stall,Beef Rendang,Dinner,Rainy,9.0,26.05,277,0,0,34,0.1227,1,8,3,33,0,0,1,1
2024-08-13,Food Stall,Cendol,Dinner,Cloudy,2.0,7.47,163,0,0,17,0.1043,1,8,3,33,0,1,1,0
2024-08-13,Food Stall,Cendol,Lunch,Cloudy,2.0,6.57,363,0,1,31,0.0854,1,8,3,33,0,1,2,0
2024-08-13,Food Stall,Kaya Toast Set,Breakfast,Sunny,2.8,9.14,225,0,0,7,0.0311,1,8,3,33,0,4,0,2
2024-08-13,Food Stall,Laksa,Lunch,Cloudy,4.5,9.89,456,1,0,35,0.0768,1,8,3,33,0,5,2,0
2024-08-13,Food Stall,Laksa,Lunch,Rainy,4.5,17.45,137,0,0,20,0.146,1,8,3,33,0,5,2,1
2024-08-13,Food Stall,Roti Canai,Breakfast,Rainy,0.8,3.36,54,0,0,4,0.0741,1,8,3,33,0,7,0,1
2024-08-13,Food Stall,Roti Canai,Breakfast,Sunny,0.8,2.62,485,0,0,28,0.0577,1,8,3,33,0,7,0,2
2024-08-13,Food Stall,Roti Canai,Dinner,Cloudy,0.8,2.87,336,0,1,19,0.0565,1,8,3,33,0,7,1,0
2024-08-13,Food Stall,Roti Canai,Dinner,Sunny,0.8,2.47,286,0,0,13,0.0455,1,8,3,33,0,7,1,2
2024-08-13,Food Stall,Tandoori Chicken,Dinner,Sunny,7.0,24.52,265,0,0,30,0.1132,1,8,3,33,0,8,1,2
2024-08-13,Food Stall,Teh Tarik,Dinner,Sunny,0.9,1.92,899,1,0,51,0.0567,1,8,3,33,0,9,1,2
2024-08-14,Food Stall,Char Kway Teow,Dinner,Cloudy,5.0,15.32,221,0,0,16,0.0724,2,8,3,33,0,2,1,0
2024-08-14,Food Stall,Kaya Toast Set,Breakfast,Sunny,2.8,7.63,465,0,1,15,0.0323,2,8,3,33,0,4,0,2
2024-08-14,Food Stall,Nasi Lemak,Breakfast,Rainy,2.5,11.35,25,0,0,3,0.12,2,8,3,33,0,6,0,1
2024-08-14,Food Stall,Nasi Lemak,Lunch,Cloudy,2.5,8.17,229,0,0,15,0.0655,2,8,3,33,0,6,2,0
2024-08-14,Food Stall,Nasi Lemak,Lunch,Rainy,2.5,8.68,58,0,0,6,0.1034,2,8,3,33,0,6,2,1
2024-08-14,Food Stall,Roti Canai,Dinner,Cloudy,0.8,2.42,376,0,0,21,0.0559,2,8,3,33,0,7,1,0
2024-08-14,Food Stall,Roti Canai,Dinner,Sunny,0.8,2.31,1073,1,0,42,0.0391,2,8,3,33,0,7,1,2
2024-08-14,Food Stall,Teh Tarik,Dinner,Sunny,0.9,1.7,711,1,0,48,0.0675,2,8,3,33,0,9,1,2
2024-08-14,Food Stall,Teh Tarik,Lunch,Cloudy,0.9,2.07,886,1,0,50,0.0564,2,8,3,33,0,9,2,0
2024-08-14,Food Stall,Teh Tarik,Lunch,Rainy,0.9,2.75,344,0,0,30,0.0872,2,8,3,33,0,9,2,1
2024-08-15,Food Stall,Beef Rendang,Lunch,Rainy,9.0,27.41,239,0,1,20,0.0837,3,8,3,33,0,0,2,1
2024-08-15,Food Stall,Char Kway Teow,Dinner,Sunny,5.0,16.99,446,0,1,30,0.0673,3,8,3,33,0,2,1,2
2024-08-15,Food Stall,Kaya Toast Set,Breakfast,Cloudy,2.8,7.5,727,0,0,26,0.0358,3,8,3,33,0,4,0,0
2024-08-15,Food Stall,Kaya Toast Set,Breakfast,Sunny,2.8,5.16,654,1,0,34,0.052,3,8,3,33,0,4,0,2
2024-08-15,Food Stall,Laksa,Lunch,Cloudy,4.5,10.88,542,1,0,50,0.0923,3,8,3,33,0,5,2,0
2024-08-15,Food Stall,Nasi Lemak,Breakfast,Sunny,2.5,8.51,603,0,0,38,0.063,3,8,3,33,0,6,0,2
2024-08-15,Food Stall,Roti Canai,Breakfast,Rainy,0.8,2.26,1063,0,0,82,0.0771,3,8,3,33,0,7,0,1
2024-08-15,Food Stall,Tandoori Chicken,Dinner,Rainy,7.0,27.17,142,0,0,18,0.1268,3,8,3,33,0,8,1,1
2024-08-15,Food Stall,Teh Tarik,Breakfast,Sunny,0.9,2.53,873,0,0,46,0.0527,3,8,3,33,0,9,0,2
2024-08-15,Food Stall,Teh Tarik,Dinner,Rainy,0.9,2.38,450,0,0,40,0.0889,3,8,3,33,0,9,1,1
2024-08-16,Food Stall,Beef Rendang,Dinner,Sunny,9.0,28.89,143,0,0,15,0.1049,4,8,3,33,0,0,1,2
2024-08-16,Food Stall,Cendol,Lunch,Rainy,2.0,7.37,155,0,0,22,0.1419,4,8,3,33,0,1,2,1
2024-08-16,Food Stall,Chicken Rice,Dinner,Sunny,4.0,17.69,87,0,0,5,0.0575,4,8,3,33,0,3,1,2
2024-08-16,Food Stall,Laksa,Lunch,Cloudy,4.5,15.2,269,0,0,23,0.0855,4,8,3,33,0,5,2,0
2024-08-16,Food Stall,Laksa,Lunch,Rainy,4.5,15.59,105,0,0,12,0.1143,4,8,3,33,0,5,2,1
2024-08-16,Food Stall,Roti Canai,Dinner,Rainy,0.8,3.2,58,0,0,4,0.069,4,8,3,33,0,7,1,1
2024-08-16,Food Stall,Roti Canai,Dinner,Sunny,0.8,3.17,109,0,0,5,0.0459,4,8,3,33,0,7,1,2
2024-08-17,Food Stall,Beef Rendang,Lunch,Sunny,9.0,26.5,216,1,0,21,0.0972,5,8,3,33,1,0,2,2
2024-08-17,Food Stall,Cendol,Dinner,Cloudy,2.0,6.72,317,0,0,32,0.1009,5,8,3,33,1,1,1,0
2024-08-17,Food Stall,Cendol,Dinner,Sunny,2.0,5.99,651,0,0,68,0.1045,5,8,3,33,1,1,1,2
2024-08-17,Food Stall,Char Kway Teow,Dinner,Cloudy,5.0,15.18,176,0,0,17,0.0966,5,8,3,33,1,2,1,0
2024-08-17,Food Stall,Laksa,Lunch,Cloudy,4.5,12.98,349,0,0,32,0.0917,5,8,3,33,1,5,2,0
2024-08-17,Food Stall,Nasi Lemak,Breakfast,Sunny,2.5,9.54,209,0,0,14,0.067,5,8,3,33,1,6,0,2
2024-08-17,Food Stall,Roti Canai,Breakfast,Cloudy,0.8,2.26,703,0,0,22,0.0313,5,8,3,33,1,7,0,0
2024-08-17,Food Stall,Tandoori Chicken,Dinner,Rainy,7.0,25.26,268,0,1,20,0.0746,5,8,3,33,1,8,1,1
2024-08-17,Food Stall,Teh Tarik,Breakfast,Sunny,0.9,2.53,790,0,0,64,0.081,5,8,3,33,1,9,0,2
2024-08-17,Food Stall,Teh Tarik,Dinner,Cloudy,0.9,2.98,504,0,0,28,0.0556,5,8,3,33,1,9,1,0
2024-08-18,Food Stall,Cendol,Dinner,Sunny,2.0,6.2,564,0,0,67,0.1188,6,8,3,33,1,1,1,2
2024-08-18,Food Stall,Char Kway Teow,Lunch,Cloudy,5.0,15.45,379,0,0,31,0.0818,6,8,3,33,1,2,2,0
2024-08-18,Food Stall,Kaya Toast Set,Breakfast,Cloudy,2.8,9.05,465,0,0,27,0.0581,6,8,3,33,1,4,0,0
2024-08-18,Food Stall,Roti Canai,Breakfast,Cloudy,0.8,1.88,810,1,0,23,0.0284,6,8,3,33,1,7,0,0
2024-08-18,Food Stall,Tandoori Chicken,Dinner,Cloudy,7.0,32.09,106,0,0,11,0.1038,6,8,3,33,1,8,1,0
2024-08-18,Food Stall,Teh Tarik,Dinner,Cloudy,0.9,2.49,622,0,0,38,0.0611,6,8,3,33,1,9,1,0
2024-08-18,Food Stall,Teh Tarik,Lunch,Sunny,0.9,2.0,1207,1,0,61,0.0505,6,8,3,33,1,9,2,2
2024-08-19,Food Stall,Cendol,Dinner,Sunny,2.0,5.57,312,0,0,38,0.1218,0,8,3,34,0,1,1,2
2024-08-19,Food Stall,Cendol,Lunch,Cloudy,2.0,7.87,63,0,0,9,0.1429,0,8,3,34,0,1,2,0
2024-08-19,Food Stall,Chicken Rice,Dinner,Cloudy,4.0,12.06,210,0,0,11,0.0524,0,8,3,34,0,3,1,0
2024-08-19,Food Stall,Kaya Toast Set,Breakfast,Cloudy,2.8,8.4,715,0,0,37,0.0517,0,8,3,34,0,4,0,0
2024-08-19,Food Stall,Kaya Toast Set,Breakfast,Sunny,2.8,9.54,426,0,1,20,0.0469,0,8,3,34,0,4,0,2
2024-08-19,Food Stall,Nasi Lemak,Breakfast,Sunny,2.5,8.5,300,0,0,19,0.0633,0,8,3,34,0,6,0,2
2024-08-19,Food Stall,Roti Canai,Breakfast,Sunny,0.8,2.42,467,0,0,17,0.0364,0,8,3,34,0,7,0,2
2024-08-19,Food Stall,Roti Canai,Dinner,Sunny,0.8,2.38,699,0,0,48,0.0687,0,8,3,34,0,7,1,2
2024-08-19,Food Stall,Tandoori Chicken,Dinner,Cloudy,7.0,29.89,53,0,0,5,0.0943,0,8,3,34,0,8,1,0
2024-08-19,Food Stall,Tandoori Chicken,Dinner,Sunny,7.0,29.88,67,0,0,5,0.0746,0,8,3,34,0,8,1,2
2024-08-19,Food Stall,Teh Tarik,Breakfast,Rainy,0.9,2.73,357,0,0,28,0.0784,0,8,3,34,0,9,0,1
2024-08-19,Food Stall,Teh Tarik,Breakfast,Sunny,0.9,2.34,518,0,0,35,0.0676,0,8,3,34,0,9,0,2
2024-08-19,Food Stall,Teh Tarik,Lunch,Sunny,0.9,2.84,1602,1,0,108,0.0674,0,8,3,34,0,9,2,2
2024-08-20,Food Stall,Cendol,Dinner,Cloudy,2.0,6.65,314,0,1,34,0.1083,1,8,3,34,0,1,1,0
2024-08-20,Food Stall,Chicken Rice,Lunch,Rainy,4.0,12.69,158,0,0,15,0.0949,1,8,3,34,0,3,2,1
2024-08-20,Food Stall,Kaya Toast Set,Breakfast,Cloudy,2.8,7.56,417,0,0,15,0.036,1,8,3,34,0,4,0,0
2024-08-20,Food Stall,Kaya Toast Set,Breakfast,Rainy,2.8,8.5,207,0,0,13,0.0628,1,8,3,34,0,4,0,1
2024-08-20,Food Stall,Kaya Toast Set,Breakfast,Sunny,2.8,9.92,265,0,0,7,0.0264,1,8,3,34,0,4,0,2
2024-08-20,Food Stall,Laksa,Lunch,Sunny,4.5,15.89,213,0,0,20,0.0939,1,8,3,34,0,5,2,2
2024-08-20,Food Stall,Nasi Lemak,Breakfast,Sunny,2.5,8.75,333,0,0,25,0.0751,1,8,3,34,0,6,0,2
2024-08-20,Food Stall,Nasi Lemak,Lunch,Rainy,2.5,9.83,220,0,0,21,0.0955,1,8,3,34,0,6,2,1
2024-08-20,Food Stall,Roti Canai,Breakfast,Cloudy,0.8,2.71,324,0,0,20,0.0617,1,8,3,34,0,7,0,0
2024-08-20,Food Stall,Roti Canai,Dinner,Rainy,0.8,2.49,235,0,0,15,0.0638,1,8,3,34,0,7,1,1
2024-08-20,Food Stall,Roti Canai,Dinner,Sunny,0.8,1.82,656,1,0,36,0.0549,1,8,3,34,0,7,1,2
2024-08-20,Food Stall,Tandoori Chicken,Dinner,Cloudy,7.0,30.87,30,0,0,3,0.1,1,8,3,34,0,8,1,0
2024-08-20,Food Stall,Tandoori Chicken,Dinner,Sunny,7.0,31.57,106,0,0,10,0.0943,1,8,3,34,0,8,1,2
2024-08-20,Food Stall,Teh Tarik,Breakfast,Cloudy,0.9,2.78,389,0,0,32,0.0823,1,8,3,34,0,9,0,0
2024-08-20,Food Stall,Teh Tarik,Lunch,Cloudy,0.9,2.8,428,0,0,25,0.0584,1,8,3,34,0,9,2,0
2024-08-20,Food Stall,Teh Tarik,Lunch,Sunny,0.9,2.66,441,0,0,26,0.059,1,8,3,34,0,9,2,2
2024-08-21,Food Stall,Cendol,Dinner,Cloudy,2.0,5.95,218,0,0,27,0.1239,2,8,3,34,0,1,1,0
2024-08-21,Food Stall,Cendol,Lunch,Cloudy,2.0,7.94,199,0,0,26,0.1307,2,8,3,34,0,1,2,0
2024-08-21,Food Stall,Chicken Rice,Lunch,Cloudy,4.0,11.34,330,0,0,21,0.0636,2,8,3,34,0,3,2,0
2024-08-21,Food Stall,Kaya Toast Set,Breakfast,Cloudy,2.8,9.6,374,0,0,9,0.0241,2,8,3,34,0,4,0,0
2024-08-21,Food Stall,Kaya Toast Set,Breakfast,Sunny,2.8,8.64,849,0,0,33,0.0389,2,8,3,34,0,4,0,2
2024-08-21,Food Stall,Roti Canai,Breakfast,Cloudy,0.8,2.85,341,0,0,16,0.0469,2,8,3,34,0,7,0,0
2024-08-21,Food Stall,Roti Canai,Breakfast,Sunny,0.8,2.83,322,0,0,21,0.0652,2,8,3,34,0,7,0,2
2024-08-21,Food Stall,Roti Canai,Dinner,Cloudy,0.8,1.98,1033,1,1,22,0.0213,2,8,3,34,0,7,1,0
2024-08-21,Food Stall,Roti Canai,Dinner,Sunny,0.8,2.69,196,0,0,13,0.0663,2,8,3,34,0,7,1,2
2024-08-21,Food Stall,Tandoori Chicken,Dinner,Sunny,7.0,17.4,215,1,0,22,0.1023,2,8,3,34,0,8,1,2
2024-08-22,Food Stall,Cendol,Dinner,Rainy,2.0,7.39,103,0,0,15,0.1456,3,8,3,34,0,1,1,1
2024-08-22,Food Stall,Cendol,Lunch,Cloudy,2.0,8.0,6,0,0,1,0.1667,3,8,3,34,0,1,2,0
2024-08-22,Food Stall,Cendol,Lunch,Sunny,2.0,3.97,762,1,0,72,0.0945,3,8,3,34,0,1,2,2
2024-08-22,Food Stall,Kaya Toast Set,Breakfast,Sunny,2.8,8.23,364,0,0,14,0.0385,3,8,3,34,0,4,0,2
2024-08-22,Food Stall,Laksa,Lunch,Sunny,4.5,16.34,203,0,0,19,0.0936,3,8,3,34,0,5,2,2
2024-08-22,Food Stall,Nasi Lemak,Breakfast,Sunny,2.5,7.93,317,0,0,21,0.0662,3,8,3,34,0,6,0,2
2024-08-22,Food Stall,Roti Canai,Breakfast,Sunny,0.8,2.55,714,0,0,30,0.042,3,8,3,34,0,7,0,2
2024-08-22,Food Stall,Roti Canai,Dinner,Rainy,0.8,2.56,360,0,0,29,0.0806,3,8,3,34,0,7,1,1
2024-08-22,Food Stall,Roti Canai,Dinner,Sunny,0.8,2.76,299,0,0,14,0.0468,3,8,3,34,0,7,1,2
2024-08-22,Food Stall,Tandoori Chicken,Dinner,Cloudy,7.0,15.21,254,1,0,21,0.0827,3,8,3,34,0,8,1,0
2024-08-23,Food Stall,Beef Rendang,Dinner,Sunny,9.0,36.47,12,0,0,1,0.0833,4,8,3,34,0,0,1,2
2024-08-23,Food Stall,Cendol,Lunch,Cloudy,2.0,6.66,213,0,0,28,0.1315,4,8,3,34,0,1,2,0
2024-08-23,Food Stall,Kaya Toast Set,Breakfast,Cloudy,2.8,8.04,397,0,0,8,0.0202,4,8,3,34,0,4,0,0
2024-08-23,Food Stall,Kaya Toast Set,Breakfast,Sunny,2.8,8.72,718,0,1,31,0.0432,4,8,3,34,0,4,0,2
2024-08-23,Food Stall,Laksa,Lunch,Cloudy,4.5,16.59,220,0,0,22,0.1,4,8,3,34,0,5,2,0
2024-08-23,Food Stall,Laksa,Lunch,Sunny,4.5,18.05,96,0,0,9,0.0938,4,8,3,34,0,5,2,2
2024-08-23,Food Stall,Nasi Lemak,Lunch,Sunny,2.5,7.06,299,0,0,20,0.0669,4,8,3,34,0,6,2,2
2024-08-23,Food Stall,Roti Canai,Breakfast,Sunny,0.8,2.12,512,0,0,35,0.0684,4,8,3,34,0,7,0,2
2024-08-23,Food Stall,Tandoori Chicken,Dinner,Cloudy,7.0,24.85,365,0,0,30,0.0822,4,8,3,34,0,8,1,0
2024-08-23,Food Stall,Tandoori Chicken,Dinner,Sunny,7.0,25.97,480,1,1,25,0.0521,4,8,3,34,0,8,1,2
2024-08-23,Food Stall,Teh Tarik,Breakfast,Cloudy,0.9,2.94,428,0,0,27,0.0631,4,8,3,34,0,9,0,0
2024-08-24,Food Stall,Chicken Rice,Lunch,Sunny,4.0,15.79,223,0,0,18,0.0807,5,8,3,34,1,3,2,2
2024-08-24,Food Stall,Kaya Toast Set,Breakfast,Sunny,2.8,8.69,478,0,0,14,0.0293,5,8,3,34,1,4,0,2
2024-08-24,Food Stall,Nasi Lemak,Lunch,Cloudy,2.5,8.01,280,0,0,18,0.0643,5,8,3,34,1,6,2,0
2024-08-24,Food Stall,Roti Canai,Breakfast,Sunny,0.8,2.18,2872,1,0,101,0.0352,5,8,3,34,1,7,0,2
2024-08-24,Food Stall,Roti Canai,Dinner,Sunny,0.8,1.62,810,1,0,27,0.0333,5,8,3,34,1,7,1,2
2024-08-24,Food Stall,Tandoori Chicken,Dinner,Rainy,7.0,29.95,121,0,0,15,0.124,5,8,3,34,1,8,1,1
2024-08-24,Food Stall,Tandoori Chicken,Dinner,Sunny,7.0,27.72,161,0,0,18,0.1118,5,8,3,34,1,8,1,2
2024-08-24,Food Stall,Teh Tarik,Lunch,Rainy,0.9,2.97,661,0,0,67,0.1014,5,8,3,34,1,9,2,1
2024-08-25,Food Stall,Beef Rendang,Lunch,Sunny,9.0,29.41,130,0,0,13,0.1,6,8,3,34,1,0,2,2
2024-08-25,Food Stall,Cendol,Lunch,Sunny,2.0,6.78,434,0,0,49,0.1129,6,8,3,34,1,1,2,2
2024-08-25,Food Stall,Char Kway Teow,Dinner,Cloudy,5.0,17.18,360,0,0,32,0.0889,6,8,3,34,1,2,1,0
2024-08-25,Food Stall,Kaya Toast Set,Breakfast,Sunny,2.8,9.15,721,0,0,35,0.0485,6,8,3,34,1,4,0,2
2024-08-25,Food Stall,Laksa,Lunch,Sunny,4.5,16.11,292,0,0,31,0.1062,6,8,3,34,1,5,2,2
2024-08-25,Food Stall,Nasi Lemak,Lunch,Rainy,2.5,7.71,423,0,0,51,0.1206,6,8,3,34,1,6,2,1
2024-08-25,Food Stall,Roti Canai,Dinner,Sunny,0.8,2.17,692,0,0,27,0.039,6,8,3,34,1,7,1,2
2024-08-25,Food Stall,Tandoori Chicken,Dinner,Sunny,7.0,24.11,377,0,1,31,0.0822,6,8,3,34,1,8,1,2
2024-08-25,Food Stall,Teh Tarik,Breakfast,Cloudy,0.9,2.69,1099,0,0,82,0.0746,6,8,3,34,1,9,0,0
2024-08-26,Food Stall,Beef Rendang,Dinner,Cloudy,9.0,32.05,106,1,0,7,0.066,0,8,3,35,0,0,1,0
2024-08-26,Food Stall,Chicken Rice,Dinner,Cloudy,4.0,14.67,140,0,0,10,0.0714,0,8,3,35,0,3,1,0
2024-08-26,Food Stall,Kaya Toast Set,Breakfast,Rainy,2.8,9.48,223,0,0,10,0.0448,0,8,3,35,0,4,0,1
2024-08-26,Food Stall,Teh Tarik,Dinner,Cloudy,0.9,2.86,270,0,0,16,0.0593,0,8,3,35,0,9,1,0
2024-08-27,Food Stall,Beef Rendang,Dinner,Sunny,9.0,38.84,86,0,0,8,0.093,1,8,3,35,0,0,1,2
2024-08-27,Food Stall,Cendol,Dinner,Cloudy,2.0,7.18,132,0,1,12,0.0909,1,8,3,35,0,1,1,0
2024-08-27,Food Stall,Char Kway Teow,Lunch,Sunny,5.0,21.43,80,0,0,7,0.0875,1,8,3,35,0,2,2,2
2024-08-27,Food Stall,Chicken Rice,Dinner,Rainy,4.0,18.42,96,0,0,7,0.0729,1,8,3,35,0,3,1,1
2024-08-27,Food Stall,Chicken Rice,Lunch,Sunny,4.0,12.22,254,0,1,15,0.0591,1,8,3,35,0,3,2,2
2024-08-27,Food Stall,Kaya Toast Set,Breakfast,Cloudy,2.8,9.88,131,0,0,3,0.0229,1,8,3,35,0,4,0,0
2024-08-27,Food Stall,Kaya Toast Set,Breakfast,Sunny,2.8,9.56,352,0,0,13,0.0369,1,8,3,35,0,4,0,2
2024-08-27,Food Stall,Laksa,Lunch,Sunny,4.5,14.45,266,0,0,24,0.0902,1,8,3,35,0,5,2,2
2024-08-27,Food Stall,Roti Canai,Dinner,Rainy,0.8,2.57,225,0,0,14,0.0622,1,8,3,35,0,7,1,1
2024-08-27,Food Stall,Tandoori Chicken,Dinner,Cloudy,7.0,22.15,137,0,0,12,0.0876,1,8,3,35,0,8,1,0
2024-08-27,Food Stall,Teh Tarik,Breakfast,Sunny,0.9,2.19,1207,1,0,81,0.0671,1,8,3,35,0,9,0,2
2024-08-27,Food Stall,Teh Tarik,Dinner,Sunny,0.9,2.57,1382,1,1,78,0.0564,1,8,3,35,0,9,1,2
2024-08-28,Food Stall,Beef Rendang,Dinner,Cloudy,9.0,32.24,104,0,0,9,0.0865,2,8,3,35,0,0,1,0
2024-08-28,Food Stall,Chicken Rice,Lunch,Cloudy,4.0,13.4,328,0,0,29,0.0884,2,8,3,35,0,3,2,0
2024-08-28,Food Stall,Kaya Toast Set,Breakfast,Cloudy,2.8,8.08,800,0,0,36,0.045,2,8,3,35,0,4,0,0
2024-08-28,Food Stall,Kaya Toast Set,Breakfast,Rainy,2.8,9.82,290,0,0,18,0.0621,2,8,3,35,0,4,0,1
2024-08-28,Food Stall,Kaya Toast Set,Breakfast,Sunny,2.8,8.96,394,0,0,19,0.0482,2,8,3,35,0,4,0,2
2024-08-28,Food Stall,Laksa,Lunch,Cloudy,4.5,16.24,76,0,0,6,0.0789,2,8,3,35,0,5,2,0
2024-08-28,Food Stall,Laksa,Lunch,Sunny,4.5,20.28,119,0,0,13,0.1092,2,8,3,35,0,5,2,2
2024-08-28,Food Stall,Roti Canai,Breakfast,Rainy,0.8,2.48,277,0,1,10,0.0361,2,8,3,35,0,7,0,1
2024-08-28,Food Stall,Roti Canai,Breakfast,Sunny,0.8,2.37,942,0,0,52,0.0552,2,8,3,35,0,7,0,2
2024-08-28,Food Stall,Roti Canai,Dinner,Cloudy,0.8,2.82,382,0,0,17,0.0445,2,8,3,35,0,7,1,0
2024-08-28,Food Stall,Roti Canai,Dinner,Sunny,0.8,2.78,241,0,0,17,0.0705,2,8,3,35,0,7,1,2
2024-08-28,Food Stall,Tandoori Chicken,Dinner,Cloudy,7.0,21.15,342,1,0,26,0.076,2,8,3,35,0,8,1,0
2024-08-28,Food Stall,Tandoori Chicken,Dinner,Sunny,7.0,25.52,356,0,0,32,0.0899,2,8,3,35,0,8,1,2
2024-08-28,Food Stall,Teh Tarik,Breakfast,Rainy,0.9,2.7,275,0,0,29,0.1055,2,8,3,35,0,9,0,1
2024-08-28,Food Stall,Teh Tarik,Breakfast,Sunny,0.9,2.34,953,0,1,32,0.0336,2,8,3,35,0,9,0,2
2024-08-28,Food Stall,Teh Tarik,Lunch,Cloudy,0.9,1.74,1075,1,1,56,0.0521,2,8,3,35,0,9,2,0
2024-08-29,Food Stall,Cendol,Dinner,Cloudy,2.0,3.96,425,1,0,41,0.0965,3,8,3,35,0,1,1,0
2024-08-29,Food Stall,Cendol,Dinner,Rainy,2.0,7.45,35,0,0,6,0.1714,3,8,3,35,0,1,1,1
2024-08-29,Food Stall,Cendol,Dinner,Sunny,2.0,7.46,458,1,0,50,0.1092,3,8,3,35,0,1,1,2
2024-08-29,Food Stall,Chicken Rice,Lunch,Rainy,4.0,11.24,185,1,0,13,0.0703,3,8,3,35,0,3,2,1
2024-08-29,Food Stall,Kaya Toast Set,Breakfast,Cloudy,2.8,9.66,251,0,0,6,0.0239,3,8,3,35,0,4,0,0
2024-08-29,Food Stall,Kaya Toast Set,Breakfast,Sunny,2.8,9.34,235,0,0,9,0.0383,3,8,3,35,0,4,0,2
2024-08-29,Food Stall,Laksa,Lunch,Sunny,4.5,15.95,152,0,0,15,0.0987,3,8,3,35,0,5,2,2
2024-08-29,Food Stall,Nasi Lemak,Breakfast,Rainy,2.5,8.53,320,0,0,37,0.1156,3,8,3,35,0,6,0,1
2024-08-29,Food Stall,Roti Canai,Breakfast,Sunny,0.8,2.85,332,0,0,18,0.0542,3,8,3,35,0,7,0,2
2024-08-29,Food Stall,Tandoori Chicken,Dinner,Cloudy,7.0,28.76,79,0,1,5,0.0633,3,8,3,35,0,8,1,0
2024-08-29,Food Stall,Tandoori Chicken,Dinner,Sunny,7.0,19.22,47,1,0,4,0.0851,3,8,3,35,0,8,1,2
2024-08-29,Food Stall,Teh Tarik,Breakfast,Rainy,0.9,2.77,438,0,0,31,0.0708,3,8,3,35,0,9,0,1
2024-08-29,Food Stall,Teh Tarik,Lunch,Sunny,0.9,3.01,480,0,0,43,0.0896,3,8,3,35,0,9,2,2
2024-08-30,Food Stall,Beef Rendang,Lunch,Sunny,9.0,36.3,60,0,0,5,0.0833,4,8,3,35,0,0,2,2
2024-08-30,Food Stall,Cendol,Dinner,Cloudy,2.0,6.82,328,0,0,34,0.1037,4,8,3,35,0,1,1,0
2024-08-30,Food Stall,Kaya Toast Set,Breakfast,Rainy,2.8,9.38,183,0,0,10,0.0546,4,8,3,35,0,4,0,1
2024-08-30,Food Stall,Nasi Lemak,Breakfast,Sunny,2.5,7.22,593,0,0,55,0.0927,4,8,3,35,0,6,0,2
2024-08-30,Food Stall,Roti Canai,Breakfast,Rainy,0.8,2.78,192,0,0,10,0.0521,4,8,3,35,0,7,0,1
2024-08-30,Food Stall,Roti Canai,Breakfast,Sunny,0.8,2.26,352,0,0,16,0.0455,4,8,3,35,0,7,0,2
2024-08-30,Food Stall,Teh Tarik,Dinner,Rainy,0.9,3.36,147,0,0,15,0.102,4,8,3,35,0,9,1,1
2024-08-30,Food Stall,Teh Tarik,Lunch,Rainy,0.9,2.57,279,0,0,29,0.1039,4,8,3,35,0,9,2,1
2024-08-31,Food Stall,Cendol,Lunch,Sunny,2.0,4.76,575,1,0,51,0.0887,5,8,3,35,1,1,2,2
2024-08-31,Food Stall,Kaya Toast Set,Breakfast,Cloudy,2.8,9.02,448,0,0,12,0.0268,5,8,3,35,1,4,0,0
2024-08-31,Food Stall,Kaya Toast Set,Breakfast,Sunny,2.8,5.7,676,1,0,14,0.0207,5,8,3,35,1,4,0,2
2024-09-01,Food Stall,Beef Rendang,Lunch,Cloudy,9.0,28.48,149,0,0,11,0.0738,6,9,3,35,1,0,2,0
2024-09-01,Food Stall,Cendol,Lunch,Cloudy,2.0,5.44,265,0,0,28,0.1057,6,9,3,35,1,1,2,0
2024-09-01,Food Stall,Cendol,Lunch,Sunny,2.0,5.02,565,1,1,47,0.0832,6,9,3,35,1,1,2,2
2024-09-01,Food Stall,Kaya Toast Set,Breakfast,Rainy,2.8,7.98,342,0,0,22,0.0643,6,9,3,35,1,4,0,1
2024-09-01,Food Stall,Kaya Toast Set,Breakfast,Sunny,2.8,8.71,649,0,0,38,0.0586,6,9,3,35,1,4,0,2
2024-09-01,Food Stall,Roti Canai,Breakfast,Sunny,0.8,2.06,575,0,0,32,0.0557,6,9,3,35,1,7,0,2
2024-09-01,Food Stall,Roti Canai,Dinner,Sunny,0.8,2.74,268,0,0,10,0.0373,6,9,3,35,1,7,1,2
2024-09-01,Food Stall,Tandoori Chicken,Dinner,Cloudy,7.0,26.01,130,0,0,11,0.0846,6,9,3,35,1,8,1,0
2024-09-01,Food Stall,Tandoori Chicken,Dinner,Sunny,7.0,24.03,176,0,0,20,0.1136,6,9,3,35,1,8,1,2
2024-09-01,Food Stall,Teh Tarik,Dinner,Cloudy,0.9,3.07,459,0,0,34,0.0741,6,9,3,35,1,9,1,0
2024-09-01,Food Stall,Teh Tarik,Dinner,Sunny,0.9,2.89,480,0,0,36,0.075,6,9,3,35,1,9,1,2
2024-09-02,Food Stall,Beef Rendang,Dinner,Cloudy,9.0,27.63,45,1,0,3,0.0667,0,9,3,36,0,0,1,0
2024-09-02,Food Stall,Cendol,Dinner,Sunny,2.0,7.87,213,0,0,29,0.1362,0,9,3,36,0,1,1,2
2024-09-02,Food Stall,Chicken Rice,Lunch,Cloudy,4.0,13.58,335,0,0,19,0.0567,0,9,3,36,0,3,2,0
2024-09-02,Food Stall,Kaya Toast Set,Breakfast,Cloudy,2.8,10.11,384,0,0,18,0.0469,0,9,3,36,0,4,0,0
2024-09-02,Food Stall,Kaya Toast Set,Breakfast,Rainy,2.8,8.44,161,0,0,6,0.0373,0,9,3,36,0,4,0,1
2024-09-02,Food Stall,Kaya Toast Set,Breakfast,Sunny,2.8,7.84,401,0,0,11,0.0274,0,9,3,36,0,4,0,2
2024-09-02,Food Stall,Nasi Lemak,Lunch,Cloudy,2.5,5.51,461,1,0,35,0.0759,0,9,3,36,0,6,2,0
2024-09-02,Food Stall,Nasi Lemak,Lunch,Sunny,2.5,8.43,214,0,0,18,0.0841,0,9,3,36,0,6,2,2
2024-09-02,Food Stall,Roti Canai,Breakfast,Cloudy,0.8,2.28,326,0,0,20,0.0613,0,9,3,36,0,7,0,0
2024-09-02,Food Stall,Roti Canai,Dinner,Cloudy,0.8,2.85,322,0,0,14,0.0435,0,9,3,36,0,7,1,0
2024-09-02,Food Stall,Roti Canai,Dinner,Rainy,0.8,2.45,261,0,0,16,0.0613,0,9,3,36,0,7,1,1
2024-09-02,Food Stall,Roti Canai,Dinner,Sunny,0.8,2.83,296,0,0,14,0.0473,0,9,3,36,0,7,1,2
2024-09-02,Food Stall,Tandoori Chicken,Dinner,Cloudy,7.0,29.03,85,0,0,10,0.1176,0,9,3,36,0,8,1,0
2024-09-03,Food Stall,Beef Rendang,Dinner,Cloudy,9.0,21.93,314,1,0,30,0.0955,1,9,3,36,0,0,1,0
2024-09-03,Food Stall,Cendol,Dinner,Cloudy,2.0,8.01,179,0,0,21,0.1173,1,9,3,36,0,1,1,0
2024-09-03,Food Stall,Cendol,Lunch,Rainy,2.0,6.47,191,0,0,32,0.1675,1,9,3,36,0,1,2,1
2024-09-03,Food Stall,Cendol,Lunch,Sunny,2.0,5.65,1056,1,1,88,0.0833,1,9,3,36,0,1,2,2
2024-09-03,Food Stall,Kaya Toast Set,Breakfast,Cloudy,2.8,8.79,460,0,1,10,0.0217,1,9,3,36,0,4,0,0
2024-09-03,Food Stall,Kaya Toast Set,Breakfast,Sunny,2.8,7.29,421,0,0,12,0.0285,1,9,3,36,0,4,0,2
2024-09-03,Food Stall,Roti Canai,Breakfast,Rainy,0.8,2.66,226,0,0,12,0.0531,1,9,3,36,0,7,0,1
2024-09-03,Food Stall,Roti Canai,Dinner,Sunny,0.8,2.9,282,0,0,10,0.0355,1,9,3,36,0,7,1,2
2024-09-03,Food Stall,Tandoori Chicken,Dinner,Cloudy,7.0,24.41,220,0,0,19,0.0864,1,9,3,36,0,8,1,0
2024-09-03,Food Stall,Teh Tarik,Breakfast,Cloudy,0.9,2.37,402,0,0,22,0.0547,1,9,3,36,0,9,0,0
2024-09-03,Food Stall,Teh Tarik,Lunch,Sunny,0.9,2.85,595,0,0,40,0.0672,1,9,3,36,0,9,2,2
2024-09-04,Food Stall,Cendol,Lunch,Cloudy,2.0,6.67,263,0,0,33,0.1255,2,9,3,36,0,1,2,0
2024-09-04,Food Stall,Cendol,Lunch,Sunny,2.0,5.68,711,1,0,76,0.1069,2,9,3,36,0,1,2,2
2024-09-04,Food Stall,Kaya Toast Set,Breakfast,Cloudy,2.8,9.5,502,0,0,15,0.0299,2,9,3,36,0,4,0,0
2024-09-04,Food Stall,Kaya Toast Set,Breakfast,Rainy,2.8,10.01,175,0,0,6,0.0343,2,9,3,36,0,4,0,1
2024-09-04,Food Stall,Roti Canai,Dinner,Rainy,0.8,1.74,1136,1,0,58,0.0511,2,9,3,36,0,7,1,1
2024-09-04,Food Stall,Tandoori Chicken,Dinner,Cloudy,7.0,22.06,374,0,0,43,0.115,2,9,3,36,0,8,1,0
2024-09-04,Food Stall,Teh Tarik,Breakfast,Sunny,0.9,3.02,699,0,0,51,0.073,2,9,3,36,0,9,0,2
2024-09-04,Food Stall,Teh Tarik,Dinner,Sunny,0.9,3.12,256,0,0,21,0.082,2,9,3,36,0,9,1,2
2024-09-05,Food Stall,Nasi Lemak,Breakfast,Cloudy,2.5,7.5,189,0,0,18,0.0952,3,9,3,36,0,6,0,0
2024-09-05,Food Stall,Tandoori Chicken,Dinner,Rainy,7.0,26.51,46,0,0,6,0.1304,3,9,3,36,0,8,1,1
2024-09-06,Food Stall,Beef Rendang,Dinner,Sunny,9.0,26.14,87,1,1,3,0.0345,4,9,3,36,0,0,1,2
2024-09-06,Food Stall,Laksa,Lunch,Cloudy,4.5,15.44,37,0,0,4,0.1081,4,9,3,36,0,5,2,0
2024-09-06,Food Stall,Roti Canai,Breakfast,Cloudy,0.8,2.44,424,0,0,23,0.0542,4,9,3,36,0,7,0,0
2024-09-06,Food Stall,Tandoori Chicken,Dinner,Sunny,7.0,27.54,51,0,0,4,0.0784,4,9,3,36,0,8,1,2
2024-09-07,Food Stall,Cendol,Dinner,Cloudy,2.0,6.54,360,0,0,50,0.1389,5,9,3,36,1,1,1,0
2024-09-07,Food Stall,Cendol,Dinner,Rainy,2.0,7.0,75,0,0,10,0.1333,5,9,3,36,1,1,1,1
2024-09-07,Food Stall,Cendol,Dinner,Sunny,2.0,8.53,19,0,0,2,0.1053,5,9,3,36,1,1,1,2
2024-09-07,Food Stall,Cendol,Lunch,Rainy,2.0,6.79,237,0,0,37,0.1561,5,9,3,36,1,1,2,1
2024-09-07,Food Stall,Kaya Toast Set,Breakfast,Cloudy,2.8,9.08,462,0,0,27,0.0584,5,9,3,36,1,4,0,0
2024-09-07,Food Stall,Kaya Toast Set,Breakfast,Sunny,2.8,8.02,839,0,0,48,0.0572,5,9,3,36,1,4,0,2
2024-09-07,Food Stall,Laksa,Lunch,Cloudy,4.5,16.49,145,0,0,15,0.1034,5,9,3,36,1,5,2,0
2024-09-07,Food Stall,Nasi Lemak,Lunch,Cloudy,2.5,8.72,257,0,0,24,0.0934,5,9,3,36,1,6,2,0
2024-09-07,Food Stall,Nasi Lemak,Lunch,Rainy,2.5,8.45,360,0,1,22,0.0611,5,9,3,36,1,6,2,1
2024-09-07,Food Stall,Nasi Lemak,Lunch,Sunny,2.5,7.55,500,0,0,50,0.1,5,9,3,36,1,6,2,2
2024-09-07,Food Stall,Roti Canai,Breakfast,Rainy,0.8,2.06,569,0,0,46,0.0808,5,9,3,36,1,7,0,1
2024-09-07,Food Stall,Teh Tarik,Dinner,Sunny,0.9,2.83,602,0,0,34,0.0565,5,9,3,36,1,9,1,2
2024-09-07,Food Stall,Teh Tarik,Lunch,Cloudy,0.9,2.91,683,0,1,30,0.0439,5,9,3,36,1,9,2,0
2024-09-07,Food Stall,Teh Tarik,Lunch,Rainy,0.9,3.01,380,0,0,27,0.0711,5,9,3,36,1,9,2,1
2024-09-07,Food Stall,Teh Tarik,Lunch,Sunny,0.9,2.45,777,0,0,47,0.0605,5,9,3,36,1,9,2,2
2024-09-08,Food Stall,Beef Rendang,Lunch,Cloudy,9.0,30.75,285,0,0,30,0.1053,6,9,3,36,1,0,2,0
2024-09-08,Food Stall,Cendol,Lunch,Rainy,2.0,5.76,248,0,0,37,0.1492,6,9,3,36,1,1,2,1
2024-09-08,Food Stall,Kaya Toast Set,Breakfast,Rainy,2.8,8.05,862,1,0,44,0.051,6,9,3,36,1,4,0,1
2024-09-08,Food Stall,Laksa,Lunch,Rainy,4.5,16.2,263,0,0,35,0.1331,6,9,3,36,1,5,2,1
2024-09-08,Food Stall,Tandoori Chicken,Dinner,Sunny,7.0,27.16,24,0,0,2,0.0833,6,9,3,36,1,8,1,2
2024-09-08,Food Stall,Teh Tarik,Breakfast,Rainy,0.9,2.91,1352,0,0,111,0.0821,6,9,3,36,1,9,0,1
2024-09-08,Food Stall,Teh Tarik,Dinner,Sunny,0.9,3.04,611,0,0,46,0.0753,6,9,3,36,1,9,1,2
2024-09-08,Food Stall,Teh Tarik,Lunch,Cloudy,0.9,2.52,726,0,0,38,0.0523,6,9,3,36,1,9,2,0
2024-09-08,Food Stall,Teh Tarik,Lunch,Sunny,0.9,2.66,467,0,0,30,0.0642,6,9,3,36,1,9,2,2
2024-09-09,Food Stall,Cendol,Dinner,Rainy,2.0,7.55,237,0,0,36,0.1519,0,9,3,37,0,1,1,1
2024-09-09,Food Stall,Cendol,Dinner,Sunny,2.0,7.23,238,0,0,25,0.105,0,9,3,37,0,1,1,2
2024-09-09,Food Stall,Cendol,Lunch,Cloudy,2.0,7.17,148,0,0,20,0.1351,0,9,3,37,0,1,2,0
2024-09-09,Food Stall,Cendol,Lunch,Sunny,2.0,6.81,293,0,1,30,0.1024,0,9,3,37,0,1,2,2
2024-09-09,Food Stall,Char Kway Teow,Dinner,Sunny,5.0,21.21,85,0,0,9,0.1059,0,9,3,37,0,2,1,2
2024-09-09,Food Stall,Laksa,Lunch,Cloudy,4.5,13.62,234,0,0,23,0.0983,0,9,3,37,0,5,2,0
2024-09-09,Food Stall,Laksa,Lunch,Sunny,4.5,7.68,542,1,1,40,0.0738,0,9,3,37,0,5,2,2
2024-09-09,Food Stall,Nasi Lemak,Breakfast,Sunny,2.5,10.09,120,0,0,8,0.0667,0,9,3,37,0,6,0,2
2024-09-09,Food Stall,Roti Canai,Breakfast,Cloudy,0.8,2.72,698,0,0,21,0.0301,0,9,3,37,0,7,0,0
2024-09-09,Food Stall,Roti Canai,Dinner,Rainy,0.8,3.06,94,0,0,4,0.0426,0,9,3,37,0,7,1,1
2024-09-09,Food Stall,Roti Canai,Dinner,Sunny,0.8,2.98,392,0,0,21,0.0536,0,9,3,37,0,7,1,2
2024-09-09,Food Stall,Tandoori Chicken,Dinner,Cloudy,7.0,16.41,242,1,0,20,0.0826,0,9,3,37,0,8,1,0
2024-09-10,Food Stall,Cendol,Dinner,Rainy,2.0,5.56,304,1,0,35,0.1151,1,9,3,37,0,1,1,1
2024-09-10,Food Stall,Kaya Toast Set,Breakfast,Rainy,2.8,9.51,1065,1,0,34,0.0319,1,9,3,37,0,4,0,1
2024-09-10,Food Stall,Roti Canai,Breakfast,Cloudy,0.8,2.53,319,0,0,18,0.0564,1,9,3,37,0,7,0,0
2024-09-10,Food Stall,Roti Canai,Breakfast,Rainy,0.8,2.83,296,0,0,22,0.0743,1,9,3,37,0,7,0,1
2024-09-10,Food Stall,Roti Canai,Dinner,Sunny,0.8,2.66,234,0,0,11,0.047,1,9,3,37,0,7,1,2
2024-09-10,Food Stall,Tandoori Chicken,Dinner,Rainy,7.0,25.07,200,0,0,23,0.115,1,9,3,37,0,8,1,1
2024-09-10,Food Stall,Tandoori Chicken,Dinner,Sunny,7.0,28.58,266,0,0,31,0.1165,1,9,3,37,0,8,1,2
2024-09-10,Food Stall,Teh Tarik,Dinner,Cloudy,0.9,2.6,349,0,0,27,0.0774,1,9,3,37,0,9,1,0
2024-09-10,Food Stall,Teh Tarik,Lunch,Sunny,0.9,2.97,474,0,0,32,0.0675,1,9,3,37,0,9,2,2
2024-09-11,Food Stall,Chicken Rice,Dinner,Sunny,4.0,12.72,289,0,0,20,0.0692,2,9,3,37,0,3,1,2
2024-09-11,Food Stall,Kaya Toast Set,Breakfast,Cloudy,2.8,9.1,291,0,0,8,0.0275,2,9,3,37,0,4,0,0
2024-09-11,Food Stall,Nasi Lemak,Breakfast,Sunny,2.5,9.03,263,0,0,21,0.0798,2,9,3,37,0,6,0,2
2024-09-11,Food Stall,Roti Canai,Breakfast,Rainy,0.8,2.34,281,0,0,15,0.0534,2,9,3,37,0,7,0,1
2024-09-11,Food Stall,Roti Canai,Breakfast,Sunny,0.8,2.59,360,0,0,24,0.0667,2,9,3,37,0,7,0,2
2024-09-11,Food Stall,Tandoori Chicken,Dinner,Cloudy,7.0,22.27,138,0,0,13,0.0942,2,9,3,37,0,8,1,0
2024-09-11,Food Stall,Tandoori Chicken,Dinner,Sunny,7.0,25.18,204,0,0,24,0.1176,2,9,3,37,0,8,1,2
2024-09-11,Food Stall,Teh Tarik,Dinner,Sunny,0.9,2.92,319,0,0,23,0.0721,2,9,3,37,0,9,1,2
2024-09-11,Food Stall,Teh Tarik,Lunch,Cloudy,0.9,3.02,429,0,0,32,0.0746,2,9,3,37,0,9,2,0
2024-09-11,Food Stall,Teh Tarik,Lunch,Rainy,0.9,2.92,216,0,0,19,0.088,2,9,3,37,0,9,2,1
2024-09-12,Food Stall,Cendol,Dinner,Rainy,2.0,7.15,105,0,0,18,0.1714,3,9,3,37,0,1,1,1
2024-09-12,Food Stall,Cendol,Lunch,Cloudy,2.0,5.95,331,0,0,42,0.1269,3,9,3,37,0,1,2,0
2024-09-12,Food Stall,Char Kway Teow,Dinner,Rainy,5.0,17.87,158,0,0,16,0.1013,3,9,3,37,0,2,1,1
2024-09-12,Food Stall,Laksa,Lunch,Sunny,4.5,13.1,251,0,0,26,0.1036,3,9,3,37,0,5,2,2
2024-09-12,Food Stall,Roti Canai,Breakfast,Cloudy,0.8,2.3,330,0,0,11,0.0333,3,9,3,37,0,7,0,0
2024-09-12,Food Stall,Roti Canai,Dinner,Sunny,0.8,2.29,850,1,0,52,0.0612,3,9,3,37,0,7,1,2
2024-09-12,Food Stall,Tandoori Chicken,Dinner,Cloudy,7.0,27.95,114,0,0,10,0.0877,3,9,3,37,0,8,1,0
2024-09-12,Food Stall,Tandoori Chicken,Dinner,Sunny,7.0,25.68,129,0,0,14,0.1085,3,9,3,37,0,8,1,2
2024-09-13,Food Stall,Cendol,Dinner,Cloudy,2.0,8.85,116,0,0,15,0.1293,4,9,3,37,0,1,1,0
2024-09-13,Food Stall,Cendol,Dinner,Sunny,2.0,5.68,731,1,1,48,0.0657,4,9,3,37,0,1,1,2
2024-09-13,Food Stall,Cendol,Lunch,Cloudy,2.0,5.68,407,0,0,45,0.1106,4,9,3,37,0,1,2,0
2024-09-13,Food Stall,Cendol,Lunch,Sunny,2.0,8.14,117,0,0,13,0.1111,4,9,3,37,0,1,2,2
2024-09-13,Food Stall,Kaya Toast Set,Breakfast,Cloudy,2.8,9.62,439,0,0,16,0.0364,4,9,3,37,0,4,0,0
2024-09-13,Food Stall,Tandoori Chicken,Dinner,Rainy,7.0,20.79,96,1,0,9,0.0938,4,9,3,37,0,8,1,1
2024-09-13,Food Stall,Teh Tarik,Breakfast,Cloudy,0.9,2.8,334,0,0,17,0.0509,4,9,3,37,0,9,0,0
2024-09-14,Food Stall,Cendol,Lunch,Sunny,2.0,7.99,228,0,0,23,0.1009,5,9,3,37,1,1,2,2
2024-09-14,Food Stall,Char Kway Teow,Lunch,Sunny,5.0,16.24,230,0,0,22,0.0957,5,9,3,37,1,2,2,2
2024-09-14,Food Stall,Chicken Rice,Lunch,Rainy,4.0,13.54,217,0,0,17,0.0783,5,9,3,37,1,3,2,1
2024-09-14,Food Stall,Roti Canai,Breakfast,Rainy,0.8,2.29,458,0,0,26,0.0568,5,9,3,37,1,7,0,1
2024-09-14,Food Stall,Roti Canai,Breakfast,Sunny,0.8,2.16,420,0,0,26,0.0619,5,9,3,37,1,7,0,2
2024-09-14,Food Stall,Roti Canai,Dinner,Cloudy,0.8,1.57,711,1,0,39,0.0549,5,9,3,37,1,7,1,0
2024-09-14,Food Stall,Roti Canai,Dinner,Sunny,0.8,1.96,905,1,0,35,0.0387,5,9,3,37,1,7,1,2
2024-09-14,Food Stall,Teh Tarik,Dinner,Sunny,0.9,2.62,410,0,0,36,0.0878,5,9,3,37,1,9,1,2
2024-09-14,Food Stall,Teh Tarik,Lunch,Cloudy,0.9,3.06,525,0,0,35,0.0667,5,9,3,37,1,9,2,0
2024-09-14,Food Stall,Teh Tarik,Lunch,Sunny,0.9,1.97,905,1,0,64,0.0707,5,9,3,37,1,9,2,2
2024-09-15,Food Stall,Beef Rendang,Lunch,Sunny,9.0,38.18,104,0,0,8,0.0769,6,9,3,37,1,0,2,2
2024-09-15,Food Stall,Cendol,Dinner,Cloudy,2.0,5.32,715,1,0,86,0.1203,6,9,3,37,1,1,1,0
2024-09-15,Food Stall,Cendol,Dinner,Sunny,2.0,7.13,206,0,0,21,0.1019,6,9,3,37,1,1,1,2
2024-09-15,Food Stall,Char Kway Teow,Dinner,Sunny,5.0,14.33,368,1,0,23,0.0625,6,9,3,37,1,2,1,2
2024-09-15,Food Stall,Kaya Toast Set,Breakfast,Sunny,2.8,7.98,1995,1,0,71,0.0356,6,9,3,37,1,4,0,2
2024-09-15,Food Stall,Nasi Lemak,Breakfast,Cloudy,2.5,7.35,348,0,0,29,0.0833,6,9,3,37,1,6,0,0
2024-09-15,Food Stall,Roti Canai,Breakfast,Cloudy,0.8,1.87,824,1,0,40,0.0485,6,9,3,37,1,7,0,0
2024-09-15,Food Stall,Roti Canai,Breakfast,Rainy,0.8,2.38,1231,1,0,42,0.0341,6,9,3,37,1,7,0,1
2024-09-15,Food Stall,Roti Canai,Dinner,Sunny,0.8,2.28,475,0,0,32,0.0674,6,9,3,37,1,7,1,2
2024-09-15,Food Stall,Tandoori Chicken,Dinner,Rainy,7.0,24.87,68,0,0,7,0.1029,6,9,3,37,1,8,1,1
2024-09-15,Food Stall,Tandoori Chicken,Dinner,Sunny,7.0,26.18,118,0,0,10,0.0847,6,9,3,37,1,8,1,2
2024-09-15,Food Stall,Teh Tarik,Lunch,Rainy,0.9,3.01,759,0,0,52,0.0685,6,9,3,37,1,9,2,1
2024-09-16,Food Stall,Cendol,Lunch,Cloudy,2.0,6.33,258,0,0,27,0.1047,0,9,3,38,0,1,2,0
2024-09-16,Food Stall,Chicken Rice,Lunch,Cloudy,4.0,18.48,115,0,0,9,0.0783,0,9,3,38,0,3,2,0
2024-09-16,Food Stall,Kaya Toast Set,Breakfast,Sunny,2.8,7.56,378,0,0,10,0.0265,0,9,3,38,0,4,0,2
2024-09-16,Food Stall,Laksa,Lunch,Rainy,4.5,17.3,191,0,0,27,0.1414,0,9,3,38,0,5,2,1
2024-09-16,Food Stall,Roti Canai,Dinner,Sunny,0.8,2.79,261,0,0,14,0.0536,0,9,3,38,0,7,1,2
2024-09-16,Food Stall,Teh Tarik,Dinner,Sunny,0.9,2.25,1446,1,0,66,0.0456,0,9,3,38,0,9,1,2
2024-09-17,Food Stall,Cendol,Lunch,Cloudy,2.0,6.26,471,0,0,63,0.1338,1,9,3,38,0,1,2,0
2024-09-17,Food Stall,Char Kway Teow,Lunch,Sunny,5.0,18.19,157,0,0,12,0.0764,1,9,3,38,0,2,2,2
2024-09-17,Food Stall,Kaya Toast Set,Breakfast,Rainy,2.8,9.17,322,0,0,11,0.0342,1,9,3,38,0,4,0,1
2024-09-17,Food Stall,Nasi Lemak,Breakfast,Sunny,2.5,8.35,291,0,0,21,0.0722,1,9,3,38,0,6,0,2
2024-09-17,Food Stall,Roti Canai,Dinner,Rainy,0.8,1.77,455,1,0,31,0.0681,1,9,3,38,0,7,1,1
2024-09-17,Food Stall,Tandoori Chicken,Dinner,Cloudy,7.0,28.91,201,0,0,17,0.0846,1,9,3,38,0,8,1,0
2024-09-17,Food Stall,Tandoori Chicken,Dinner,Sunny,7.0,26.08,124,1,0,12,0.0968,1,9,3,38,0,8,1,2
2024-09-18,Food Stall,Char Kway Teow,Lunch,Sunny,5.0,18.99,231,0,0,18,0.0779,2,9,3,38,0,2,2,2
2024-09-18,Food Stall,Kaya Toast Set,Breakfast,Cloudy,2.8,8.89,410,0,0,20,0.0488,2,9,3,38,0,4,0,0
2024-09-18,Food Stall,Nasi Lemak,Breakfast,Cloudy,2.5,9.99,160,0,0,14,0.0875,2,9,3,38,0,6,0,0
2024-09-18,Food Stall,Roti Canai,Breakfast,Cloudy,0.8,2.37,348,0,0,12,0.0345,2,9,3,38,0,7,0,0
2024-09-18,Food Stall,Roti Canai,Breakfast,Sunny,0.8,2.29,933,0,1,35,0.0375,2,9,3,38,0,7,0,2
2024-09-18,Food Stall,Roti Canai,Dinner,Sunny,0.8,2.08,667,1,0,37,0.0555,2,9,3,38,0,7,1,2
2024-09-18,Food Stall,Tandoori Chicken,Dinner,Rainy,7.0,26.04,114,0,0,16,0.1404,2,9,3,38,0,8,1,1
2024-09-18,Food Stall,Tandoori Chicken,Dinner,Sunny,7.0,27.03,219,0,0,22,0.1005,2,9,3,38,0,8,1,2
2024-09-18,Food Stall,Teh Tarik,Breakfast,Cloudy,0.9,2.77,540,0,0,48,0.0889,2,9,3,38,0,9,0,0
2024-09-18,Food Stall,Teh Tarik,Dinner,Rainy,0.9,3.05,190,0,0,17,0.0895,2,9,3,38,0,9,1,1
2024-09-18,Food Stall,Teh Tarik,Lunch,Cloudy,0.9,2.71,266,0,0,17,0.0639,2,9,3,38,0,9,2,0
2024-09-19,Food Stall,Cendol,Dinner,Sunny,2.0,7.74,308,0,0,37,0.1201,3,9,3,38,0,1,1,2
2024-09-19,Food Stall,Cendol,Lunch,Rainy,2.0,8.54,104,0,1,12,0.1154,3,9,3,38,0,1,2,1
2024-09-19,Food Stall,Kaya Toast Set,Breakfast,Rainy,2.8,9.89,374,0,1,10,0.0267,3,9,3,38,0,4,0,1
2024-09-19,Food Stall,Roti Canai,Breakfast,Rainy,0.8,3.08,138,0,0,10,0.0725,3,9,3,38,0,7,0,1
2024-09-19,Food Stall,Roti Canai,Breakfast,Sunny,0.8,2.31,361,0,0,18,0.0499,3,9,3,38,0,7,0,2
2024-09-19,Food Stall,Roti Canai,Dinner,Cloudy,0.8,2.86,187,0,0,8,0.0428,3,9,3,38,0,7,1,0
2024-09-19,Food Stall,Roti Canai,Dinner,Sunny,0.8,1.66,604,1,0,16,0.0265,3,9,3,38,0,7,1,2
2024-09-19,Food Stall,Tandoori Chicken,Dinner,Cloudy,7.0,26.76,58,0,0,5,0.0862,3,9,3,38,0,8,1,0
2024-09-19,Food Stall,Teh Tarik,Breakfast,Sunny,0.9,2.3,626,0,0,55,0.0879,3,9,3,38,0,9,0,2
2024-09-19,Food Stall,Teh Tarik,Lunch,Sunny,0.9,3.06,347,0,0,22,0.0634,3,9,3,38,0,9,2,2
2024-09-20,Food Stall,Cendol,Dinner,Sunny,2.0,8.36,243,0,0,28,0.1152,4,9,3,38,0,1,1,2
2024-09-20,Food Stall,Kaya Toast Set,Breakfast,Cloudy,2.8,8.54,780,0,0,24,0.0308,4,9,3,38,0,4,0,0
2024-09-20,Food Stall,Kaya Toast Set,Breakfast,Rainy,2.8,7.77,259,0,0,10,0.0386,4,9,3,38,0,4,0,1
2024-09-20,Food Stall,Kaya Toast Set,Breakfast,Sunny,2.8,9.18,620,0,0,24,0.0387,4,9,3,38,0,4,0,2
2024-09-20,Food Stall,Laksa,Lunch,Cloudy,4.5,15.63,258,0,0,28,0.1085,4,9,3,38,0,5,2,0
2024-09-20,Food Stall,Laksa,Lunch,Sunny,4.5,16.08,7,0,0,1,0.1429,4,9,3,38,0,5,2,2
2024-09-20,Food Stall,Roti Canai,Breakfast,Cloudy,0.8,2.59,353,0,0,21,0.0595,4,9,3,38,0,7,0,0
2024-09-20,Food Stall,Tandoori Chicken,Dinner,Cloudy,7.0,23.31,298,1,0,20,0.0671,4,9,3,38,0,8,1,0
2024-09-20,Food Stall,Tandoori Chicken,Dinner,Sunny,7.0,20.3,225,1,0,18,0.08,4,9,3,38,0,8,1,2
2024-09-20,Food Stall,Teh Tarik,Lunch,Rainy,0.9,2.13,542,1,0,46,0.0849,4,9,3,38,0,9,2,1
2024-09-21,Food Stall,Cendol,Dinner,Sunny,2.0,6.09,254,0,0,35,0.1378,5,9,3,38,1,1,1,2
2024-09-21,Food Stall,Chicken Rice,Dinner,Rainy,4.0,13.91,310,0,0,22,0.071,5,9,3,38,1,3,1,1
2024-09-21,Food Stall,Kaya Toast Set,Breakfast,Rainy,2.8,7.63,365,0,0,14,0.0384,5,9,3,38,1,4,0,1
2024-09-21,Food Stall,Roti Canai,Breakfast,Sunny,0.8,1.96,810,1,0,34,0.042,5,9,3,38,1,7,0,2
2024-09-21,Food Stall,Roti Canai,Dinner,Cloudy,0.8,2.44,376,0,0,13,0.0346,5,9,3,38,1,7,1,0
2024-09-21,Food Stall,Roti Canai,Dinner,Sunny,0.8,2.16,288,0,0,11,0.0382,5,9,3,38,1,7,1,2
2024-09-21,Food Stall,Tandoori Chicken,Dinner,Cloudy,7.0,27.11,259,0,0,30,0.1158,5,9,3,38,1,8,1,0
2024-09-21,Food Stall,Tandoori Chicken,Dinner,Sunny,7.0,27.82,241,0,0,29,0.1203,5,9,3,38,1,8,1,2
2024-09-21,Food Stall,Teh Tarik,Dinner,Cloudy,0.9,2.99,462,0,0,30,0.0649,5,9,3,38,1,9,1,0
2024-09-21,Food Stall,Teh Tarik,Dinner,Sunny,0.9,1.52,1207,1,0,92,0.0762,5,9,3,38,1,9,1,2
2024-09-21,Food Stall,Teh Tarik,Lunch,Sunny,0.9,2.72,815,0,0,59,0.0724,5,9,3,38,1,9,2,2
2024-09-22,Food Stall,Beef Rendang,Dinner,Cloudy,9.0,36.28,60,0,0,7,0.1167,6,9,3,38,1,0,1,0
2024-09-22,Food Stall,Beef Rendang,Lunch,Cloudy,9.0,33.06,17,0,0,2,0.1176,6,9,3,38,1,0,2,0
2024-09-22,Food Stall,Cendol,Dinner,Rainy,2.0,6.79,229,0,0,37,0.1616,6,9,3,38,1,1,1,1
2024-09-22,Food Stall,Roti Canai,Breakfast,Cloudy,0.8,1.8,875,1,0,38,0.0434,6,9,3,38,1,7,0,0
2024-09-22,Food Stall,Tandoori Chicken,Dinner,Cloudy,7.0,23.06,357,0,0,33,0.0924,6,9,3,38,1,8,1,0
2024-09-22,Food Stall,Teh Tarik,Breakfast,Cloudy,0.9,2.65,1308,0,1,50,0.0382,6,9,3,38,1,9,0,0
2024-09-22,Food Stall,Teh Tarik,Dinner,Rainy,0.9,2.99,453,0,0,36,0.0795,6,9,3,38,1,9,1,1
2024-09-23,Food Stall,Char Kway Teow,Dinner,Rainy,5.0,13.94,249,0,0,25,0.1004,0,9,3,39,0,2,1,1
2024-09-23,Food Stall,Char Kway Teow,Lunch,Cloudy,5.0,19.47,133,0,0,12,0.0902,0,9,3,39,0,2,2,0
2024-09-23,Food Stall,Kaya Toast Set,Breakfast,Rainy,2.8,8.48,348,0,0,17,0.0489,0,9,3,39,0,4,0,1
2024-09-23,Food Stall,Kaya Toast Set,Breakfast,Sunny,2.8,5.18,1439,1,0,56,0.0389,0,9,3,39,0,4,0,2
2024-09-23,Food Stall,Laksa,Lunch,Cloudy,4.5,17.57,147,0,0,17,0.1156,0,9,3,39,0,5,2,0
2024-09-23,Food Stall,Roti Canai,Dinner,Cloudy,0.8,2.8,659,0,1,27,0.041,0,9,3,39,0,7,1,0
2024-09-23,Food Stall,Roti Canai,Dinner,Sunny,0.8,2.5,218,0,0,11,0.0505,0,9,3,39,0,7,1,2
2024-09-23,Food Stall,Tandoori Chicken,Dinner,Rainy,7.0,24.16,483,1,1,30,0.0621,0,9,3,39,0,8,1,1
2024-09-23,Food Stall,Teh Tarik,Breakfast,Rainy,0.9,1.84,922,1,0,52,0.0564,0,9,3,39,0,9,0,1
2024-09-23,Food Stall,Teh Tarik,Breakfast,Sunny,0.9,2.79,466,0,0,27,0.0579,0,9,3,39,0,9,0,2
2024-09-23,Food Stall,Teh Tarik,Dinner,Cloudy,0.9,2.85,384,0,0,20,0.0521,0,9,3,39,0,9,1,0
2024-09-24,Food Stall,Beef Rendang,Lunch,Sunny,9.0,32.62,142,0,0,10,0.0704,1,9,3,39,0,0,2,2
2024-09-24,Food Stall,Char Kway Teow,Lunch,Sunny,5.0,22.68,9,0,0,1,0.1111,1,9,3,39,0,2,2,2
2024-09-24,Food Stall,Chicken Rice,Dinner,Sunny,4.0,12.99,229,0,0,12,0.0524,1,9,3,39,0,3,1,2
2024-09-24,Food Stall,Kaya Toast Set,Breakfast,Cloudy,2.8,10.87,157,0,0,7,0.0446,1,9,3,39,0,4,0,0
2024-09-24,Food Stall,Roti Canai,Breakfast,Cloudy,0.8,2.23,349,0,0,11,0.0315,1,9,3,39,0,7,0,0
2024-09-24,Food Stall,Roti Canai,Breakfast,Sunny,0.8,2.38,439,0,0,28,0.0638,1,9,3,39,0,7,0,2
2024-09-24,Food Stall,Tandoori Chicken,Dinner,Cloudy,7.0,21.05,165,0,0,17,0.103,1,9,3,39,0,8,1,0
2024-09-24,Food Stall,Teh Tarik,Breakfast,Sunny,0.9,2.94,546,0,0,39,0.0714,1,9,3,39,0,9,0,2
2024-09-25,Food Stall,Beef Rendang,Lunch,Cloudy,9.0,26.76,128,1,0,8,0.0625,2,9,3,39,0,0,2,0
2024-09-25,Food Stall,Cendol,Dinner,Rainy,2.0,6.36,290,0,0,39,0.1345,2,9,3,39,0,1,1,1
2024-09-25,Food Stall,Kaya Toast Set,Breakfast,Cloudy,2.8,8.53,221,0,0,11,0.0498,2,9,3,39,0,4,0,0
2024-09-25,Food Stall,Kaya Toast Set,Breakfast,Rainy,2.8,9.36,324,0,0,18,0.0556,2,9,3,39,0,4,0,1
2024-09-25,Food Stall,Kaya Toast Set,Breakfast,Sunny,2.8,9.52,515,0,0,26,0.0505,2,9,3,39,0,4,0,2
2024-09-25,Food Stall,Laksa,Lunch,Cloudy,4.5,19.03,93,0,0,11,0.1183,2,9,3,39,0,5,2,0
2024-09-25,Food Stall,Laksa,Lunch,Sunny,4.5,10.98,178,1,0,16,0.0899,2,9,3,39,0,5,2,2
2024-09-25,Food Stall,Roti Canai,Breakfast,Cloudy,0.8,2.22,1138,1,1,23,0.0202,2,9,3,39,0,7,0,0
2024-09-25,Food Stall,Roti Canai,Breakfast,Sunny,0.8,2.66,840,0,1,23,0.0274,2,9,3,39,0,7,0,2
2024-09-25,Food Stall,Roti Canai,Dinner,Rainy,0.8,2.59,202,0,0,15,0.0743,2,9,3,39,0,7,1,1
2024-09-25,Food Stall,Tandoori Chicken,Dinner,Sunny,7.0,25.89,210,0,0,19,0.0905,2,9,3,39,0,8,1,2
2024-09-25,Food Stall,Teh Tarik,Breakfast,Rainy,0.9,2.37,514,0,0,36,0.07,2,9,3,39,0,9,0,1
2024-09-26,Food Stall,Cendol,Lunch,Cloudy,2.0,6.39,231,0,0,26,0.1126,3,9,3,39,0,1,2,0
2024-09-26,Food Stall,Char Kway Teow,Lunch,Cloudy,5.0,17.8,70,0,0,7,0.1,3,9,3,39,0,2,2,0
2024-09-26,Food Stall,Nasi Lemak,Lunch,Cloudy,2.5,9.54,220,0,0,20,0.0909,3,9,3,39,0,6,2,0
2024-09-26,Food Stall,Nasi Lemak,Lunch,Sunny,2.5,7.65,339,0,0,22,0.0649,3,9,3,39,0,6,2,2
2024-09-26,Food Stall,Roti Canai,Dinner,Sunny,0.8,2.25,961,1,0,36,0.0375,3,9,3,39,0,7,1,2
2024-09-26,Food Stall,Tandoori Chicken,Dinner,Cloudy,7.0,30.67,42,0,1,3,0.0714,3,9,3,39,0,8,1,0
2024-09-26,Food Stall,Tandoori Chicken,Dinner,Sunny,7.0,27.67,51,0,0,4,0.0784,3,9,3,39,0,8,1,2
2024-09-27,Food Stall,Cendol,Dinner,Sunny,2.0,7.26,287,0,0,39,0.1359,4,9,3,39,0,1,1,2
2024-09-27,Food Stall,Chicken Rice,Dinner,Sunny,4.0,14.0,192,0,1,13,0.0677,4,9,3,39,0,3,1,2
2024-09-27,Food Stall,Kaya Toast Set,Breakfast,Sunny,2.8,7.15,1094,1,0,22,0.0201,4,9,3,39,0,4,0,2
2024-09-27,Food Stall,Laksa,Lunch,Sunny,4.5,17.5,58,0,0,6,0.1034,4,9,3,39,0,5,2,2
2024-09-27,Food Stall,Nasi Lemak,Lunch,Cloudy,2.5,9.64,154,0,0,14,0.0909,4,9,3,39,0,6,2,0
2024-09-27,Food Stall,Roti Canai,Breakfast,Rainy,0.8,2.47,257,0,0,19,0.0739,4,9,3,39,0,7,0,1
2024-09-27,Food Stall,Roti Canai,Breakfast,Sunny,0.8,2.38,768,0,0,42,0.0547,4,9,3,39,0,7,0,2
2024-09-27,Food Stall,Tandoori Chicken,Dinner,Rainy,7.0,21.13,331,0,0,37,0.1118,4,9,3,39,0,8,1,1
2024-09-27,Food Stall,Tandoori Chicken,Dinner,Sunny,7.0,30.38,179,0,0,20,0.1117,4,9,3,39,0,8,1,2
2024-09-27,Food Stall,Teh Tarik,Breakfast,Rainy,0.9,2.81,312,0,0,30,0.0962,4,9,3,39,0,9,0,1
2024-09-27,Food Stall,Teh Tarik,Dinner,Cloudy,0.9,2.41,386,0,0,21,0.0544,4,9,3,39,0,9,1,0
2024-09-27,Food Stall,Teh Tarik,Lunch,Cloudy,0.9,2.69,443,0,0,30,0.0677,4,9,3,39,0,9,2,0
2024-09-27,Food Stall,Teh Tarik,Lunch,Rainy,0.9,3.05,145,0,0,11,0.0759,4,9,3,39,0,9,2,1
2024-09-27,Food Stall,Teh Tarik,Lunch,Sunny,0.9,2.45,915,1,0,48,0.0525,4,9,3,39,0,9,2,2
2024-09-28,Food Stall,Cendol,Dinner,Sunny,2.0,4.37,660,1,0,76,0.1152,5,9,3,39,1,1,1,2
2024-09-28,Food Stall,Cendol,Lunch,Sunny,2.0,5.72,255,0,0,28,0.1098,5,9,3,39,1,1,2,2
2024-09-28,Food Stall,Char Kway Teow,Dinner,Cloudy,5.0,18.01,187,0,0,14,0.0749,5,9,3,39,1,2,1,0
2024-09-28,Food Stall,Kaya Toast Set,Breakfast,Cloudy,2.8,7.42,640,0,1,28,0.0438,5,9,3,39,1,4,0,0
2024-09-28,Food Stall,Laksa,Lunch,Cloudy,4.5,15.43,123,0,0,11,0.0894,5,9,3,39,1,5,2,0
2024-09-28,Food Stall,Tandoori Chicken,Dinner,Sunny,7.0,18.62,185,1,0,19,0.1027,5,9,3,39,1,8,1,2
2024-09-29,Food Stall,Cendol,Dinner,Sunny,2.0,7.23,121,0,0,15,0.124,6,9,3,39,1,1,1,2
2024-09-29,Food Stall,Cendol,Lunch,Sunny,2.0,6.32,326,0,0,43,0.1319,6,9,3,39,1,1,2,2
2024-09-29,Food Stall,Char Kway Teow,Dinner,Rainy,5.0,9.38,402,1,0,42,0.1045,6,9,3,39,1,2,1,1
2024-09-29,Food Stall,Char Kway Teow,Lunch,Cloudy,5.0,16.42,303,0,0,24,0.0792,6,9,3,39,1,2,2,0
2024-09-29,Food Stall,Chicken Rice,Dinner,Sunny,4.0,15.59,224,0,0,16,0.0714,6,9,3,39,1,3,1,2
2024-09-29,Food Stall,Kaya Toast Set,Breakfast,Sunny,2.8,8.12,905,0,0,50,0.0552,6,9,3,39,1,4,0,2
2024-09-29,Food Stall,Laksa,Lunch,Cloudy,4.5,15.13,232,0,0,23,0.0991,6,9,3,39,1,5,2,0
2024-09-29,Food Stall,Nasi Lemak,Breakfast,Cloudy,2.5,8.14,587,0,0,58,0.0988,6,9,3,39,1,6,0,0
2024-09-29,Food Stall,Nasi Lemak,Lunch,Cloudy,2.5,6.95,284,0,0,22,0.0775,6,9,3,39,1,6,2,0
2024-09-29,Food Stall,Roti Canai,Breakfast,Sunny,0.8,2.53,1174,0,0,42,0.0358,6,9,3,39,1,7,0,2
2024-09-29,Food Stall,Tandoori Chicken,Dinner,Sunny,7.0,26.09,375,0,0,36,0.096,6,9,3,39,1,8,1,2
2024-09-29,Food Stall,Teh Tarik,Breakfast,Sunny,0.9,3.06,955,0,0,84,0.088,6,9,3,39,1,9,0,2
2024-09-30,Food Stall,Cendol,Dinner,Rainy,2.0,6.06,212,0,0,31,0.1462,0,9,3,40,0,1,1,1
2024-09-30,Food Stall,Cendol,Dinner,Sunny,2.0,8.02,198,0,0,24,0.1212,0,9,3,40,0,1,1,2
2024-09-30,Food Stall,Char Kway Teow,Dinner,Cloudy,5.0,16.99,135,0,0,13,0.0963,0,9,3,40,0,2,1,0
2024-09-30,Food Stall,Kaya Toast Set,Breakfast,Cloudy,2.8,7.56,1021,1,0,25,0.0245,0,9,3,40,0,4,0,0
2024-09-30,Food Stall,Nasi Lemak,Breakfast,Cloudy,2.5,7.94,660,0,0,47,0.0712,0,9,3,40,0,6,0,0
2024-09-30,Food Stall,Tandoori Chicken,Dinner,Sunny,7.0,17.51,273,1,0,28,0.1026,0,9,3,40,0,8,1,2
2024-09-30,Food Stall,Teh Tarik,Dinner,Rainy,0.9,3.48,195,0,0,19,0.0974,0,9,3,40,0,9,1,1
2024-09-30,Food Stall,Teh Tarik,Lunch,Sunny,0.9,2.49,493,0,0,36,0.073,0,9,3,40,0,9,2,2
2024-10-01,Food Stall,Cendol,Dinner,Sunny,2.0,7.19,135,0,0,14,0.1037,1,10,4,40,0,1,1,2
2024-10-01,Food Stall,Kaya Toast Set,Breakfast,Sunny,2.8,9.28,545,0,0,12,0.022,1,10,4,40,0,4,0,2
2024-10-01,Food Stall,Nasi Lemak,Lunch,Sunny,2.5,6.85,299,0,0,27,0.0903,1,10,4,40,0,6,2,2
2024-10-01,Food Stall,Roti Canai,Breakfast,Sunny,0.8,2.86,291,0,0,15,0.0515,1,10,4,40,0,7,0,2
2024-10-01,Food Stall,Tandoori Chicken,Dinner,Cloudy,7.0,27.09,386,1,0,33,0.0855,1,10,4,40,0,8,1,0
2024-10-01,Food Stall,Tandoori Chicken,Dinner,Sunny,7.0,30.54,61,0,0,5,0.082,1,10,4,40,0,8,1,2
2024-10-01,Food Stall,Teh Tarik,Breakfast,Sunny,0.9,2.46,630,0,0,50,0.0794,1,10,4,40,0,9,0,2
2024-10-02,Food Stall,Cendol,Dinner,Rainy,2.0,9.02,99,0,0,15,0.1515,2,10,4,40,0,1,1,1
2024-10-02,Food Stall,Chicken Rice,Lunch,Sunny,4.0,8.96,337,1,0,26,0.0772,2,10,4,40,0,3,2,2
2024-10-02,Food Stall,Kaya Toast Set,Breakfast,Cloudy,2.8,8.52,1003,0,0,59,0.0588,2,10,4,40,0,4,0,0
2024-10-02,Food Stall,Kaya Toast Set,Breakfast,Sunny,2.8,8.76,130,0,0,5,0.0385,2,10,4,40,0,4,0,2
2024-10-02,Food Stall,Laksa,Lunch,Sunny,4.5,17.22,121,0,0,12,0.0992,2,10,4,40,0,5,2,2
2024-10-02,Food Stall,Roti Canai,Breakfast,Cloudy,0.8,2.29,444,0,0,30,0.0676,2,10,4,40,0,7,0,0
2024-10-02,Food Stall,Roti Canai,Breakfast,Rainy,0.8,2.28,749,0,0,52,0.0694,2,10,4,40,0,7,0,1
2024-10-02,Food Stall,Roti Canai,Breakfast,Sunny,0.8,2.48,1158,0,1,23,0.0199,2,10,4,40,0,7,0,2
2024-10-02,Food Stall,Roti Canai,Dinner,Rainy,0.8,3.08,21,0,0,1,0.0476,2,10,4,40,0,7,1,1
2024-10-02,Food Stall,Tandoori Chicken,Dinner,Sunny,7.0,24.11,135,0,0,12,0.0889,2,10,4,40,0,8,1,2
2024-10-02,Food Stall,Teh Tarik,Breakfast,Cloudy,0.9,2.28,424,0,0,29,0.0684,2,10,4,40,0,9,0,0
2024-10-02,Food Stall,Teh Tarik,Dinner,Sunny,0.9,2.05,785,1,0,45,0.0573,2,10,4,40,0,9,1,2
2024-10-02,Food Stall,Teh Tarik,Lunch,Rainy,0.9,2.93,150,0,0,14,0.0933,2,10,4,40,0,9,2,1
2024-10-03,Food Stall,Cendol,Dinner,Sunny,2.0,8.68,72,0,0,9,0.125,3,10,4,40,0,1,1,2
2024-10-03,Food Stall,Kaya Toast Set,Breakfast,Sunny,2.8,10.66,223,0,0,5,0.0224,3,10,4,40,0,4,0,2
2024-10-03,Food Stall,Nasi Lemak,Lunch,Sunny,2.5,8.93,238,0,0,17,0.0714,3,10,4,40,0,6,2,2
2024-10-03,Food Stall,Roti Canai,Dinner,Sunny,0.8,2.56,615,0,0,30,0.0488,3,10,4,40,0,7,1,2
2024-10-03,Food Stall,Tandoori Chicken,Dinner,Rainy,7.0,25.78,172,0,0,22,0.1279,3,10,4,40,0,8,1,1
2024-10-03,Food Stall,Teh Tarik,Breakfast,Sunny,0.9,2.45,640,0,0,46,0.0719,3,10,4,40,0,9,0,2
2024-10-03,Food Stall,Teh Tarik,Dinner,Cloudy,0.9,2.44,330,0,0,26,0.0788,3,10,4,40,0,9,1,0
2024-10-04,Food Stall,Cendol,Dinner,Sunny,2.0,6.42,135,0,0,18,0.1333,4,10,4,40,0,1,1,2
2024-10-04,Food Stall,Kaya Toast Set,Breakfast,Sunny,2.8,8.71,388,0,0,9,0.0232,4,10,4,40,0,4,0,2
2024-10-04,Food Stall,Roti Canai,Breakfast,Sunny,0.8,1.65,883,1,0,51,0.0578,4,10,4,40,0,7,0,2
2024-10-04,Food Stall,Tandoori Chicken,Dinner,Rainy,7.0,25.96,58,0,0,7,0.1207,4,10,4,40,0,8,1,1
2024-10-04,Food Stall,Teh Tarik,Breakfast,Cloudy,0.9,2.35,397,0,0,25,0.063,4,10,4,40,0,9,0,0
2024-10-04,Food Stall,Teh Tarik,Lunch,Sunny,0.9,3.0,411,0,0,29,0.0706,4,10,4,40,0,9,2,2
2024-10-05,Food Stall,Cendol,Dinner,Rainy,2.0,6.0,142,0,0,23,0.162,5,10,4,40,1,1,1,1
2024-10-05,Food Stall,Cendol,Dinner,Sunny,2.0,4.89,496,1,0,46,0.0927,5,10,4,40,1,1,1,2
2024-10-05,Food Stall,Chicken Rice,Dinner,Sunny,4.0,14.81,119,0,0,9,0.0756,5,10,4,40,1,3,1,2
2024-10-05,Food Stall,Kaya Toast Set,Breakfast,Cloudy,2.8,8.16,492,0,0,24,0.0488,5,10,4,40,1,4,0,0
2024-10-05,Food Stall,Kaya Toast Set,Breakfast,Sunny,2.8,8.09,510,0,0,29,0.0569,5,10,4,40,1,4,0,2
2024-10-05,Food Stall,Laksa,Lunch,Rainy,4.5,17.32,185,0,0,26,0.1405,5,10,4,40,1,5,2,1
2024-10-05,Food Stall,Roti Canai,Breakfast,Cloudy,0.8,1.9,824,1,0,36,0.0437,5,10,4,40,1,7,0,0
2024-10-05,Food Stall,Roti Canai,Dinner,Cloudy,0.8,2.2,350,0,0,21,0.06,5,10,4,40,1,7,1,0
2024-10-05,Food Stall,Roti Canai,Dinner,Sunny,0.8,2.44,1068,0,1,43,0.0403,5,10,4,40,1,7,1,2
2024-10-05,Food Stall,Tandoori Chicken,Dinner,Cloudy,7.0,28.34,79,0,0,8,0.1013,5,10,4,40,1,8,1,0
2024-10-05,Food Stall,Teh Tarik,Lunch,Cloudy,0.9,2.94,491,0,0,27,0.055,5,10,4,40,1,9,2,0
2024-10-05,Food Stall,Teh Tarik,Lunch,Sunny,0.9,2.48,615,0,0,34,0.0553,5,10,4,40,1,9,2,2
2024-10-06,Food Stall,Beef Rendang,Dinner,Sunny,9.0,34.52,182,0,0,16,0.0879,6,10,4,40,1,0,1,2
2024-10-06,Food Stall,Cendol,Lunch,Cloudy,2.0,6.85,137,0,0,15,0.1095,6,10,4,40,1,1,2,0
2024-10-06,Food Stall,Chicken Rice,Dinner,Sunny,4.0,11.11,280,0,1,19,0.0679,6,10,4,40,1,3,1,2
2024-10-06,Food Stall,Laksa,Lunch,Sunny,4.5,15.74,344,0,0,30,0.0872,6,10,4,40,1,5,2,2
2024-10-06,Food Stall,Roti Canai,Breakfast,Sunny,0.8,2.08,1327,1,0,63,0.0475,6,10,4,40,1,7,0,2
2024-10-06,Food Stall,Roti Canai,Dinner,Rainy,0.8,2.35,292,0,0,17,0.0582,6,10,4,40,1,7,1,1
2024-10-06,Food Stall,Roti Canai,Dinner,Sunny,0.8,1.92,852,1,0,21,0.0246,6,10,4,40,1,7,1,2
2024-10-06,Food Stall,Tandoori Chicken,Dinner,Rainy,7.0,23.62,239,0,0,28,0.1172,6,10,4,40,1,8,1,1
2024-10-06,Food Stall,Tandoori Chicken,Dinner,Sunny,7.0,14.92,279,1,0,21,0.0753,6,10,4,40,1,8,1,2
2024-10-07,Food Stall,Cendol,Dinner,Sunny,2.0,6.37,197,0,0,24,0.1218,0,10,4,41,0,1,1,2
2024-10-07,Food Stall,Cendol,Lunch,Sunny,2.0,7.05,265,0,0,28,0.1057,0,10,4,41,0,1,2,2
2024-10-07,Food Stall,Char Kway Teow,Dinner,Rainy,5.0,19.35,137,0,1,12,0.0876,0,10,4,41,0,2,1,1
2024-10-07,Food Stall,Kaya Toast Set,Breakfast,Cloudy,2.8,9.02,340,0,0,13,0.0382,0,10,4,41,0,4,0,0
2024-10-07,Food Stall,Kaya Toast Set,Breakfast,Sunny,2.8,10.15,559,0,0,25,0.0447,0,10,4,41,0,4,0,2
2024-10-07,Food Stall,Nasi Lemak,Breakfast,Sunny,2.5,8.29,493,0,0,30,0.0609,0,10,4,41,0,6,0,2
2024-10-07,Food Stall,Roti Canai,Dinner,Rainy,0.8,2.76,146,0,0,7,0.0479,0,10,4,41,0,7,1,1
2024-10-07,Food Stall,Tandoori Chicken,Dinner,Cloudy,7.0,21.38,34,1,0,3,0.0882,0,10,4,41,0,8,1,0
2024-10-07,Food Stall,Tandoori Chicken,Dinner,Sunny,7.0,26.62,264,0,0,31,0.1174,0,10,4,41,0,8,1,2
2024-10-07,Food Stall,Teh Tarik,Breakfast,Cloudy,0.9,2.35,559,0,0,37,0.0662,0,10,4,41,0,9,0,0
2024-10-07,Food Stall,Teh Tarik,Breakfast,Sunny,0.9,2.54,722,0,0,48,0.0665,0,10,4,41,0,9,0,2
2024-10-07,Food Stall,Teh Tarik,Dinner,Cloudy,0.9,3.21,387,0,0,30,0.0775,0,10,4,41,0,9,1,0
2024-10-07,Food Stall,Teh Tarik,Dinner,Rainy,0.9,1.77,580,1,0,46,0.0793,0,10,4,41,0,9,1,1
2024-10-08,Food Stall,Cendol,Dinner,Sunny,2.0,8.06,37,0,0,5,0.1351,1,10,4,41,0,1,1,2
2024-10-08,Food Stall,Cendol,Lunch,Cloudy,2.0,7.89,156,0,0,16,0.1026,1,10,4,41,0,1,2,0
2024-10-08,Food Stall,Cendol,Lunch,Rainy,2.0,5.59,381,1,0,53,0.1391,1,10,4,41,0,1,2,1
2024-10-08,Food Stall,Kaya Toast Set,Breakfast,Cloudy,2.8,8.27,333,0,0,18,0.0541,1,10,4,41,0,4,0,0
2024-10-08,Food Stall,Kaya Toast Set,Breakfast,Rainy,2.8,9.13,237,0,0,15,0.0633,1,10,4,41,0,4,0,1
2024-10-08,Food Stall,Kaya Toast Set,Breakfast,Sunny,2.8,8.38,749,0,1,23,0.0307,1,10,4,41,0,4,0,2
2024-10-08,Food Stall,Nasi Lemak,Breakfast,Cloudy,2.5,8.94,599,0,0,42,0.0701,1,10,4,41,0,6,0,0
2024-10-08,Food Stall,Roti Canai,Dinner,Cloudy,0.8,2.93,237,0,0,15,0.0633,1,10,4,41,0,7,1,0
2024-10-08,Food Stall,Tandoori Chicken,Dinner,Rainy,7.0,24.37,62,1,0,7,0.1129,1,10,4,41,0,8,1,1
2024-10-08,Food Stall,Teh Tarik,Dinner,Sunny,0.9,2.59,495,0,0,44,0.0889,1,10,4,41,0,9,1,2
2024-10-09,Food Stall,Cendol,Dinner,Rainy,2.0,7.32,83,0,0,14,0.1687,2,10,4,41,0,1,1,1
2024-10-09,Food Stall,Cendol,Lunch,Cloudy,2.0,4.84,468,1,0,39,0.0833,2,10,4,41,0,1,2,0
2024-10-09,Food Stall,Cendol,Lunch,Sunny,2.0,7.6,157,0,0,16,0.1019,2,10,4,41,0,1,2,2
2024-10-09,Food Stall,Chicken Rice,Lunch,Sunny,4.0,16.56,91,0,0,5,0.0549,2,10,4,41,0,3,2,2
2024-10-09,Food Stall,Kaya Toast Set,Breakfast,Rainy,2.8,9.21,299,0,0,17,0.0569,2,10,4,41,0,4,0,1
2024-10-09,Food Stall,Kaya Toast Set,Breakfast,Sunny,2.8,9.33,615,0,0,34,0.0553,2,10,4,41,0,4,0,2
2024-10-09,Food Stall,Nasi Lemak,Lunch,Sunny,2.5,8.65,51,0,0,4,0.0784,2,10,4,41,0,6,2,2
2024-10-09,Food Stall,Roti Canai,Dinner,Cloudy,0.8,3.04,220,0,0,12,0.0545,2,10,4,41,0,7,1,0
2024-10-09,Food Stall,Roti Canai,Dinner,Rainy,0.8,2.27,250,0,0,13,0.052,2,10,4,41,0,7,1,1
2024-10-09,Food Stall,Tandoori Chicken,Dinner,Sunny,7.0,25.18,406,1,0,39,0.0961,2,10,4,41,0,8,1,2
2024-10-09,Food Stall,Teh Tarik,Breakfast,Cloudy,0.9,2.85,448,0,0,40,0.0893,2,10,4,41,0,9,0,0
2024-10-09,Food Stall,Teh Tarik,Breakfast,Sunny,0.9,2.38,429,0,0,26,0.0606,2,10,4,41,0,9,0,2
2024-10-09,Food Stall,Teh Tarik,Dinner,Sunny,0.9,2.05,852,1,0,51,0.0599,2,10,4,41,0,9,1,2
2024-10-10,Food Stall,Cendol,Dinner,Sunny,2.0,7.13,229,0,0,30,0.131,3,10,4,41,0,1,1,2
2024-10-10,Food Stall,Cendol,Lunch,Rainy,2.0,7.93,211,0,0,35,0.1659,3,10,4,41,0,1,2,1
2024-10-10,Food Stall,Cendol,Lunch,Sunny,2.0,8.87,88,0,0,10,0.1136,3,10,4,41,0,1,2,2
2024-10-10,Food Stall,Kaya Toast Set,Breakfast,Cloudy,2.8,8.37,960,0,0,32,0.0333,3,10,4,41,0,4,0,0
2024-10-10,Food Stall,Kaya Toast Set,Breakfast,Sunny,2.8,9.48,552,0,0,15,0.0272,3,10,4,41,0,4,0,2
2024-10-10,Food Stall,Laksa,Lunch,Cloudy,4.5,13.86,134,0,0,14,0.1045,3,10,4,41,0,5,2,0
2024-10-10,Food Stall,Nasi Lemak,Breakfast,Cloudy,2.5,4.35,546,1,0,30,0.0549,3,10,4,41,0,6,0,0
2024-10-10,Food Stall,Nasi Lemak,Breakfast,Sunny,2.5,8.58,328,0,0,24,0.0732,3,10,4,41,0,6,0,2
2024-10-10,Food Stall,Roti Canai,Breakfast,Sunny,0.8,2.07,599,1,0,30,0.0501,3,10,4,41,0,7,0,2
2024-10-10,Food Stall,Roti Canai,Dinner,Cloudy,0.8,2.15,301,0,0,16,0.0532,3,10,4,41,0,7,1,0
2024-10-10,Food Stall,Roti Canai,Dinner,Sunny,0.8,2.13,522,1,0,20,0.0383,3,10,4,41,0,7,1,2
2024-10-10,Food Stall,Tandoori Chicken,Dinner,Cloudy,7.0,22.1,243,1,0,20,0.0823,3,10,4,41,0,8,1,0
2024-10-10,Food Stall,Tandoori Chicken,Dinner,Sunny,7.0,26.83,241,0,0,25,0.1037,3,10,4,41,0,8,1,2
2024-10-10,Food Stall,Teh Tarik,Dinner,Cloudy,0.9,2.93,186,0,0,9,0.0484,3,10,4,41,0,9,1,0
2024-10-11,Food Stall,Beef Rendang,Dinner,Sunny,9.0,31.9,86,0,0,9,0.1047,4,10,4,41,0,0,1,2
2024-10-11,Food Stall,Beef Rendang,Lunch,Sunny,9.0,35.44,76,0,0,6,0.0789,4,10,4,41,0,0,2,2
2024-10-11,Food Stall,Chicken Rice,Dinner,Sunny,4.0,14.25,18,0,0,1,0.0556,4,10,4,41,0,3,1,2
2024-10-11,Food Stall,Kaya Toast Set,Breakfast,Sunny,2.8,8.76,583,0,0,21,0.036,4,10,4,41,0,4,0,2
2024-10-11,Food Stall,Roti Canai,Dinner,Sunny,0.8,2.26,288,0,0,14,0.0486,4,10,4,41,0,7,1,2
2024-10-11,Food Stall,Tandoori Chicken,Dinner,Rainy,7.0,31.64,126,0,0,13,0.1032,4,10,4,41,0,8,1,1
2024-10-11,Food Stall,Tandoori Chicken,Dinner,Sunny,7.0,21.4,438,1,1,23,0.0525,4,10,4,41,0,8,1,2
2024-10-12,Food Stall,Cendol,Lunch,Rainy,2.0,5.76,281,0,0,46,0.1637,5,10,4,41,1,1,2,1
2024-10-12,Food Stall,Cendol,Lunch,Sunny,2.0,5.62,382,0,0,46,0.1204,5,10,4,41,1,1,2,2
2024-10-12,Food Stall,Kaya Toast Set,Breakfast,Cloudy,2.8,5.63,784,1,0,16,0.0204,5,10,4,41,1,4,0,0
2024-10-12,Food Stall,Kaya Toast Set,Breakfast,Rainy,2.8,8.9,553,0,0,19,0.0344,5,10,4,41,1,4,0,1
2024-10-12,Food Stall,Laksa,Lunch,Cloudy,4.5,15.25,298,0,0,30,0.1007,5,10,4,41,1,5,2,0
2024-10-12,Food Stall,Roti Canai,Breakfast,Cloudy,0.8,2.68,526,0,0,35,0.0665,5,10,4,41,1,7,0,0
2024-10-12,Food Stall,Roti Canai,Dinner,Cloudy,0.8,2.55,358,0,0,15,0.0419,5,10,4,41,1,7,1,0
2024-10-12,Food Stall,Roti Canai,Dinner,Sunny,0.8,2.44,185,0,0,12,0.0649,5,10,4,41,1,7,1,2
2024-10-12,Food Stall,Tandoori Chicken,Dinner,Cloudy,7.0,22.02,297,0,0,33,0.1111,5,10,4,41,1,8,1,0
2024-10-12,Food Stall,Tandoori Chicken,Dinner,Rainy,7.0,23.66,159,1,0,15,0.0943,5,10,4,41,1,8,1,1
2024-10-12,Food Stall,Teh Tarik,Breakfast,Rainy,0.9,2.82,372,0,0,26,0.0699,5,10,4,41,1,9,0,1
2024-10-12,Food Stall,Teh Tarik,Lunch,Sunny,0.9,2.69,617,0,0,33,0.0535,5,10,4,41,1,9,2,2
2024-10-13,Food Stall,Cendol,Dinner,Cloudy,2.0,7.24,292,0,0,34,0.1164,6,10,4,41,1,1,1,0
2024-10-13,Food Stall,Cendol,Dinner,Rainy,2.0,6.61,349,0,0,47,0.1347,6,10,4,41,1,1,1,1
2024-10-13,Food Stall,Cendol,Lunch,Sunny,2.0,3.92,552,1,0,60,0.1087,6,10,4,41,1,1,2,2
2024-10-13,Food Stall,Kaya Toast Set,Breakfast,Rainy,2.8,9.95,330,0,0,17,0.0515,6,10,4,41,1,4,0,1
2024-10-13,Food Stall,Kaya Toast Set,Breakfast,Sunny,2.8,7.37,481,0,0,22,0.0457,6,10,4,41,1,4,0,2
2024-10-13,Food Stall,Nasi Lemak,Lunch,Sunny,2.5,8.17,583,0,0,43,0.0738,6,10,4,41,1,6,2,2
2024-10-13,Food Stall,Roti Canai,Dinner,Cloudy,0.8,1.54,758,1,0,45,0.0594,6,10,4,41,1,7,1,0
2024-10-13,Food Stall,Roti Canai,Dinner,Sunny,0.8,2.37,409,0,0,22,0.0538,6,10,4,41,1,7,1,2
2024-10-13,Food Stall,Tandoori Chicken,Dinner,Sunny,7.0,26.71,108,0,0,9,0.0833,6,10,4,41,1,8,1,2
2024-10-13,Food Stall,Teh Tarik,Dinner,Rainy,0.9,3.14,319,0,0,27,0.0846,6,10,4,41,1,9,1,1
2024-10-14,Food Stall,Beef Rendang,Lunch,Rainy,9.0,32.92,46,0,0,5,0.1087,0,10,4,42,0,0,2,1
2024-10-14,Food Stall,Cendol,Dinner,Rainy,2.0,6.04,359,0,0,49,0.1365,0,10,4,42,0,1,1,1
2024-10-14,Food Stall,Cendol,Lunch,Sunny,2.0,7.69,182,0,0,20,0.1099,0,10,4,42,0,1,2,2
2024-10-14,Food Stall,Kaya Toast Set,Breakfast,Rainy,2.8,7.68,833,1,0,38,0.0456,0,10,4,42,0,4,0,1
2024-10-14,Food Stall,Kaya Toast Set,Breakfast,Sunny,2.8,8.15,380,0,0,14,0.0368,0,10,4,42,0,4,0,2
2024-10-14,Food Stall,Laksa,Lunch,Cloudy,4.5,19.48,71,0,1,5,0.0704,0,10,4,42,0,5,2,0
2024-10-14,Food Stall,Nasi Lemak,Lunch,Sunny,2.5,9.51,181,0,0,16,0.0884,0,10,4,42,0,6,2,2
2024-10-14,Food Stall,Roti Canai,Breakfast,Rainy,0.8,2.75,300,0,0,23,0.0767,0,10,4,42,0,7,0,1
2024-10-14,Food Stall,Teh Tarik,Dinner,Cloudy,0.9,3.29,125,0,0,10,0.08,0,10,4,42,0,9,1,0
2024-10-14,Food Stall,Teh Tarik,Dinner,Sunny,0.9,2.4,644,0,1,29,0.045,0,10,4,42,0,9,1,2
2024-10-15,Food Stall,Beef Rendang,Dinner,Cloudy,9.0,34.89,8,0,0,1,0.125,1,10,4,42,0,0,1,0
2024-10-15,Food Stall,Beef Rendang,Dinner,Rainy,9.0,35.82,195,0,0,22,0.1128,1,10,4,42,0,0,1,1
2024-10-15,Food Stall,Cendol,Lunch,Cloudy,2.0,6.76,145,0,0,18,0.1241,1,10,4,42,0,1,2,0
2024-10-15,Food Stall,Chicken Rice,Lunch,Sunny,4.0,13.23,267,0,0,16,0.0599,1,10,4,42,0,3,2,2
2024-10-15,Food Stall,Kaya Toast Set,Breakfast,Cloudy,2.8,9.14,368,0,0,20,0.0543,1,10,4,42,0,4,0,0
2024-10-15,Food Stall,Kaya Toast Set,Breakfast,Sunny,2.8,7.98,1312,1,0,35,0.0267,1,10,4,42,0,4,0,2
2024-10-15,Food Stall,Laksa,Lunch,Cloudy,4.5,17.04,178,0,0,19,0.1067,1,10,4,42,0,5,2,0
2024-10-15,Food Stall,Roti Canai,Breakfast,Sunny,0.8,2.22,653,0,0,20,0.0306,1,10,4,42,0,7,0,2
2024-10-15,Food Stall,Roti Canai,Dinner,Cloudy,0.8,1.51,699,1,0,26,0.0372,1,10,4,42,0,7,1,0
2024-10-15,Food Stall,Roti Canai,Dinner,Sunny,0.8,2.5,216,0,0,10,0.0463,1,10,4,42,0,7,1,2
2024-10-15,Food Stall,Tandoori Chicken,Dinner,Cloudy,7.0,24.17,387,1,0,34,0.0879,1,10,4,42,0,8,1,0
2024-10-15,Food Stall,Teh Tarik,Breakfast,Rainy,0.9,1.64,657,1,0,38,0.0578,1,10,4,42,0,9,0,1
2024-10-15,Food Stall,Teh Tarik,Lunch,Cloudy,0.9,3.11,391,0,0,32,0.0818,1,10,4,42,0,9,2,0
2024-10-16,Food Stall,Beef Rendang,Dinner,Sunny,9.0,28.12,182,0,0,17,0.0934,2,10,4,42,0,0,1,2
2024-10-16,Food Stall,Cendol,Dinner,Cloudy,2.0,7.62,226,0,0,29,0.1283,2,10,4,42,0,1,1,0
2024-10-16,Food Stall,Cendol,Dinner,Sunny,2.0,6.88,201,0,0,23,0.1144,2,10,4,42,0,1,1,2
2024-10-16,Food Stall,Kaya Toast Set,Breakfast,Sunny,2.8,8.2,316,0,0,10,0.0316,2,10,4,42,0,4,0,2
2024-10-16,Food Stall,Roti Canai,Dinner,Sunny,0.8,2.79,168,0,0,8,0.0476,2,10,4,42,0,7,1,2
2024-10-16,Food Stall,Tandoori Chicken,Dinner,Cloudy,7.0,15.99,266,1,0,26,0.0977,2,10,4,42,0,8,1,0
2024-10-16,Food Stall,Tandoori Chicken,Dinner,Sunny,7.0,24.8,293,0,0,34,0.116,2,10,4,42,0,8,1,2
2024-10-16,Food Stall,Teh Tarik,Lunch,Cloudy,0.9,2.7,718,0,0,52,0.0724,2,10,4,42,0,9,2,0
2024-10-17,Food Stall,Cendol,Dinner,Sunny,2.0,8.64,118,0,0,16,0.1356,3,10,4,42,0,1,1,2
2024-10-17,Food Stall,Cendol,Lunch,Cloudy,2.0,7.16,286,0,0,33,0.1154,3,10,4,42,0,1,2,0
2024-10-17,Food Stall,Char Kway Teow,Dinner,Cloudy,5.0,11.64,228,1,0,18,0.0789,3,10,4,42,0,2,1,0
2024-10-17,Food Stall,Char Kway Teow,Lunch,Cloudy,5.0,11.27,379,1,0,23,0.0607,3,10,4,42,0,2,2,0
2024-10-17,Food Stall,Kaya Toast Set,Breakfast,Cloudy,2.8,8.55,663,0,0,22,0.0332,3,10,4,42,0,4,0,0
2024-10-17,Food Stall,Laksa,Lunch,Cloudy,4.5,15.48,48,0,0,4,0.0833,3,10,4,42,0,5,2,0
2024-10-17,Food Stall,Laksa,Lunch,Rainy,4.5,18.08,56,0,0,8,0.1429,3,10,4,42,0,5,2,1
2024-10-17,Food Stall,Teh Tarik,Dinner,Sunny,0.9,2.54,290,0,0,24,0.0828,3,10,4,42,0,9,1,2
2024-10-17,Food Stall,Teh Tarik,Lunch,Rainy,0.9,3.1,239,0,0,21,0.0879,3,10,4,42,0,9,2,1
2024-10-18,Food Stall,Beef Rendang,Lunch,Cloudy,9.0,35.03,68,0,0,6,0.0882,4,10,4,42,0,0,2,0
2024-10-18,Food Stall,Chicken Rice,Dinner,Sunny,4.0,17.32,85,0,0,8,0.0941,4,10,4,42,0,3,1,2
2024-10-18,Food Stall,Kaya Toast Set,Breakfast,Sunny,2.8,9.57,319,0,0,15,0.047,4,10,4,42,0,4,0,2
2024-10-18,Food Stall,Nasi Lemak,Lunch,Cloudy,2.5,6.11,408,1,0,21,0.0515,4,10,4,42,0,6,2,0
2024-10-18,Food Stall,Tandoori Chicken,Dinner,Sunny,7.0,24.55,97,0,1,9,0.0928,4,10,4,42,0,8,1,2
2024-10-18,Food Stall,Teh Tarik,Dinner,Rainy,0.9,2.42,864,1,0,61,0.0706,4,10,4,42,0,9,1,1
2024-10-18,Food Stall,Teh Tarik,Dinner,Sunny,0.9,2.65,428,0,0,26,0.0607,4,10,4,42,0,9,1,2
2024-10-18,Food Stall,Teh Tarik,Lunch,Sunny,0.9,2.79,578,0,0,42,0.0727,4,10,4,42,0,9,2,2
2024-10-19,Food Stall,Cendol,Dinner,Sunny,2.0,5.57,594,0,0,67,0.1128,5,10,4,42,1,1,1,2
2024-10-19,Food Stall,Cendol,Lunch,Rainy,2.0,4.57,556,1,0,62,0.1115,5,10,4,42,1,1,2,1
2024-10-19,Food Stall,Cendol,Lunch,Sunny,2.0,4.67,593,1,0,69,0.1164,5,10,4,42,1,1,2,2
2024-10-19,Food Stall,Roti Canai,Breakfast,Sunny,0.8,2.42,508,0,0,28,0.0551,5,10,4,42,1,7,0,2
2024-10-19,Food Stall,Roti Canai,Dinner,Cloudy,0.8,1.88,1247,1,0,36,0.0289,5,10,4,42,1,7,1,0
2024-10-19,Food Stall,Tandoori Chicken,Dinner,Rainy,7.0,21.34,249,0,1,23,0.0924,5,10,4,42,1,8,1,1
2024-10-19,Food Stall,Tandoori Chicken,Dinner,Sunny,7.0,22.4,385,1,0,29,0.0753,5,10,4,42,1,8,1,2
2024-10-19,Food Stall,Teh Tarik,Breakfast,Rainy,0.9,2.98,584,0,0,57,0.0976,5,10,4,42,1,9,0,1
2024-10-19,Food Stall,Teh Tarik,Breakfast,Sunny,0.9,2.68,1867,0,0,127,0.068,5,10,4,42,1,9,0,2
2024-10-19,Food Stall,Teh Tarik,Dinner,Cloudy,0.9,2.36,467,0,0,42,0.0899,5,10,4,42,1,9,1,0
2024-10-19,Food Stall,Teh Tarik,Lunch,Cloudy,0.9,2.54,524,0,0,27,0.0515,5,10,4,42,1,9,2,0
2024-10-20,Food Stall,Beef Rendang,Lunch,Cloudy,9.0,27.07,139,0,0,13,0.0935,6,10,4,42,1,0,2,0
2024-10-20,Food Stall,Cendol,Dinner,Sunny,2.0,6.92,177,0,0,24,0.1356,6,10,4,42,1,1,1,2
2024-10-20,Food Stall,Char Kway Teow,Lunch,Rainy,5.0,16.42,189,0,0,20,0.1058,6,10,4,42,1,2,2,1
2024-10-20,Food Stall,Kaya Toast Set,Breakfast,Rainy,2.8,8.98,445,0,0,20,0.0449,6,10,4,42,1,4,0,1
2024-10-20,Food Stall,Kaya Toast Set,Breakfast,Sunny,2.8,8.2,1611,0,0,53,0.0329,6,10,4,42,1,4,0,2
2024-10-20,Food Stall,Nasi Lemak,Breakfast,Cloudy,2.5,6.5,603,1,1,30,0.0498,6,10,4,42,1,6,0,0
2024-10-20,Food Stall,Roti Canai,Dinner,Sunny,0.8,2.34,887,0,0,37,0.0417,6,10,4,42,1,7,1,2
2024-10-20,Food Stall,Tandoori Chicken,Dinner,Rainy,7.0,20.95,209,0,1,23,0.11,6,10,4,42,1,8,1,1
2024-10-20,Food Stall,Tandoori Chicken,Dinner,Sunny,7.0,25.44,306,0,0,28,0.0915,6,10,4,42,1,8,1,2
2024-10-20,Food Stall,Teh Tarik,Breakfast,Cloudy,0.9,3.01,772,0,0,42,0.0544,6,10,4,42,1,9,0,0
2024-10-20,Food Stall,Teh Tarik,Lunch,Sunny,0.9,2.78,781,0,0,56,0.0717,6,10,4,42,1,9,2,2
2024-10-21,Food Stall,Chicken Rice,Lunch,Sunny,4.0,12.92,252,0,0,17,0.0675,0,10,4,43,0,3,2,2
2024-10-21,Food Stall,Kaya Toast Set,Breakfast,Cloudy,2.8,8.56,730,0,0,18,0.0247,0,10,4,43,0,4,0,0
2024-10-21,Food Stall,Kaya Toast Set,Breakfast,Sunny,2.8,8.92,433,0,0,13,0.03,0,10,4,43,0,4,0,2
2024-10-21,Food Stall,Laksa,Lunch,Sunny,4.5,20.12,200,0,0,23,0.115,0,10,4,43,0,5,2,2
2024-10-21,Food Stall,Nasi Lemak,Breakfast,Cloudy,2.5,8.84,251,0,0,24,0.0956,0,10,4,43,0,6,0,0
2024-10-21,Food Stall,Roti Canai,Breakfast,Rainy,0.8,2.26,251,0,0,18,0.0717,0,10,4,43,0,7,0,1
2024-10-21,Food Stall,Roti Canai,Dinner,Rainy,0.8,2.53,214,0,0,13,0.0607,0,10,4,43,0,7,1,1
2024-10-21,Food Stall,Teh Tarik,Lunch,Sunny,0.9,2.47,842,0,0,60,0.0713,0,10,4,43,0,9,2,2
2024-10-22,Food Stall,Cendol,Lunch,Cloudy,2.0,4.06,309,1,0,30,0.0971,1,10,4,43,0,1,2,0
2024-10-22,Food Stall,Char Kway Teow,Dinner,Cloudy,5.0,21.78,49,0,0,5,0.102,1,10,4,43,0,2,1,0
2024-10-22,Food Stall,Kaya Toast Set,Breakfast,Sunny,2.8,7.28,1760,1,1,35,0.0199,1,10,4,43,0,4,0,2
2024-10-22,Food Stall,Nasi Lemak,Lunch,Cloudy,2.5,8.31,345,0,0,34,0.0986,1,10,4,43,0,6,2,0
2024-10-22,Food Stall,Roti Canai,Dinner,Cloudy,0.8,2.54,146,0,0,10,0.0685,1,10,4,43,0,7,1,0
2024-10-22,Food Stall,Roti Canai,Dinner,Sunny,0.8,2.28,327,0,0,12,0.0367,1,10,4,43,0,7,1,2
2024-10-22,Food Stall,Tandoori Chicken,Dinner,Cloudy,7.0,23.58,234,0,0,20,0.0855,1,10,4,43,0,8,1,0
2024-10-22,Food Stall,Tandoori Chicken,Dinner,Rainy,7.0,27.69,111,0,0,12,0.1081,1,10,4,43,0,8,1,1
2024-10-22,Food Stall,Tandoori Chicken,Dinner,Sunny,7.0,21.44,171,0,0,20,0.117,1,10,4,43,0,8,1,2
2024-10-22,Food Stall,Teh Tarik,Lunch,Sunny,0.9,1.63,965,1,0,46,0.0477,1,10,4,43,0,9,2,2
2024-10-23,Food Stall,Beef Rendang,Dinner,Sunny,9.0,38.01,59,0,0,6,0.1017,2,10,4,43,0,0,1,2
2024-10-23,Food Stall,Chicken Rice,Dinner,Sunny,4.0,13.19,296,0,0,18,0.0608,2,10,4,43,0,3,1,2
2024-10-23,Food Stall,Kaya Toast Set,Breakfast,Rainy,2.8,6.55,645,1,0,38,0.0589,2,10,4,43,0,4,0,1
2024-10-23,Food Stall,Kaya Toast Set,Breakfast,Sunny,2.8,8.48,551,0,0,25,0.0454,2,10,4,43,0,4,0,2
2024-10-23,Food Stall,Roti Canai,Breakfast,Sunny,0.8,2.24,979,1,0,25,0.0255,2,10,4,43,0,7,0,2
2024-10-23,Food Stall,Roti Canai,Dinner,Sunny,0.8,2.01,1123,1,0,66,0.0588,2,10,4,43,0,7,1,2
2024-10-24,Food Stall,Cendol,Dinner,Rainy,2.0,8.46,77,0,0,11,0.1429,3,10,4,43,0,1,1,1
2024-10-24,Food Stall,Cendol,Dinner,Sunny,2.0,6.91,235,0,0,25,0.1064,3,10,4,43,0,1,1,2
2024-10-24,Food Stall,Char Kway Teow,Lunch,Sunny,5.0,20.48,85,0,0,7,0.0824,3,10,4,43,0,2,2,2
2024-10-24,Food Stall,Kaya Toast Set,Breakfast,Cloudy,2.8,9.12,1289,1,0,58,0.045,3,10,4,43,0,4,0,0
2024-10-24,Food Stall,Kaya Toast Set,Breakfast,Sunny,2.8,7.88,769,0,1,16,0.0208,3,10,4,43,0,4,0,2
2024-10-24,Food Stall,Laksa,Lunch,Sunny,4.5,13.61,425,1,0,41,0.0965,3,10,4,43,0,5,2,2
2024-10-24,Food Stall,Nasi Lemak,Breakfast,Sunny,2.5,7.69,159,0,0,11,0.0692,3,10,4,43,0,6,0,2
2024-10-24,Food Stall,Roti Canai,Dinner,Cloudy,0.8,2.37,377,0,0,16,0.0424,3,10,4,43,0,7,1,0
2024-10-24,Food Stall,Tandoori Chicken,Dinner,Cloudy,7.0,31.35,108,0,0,11,0.1019,3,10,4,43,0,8,1,0
2024-10-24,Food Stall,Tandoori Chicken,Dinner,Rainy,7.0,25.91,153,0,0,22,0.1438,3,10,4,43,0,8,1,1
2024-10-24,Food Stall,Teh Tarik,Breakfast,Rainy,0.9,1.99,857,1,0,79,0.0922,3,10,4,43,0,9,0,1
2024-10-24,Food Stall,Teh Tarik,Breakfast,Sunny,0.9,2.42,1086,1,0,52,0.0479,3,10,4,43,0,9,0,2
2024-10-24,Food Stall,Teh Tarik,Dinner,Cloudy,0.9,2.61,358,0,0,23,0.0642,3,10,4,43,0,9,1,0
2024-10-24,Food Stall,Teh Tarik,Dinner,Sunny,0.9,2.48,563,0,0,32,0.0568,3,10,4,43,0,9,1,2
2024-10-25,Food Stall,Cendol,Lunch,Rainy,2.0,7.99,221,0,0,29,0.1312,4,10,4,43,0,1,2,1
2024-10-25,Food Stall,Cendol,Lunch,Sunny,2.0,4.13,432,1,0,47,0.1088,4,10,4,43,0,1,2,2
2024-10-25,Food Stall,Kaya Toast Set,Breakfast,Rainy,2.8,9.83,317,0,0,13,0.041,4,10,4,43,0,4,0,1
2024-10-25,Food Stall,Laksa,Lunch,Sunny,4.5,16.8,205,0,0,17,0.0829,4,10,4,43,0,5,2,2
2024-10-25,Food Stall,Roti Canai,Breakfast,Sunny,0.8,2.49,270,0,0,11,0.0407,4,10,4,43,0,7,0,2
2024-10-25,Food Stall,Roti Canai,Dinner,Cloudy,0.8,2.3,863,1,1,38,0.044,4,10,4,43,0,7,1,0
2024-10-25,Food Stall,Roti Canai,Dinner,Sunny,0.8,2.38,397,0,0,25,0.063,4,10,4,43,0,7,1,2
2024-10-25,Food Stall,Tandoori Chicken,Dinner,Rainy,7.0,27.28,151,0,0,19,0.1258,4,10,4,43,0,8,1,1
2024-10-25,Food Stall,Teh Tarik,Dinner,Sunny,0.9,3.07,349,0,0,23,0.0659,4,10,4,43,0,9,1,2
2024-10-25,Food Stall,Teh Tarik,Lunch,Sunny,0.9,2.56,912,0,0,81,0.0888,4,10,4,43,0,9,2,2
2024-10-26,Food Stall,Cendol,Lunch,Sunny,2.0,5.73,350,0,0,36,0.1029,5,10,4,43,1,1,2,2
2024-10-26,Food Stall,Char Kway Teow,Lunch,Sunny,5.0,15.38,148,0,0,13,0.0878,5,10,4,43,1,2,2,2
2024-10-26,Food Stall,Chicken Rice,Lunch,Cloudy,4.0,12.2,287,0,0,22,0.0767,5,10,4,43,1,3,2,0
2024-10-26,Food Stall,Laksa,Lunch,Sunny,4.5,15.14,536,0,0,58,0.1082,5,10,4,43,1,5,2,2
2024-10-26,Food Stall,Roti Canai,Breakfast,Sunny,0.8,1.88,823,1,0,40,0.0486,5,10,4,43,1,7,0,2
2024-10-26,Food Stall,Tandoori Chicken,Dinner,Cloudy,7.0,19.17,330,0,0,31,0.0939,5,10,4,43,1,8,1,0
2024-10-26,Food Stall,Tandoori Chicken,Dinner,Sunny,7.0,24.84,96,0,0,8,0.0833,5,10,4,43,1,8,1,2
2024-10-26,Food Stall,Teh Tarik,Breakfast,Sunny,0.9,2.49,819,0,0,55,0.0672,5,10,4,43,1,9,0,2
2024-10-26,Food Stall,Teh Tarik,Dinner,Cloudy,0.9,3.06,684,0,1,26,0.038,5,10,4,43,1,9,1,0
2024-10-26,Food Stall,Teh Tarik,Lunch,Cloudy,0.9,2.98,336,0,0,30,0.0893,5,10,4,43,1,9,2,0
2024-10-26,Food Stall,Teh Tarik,Lunch,Sunny,0.9,2.81,605,0,0,42,0.0694,5,10,4,43,1,9,2,2
2024-10-27,Food Stall,Beef Rendang,Dinner,Cloudy,9.0,33.29,117,0,1,6,0.0513,6,10,4,43,1,0,1,0
2024-10-27,Food Stall,Cendol,Dinner,Sunny,2.0,5.17,431,0,0,47,0.109,6,10,4,43,1,1,1,2
2024-10-27,Food Stall,Cendol,Lunch,Rainy,2.0,6.7,205,0,0,34,0.1659,6,10,4,43,1,1,2,1
2024-10-27,Food Stall,Chicken Rice,Lunch,Rainy,4.0,15.1,186,0,0,13,0.0699,6,10,4,43,1,3,2,1
2024-10-27,Food Stall,Kaya Toast Set,Breakfast,Rainy,2.8,8.83,414,0,0,25,0.0604,6,10,4,43,1,4,0,1
2024-10-27,Food Stall,Kaya Toast Set,Breakfast,Sunny,2.8,7.63,438,0,0,17,0.0388,6,10,4,43,1,4,0,2
2024-10-27,Food Stall,Nasi Lemak,Breakfast,Rainy,2.5,6.6,452,0,0,44,0.0973,6,10,4,43,1,6,0,1
2024-10-27,Food Stall,Nasi Lemak,Lunch,Sunny,2.5,7.97,476,0,0,29,0.0609,6,10,4,43,1,6,2,2
2024-10-27,Food Stall,Roti Canai,Breakfast,Cloudy,0.8,2.18,651,0,0,41,0.063,6,10,4,43,1,7,0,0
2024-10-27,Food Stall,Roti Canai,Dinner,Sunny,0.8,1.69,847,1,0,31,0.0366,6,10,4,43,1,7,1,2
2024-10-27,Food Stall,Tandoori Chicken,Dinner,Rainy,7.0,22.68,377,0,0,48,0.1273,6,10,4,43,1,8,1,1
2024-10-27,Food Stall,Teh Tarik,Breakfast,Sunny,0.9,3.06,607,0,0,47,0.0774,6,10,4,43,1,9,0,2
2024-10-27,Food Stall,Teh Tarik,Lunch,Sunny,0.9,2.37,1089,0,1,66,0.0606,6,10,4,43,1,9,2,2
2024-10-28,Food Stall,Char Kway Teow,Lunch,Rainy,5.0,18.63,152,0,0,17,0.1118,0,10,4,44,0,2,2,1
2024-10-28,Food Stall,Chicken Rice,Dinner,Cloudy,4.0,11.87,315,0,0,21,0.0667,0,10,4,44,0,3,1,0
2024-10-28,Food Stall,Kaya Toast Set,Breakfast,Cloudy,2.8,10.27,201,0,0,10,0.0498,0,10,4,44,0,4,0,0
2024-10-28,Food Stall,Roti Canai,Breakfast,Rainy,0.8,2.97,166,0,0,13,0.0783,0,10,4,44,0,7,0,1
2024-10-28,Food Stall,Roti Canai,Dinner,Sunny,0.8,2.84,227,0,0,14,0.0617,0,10,4,44,0,7,1,2
2024-10-29,Food Stall,Chicken Rice,Lunch,Sunny,4.0,11.18,335,0,0,17,0.0507,1,10,4,44,0,3,2,2
2024-10-29,Food Stall,Kaya Toast Set,Breakfast,Cloudy,2.8,7.58,253,0,0,7,0.0277,1,10,4,44,0,4,0,0
2024-10-29,Food Stall,Kaya Toast Set,Breakfast,Sunny,2.8,7.4,445,0,0,24,0.0539,1,10,4,44,0,4,0,2
2024-10-29,Food Stall,Nasi Lemak,Lunch,Sunny,2.5,10.29,59,0,0,5,0.0847,1,10,4,44,0,6,2,2
2024-10-29,Food Stall,Roti Canai,Dinner,Cloudy,0.8,2.57,294,0,0,13,0.0442,1,10,4,44,0,7,1,0
2024-10-29,Food Stall,Roti Canai,Dinner,Sunny,0.8,2.18,418,0,0,19,0.0455,1,10,4,44,0,7,1,2
2024-10-30,Food Stall,Beef Rendang,Lunch,Rainy,9.0,36.37,120,0,0,15,0.125,2,10,4,44,0,0,2,1
2024-10-30,Food Stall,Kaya Toast Set,Breakfast,Cloudy,2.8,10.4,440,0,0,18,0.0409,2,10,4,44,0,4,0,0
2024-10-30,Food Stall,Kaya Toast Set,Breakfast,Rainy,2.8,9.6,375,0,0,24,0.064,2,10,4,44,0,4,0,1
2024-10-30,Food Stall,Laksa,Lunch,Rainy,4.5,14.43,147,0,0,21,0.1429,2,10,4,44,0,5,2,1
2024-10-30,Food Stall,Laksa,Lunch,Sunny,4.5,11.22,269,1,0,26,0.0967,2,10,4,44,0,5,2,2
2024-10-30,Food Stall,Roti Canai,Breakfast,Cloudy,0.8,2.17,398,0,0,22,0.0553,2,10,4,44,0,7,0,0
2024-10-30,Food Stall,Teh Tarik,Breakfast,Rainy,0.9,2.54,312,0,0,27,0.0865,2,10,4,44,0,9,0,1
2024-10-31,Food Stall,Beef Rendang,Lunch,Rainy,9.0,32.49,139,0,0,17,0.1223,3,10,4,44,0,0,2,1
2024-10-31,Food Stall,Cendol,Dinner,Cloudy,2.0,7.66,235,0,0,27,0.1149,3,10,4,44,0,1,1,0
2024-10-31,Food Stall,Cendol,Lunch,Sunny,2.0,6.94,184,0,0,23,0.125,3,10,4,44,0,1,2,2
2024-10-31,Food Stall,Chicken Rice,Lunch,Sunny,4.0,15.16,204,0,0,11,0.0539,3,10,4,44,0,3,2,2
2024-10-31,Food Stall,Kaya Toast Set,Breakfast,Cloudy,2.8,9.17,341,0,0,20,0.0587,3,10,4,44,0,4,0,0
2024-10-31,Food Stall,Kaya Toast Set,Breakfast,Sunny,2.8,7.01,900,1,0,26,0.0289,3,10,4,44,0,4,0,2
2024-10-31,Food Stall,Laksa,Lunch,Cloudy,4.5,16.66,124,0,0,14,0.1129,3,10,4,44,0,5,2,0
2024-10-31,Food Stall,Nasi Lemak,Breakfast,Sunny,2.5,8.43,491,0,0,30,0.0611,3,10,4,44,0,6,0,2
2024-10-31,Food Stall,Roti Canai,Breakfast,Sunny,0.8,3.06,219,0,0,8,0.0365,3,10,4,44,0,7,0,2
2024-10-31,Food Stall,Roti Canai,Dinner,Cloudy,0.8,1.8,566,1,0,24,0.0424,3,10,4,44,0,7,1,0
2024-10-31,Food Stall,Teh Tarik,Breakfast,Sunny,0.9,2.78,642,0,0,55,0.0857,3,10,4,44,0,9,0,2
2024-10-31,Food Stall,Teh Tarik,Dinner,Sunny,0.9,1.86,1092,1,0,66,0.0604,3,10,4,44,0,9,1,2
2024-11-01,Food Stall,Cendol,Lunch,Rainy,2.0,7.29,207,0,0,31,0.1498,4,11,4,44,0,1,2,1
2024-11-01,Food Stall,Cendol,Lunch,Sunny,2.0,8.34,9,0,0,1,0.1111,4,11,4,44,0,1,2,2
2024-11-01,Food Stall,Chicken Rice,Dinner,Cloudy,4.0,17.01,35,0,0,2,0.0571,4,11,4,44,0,3,1,0
2024-11-01,Food Stall,Kaya Toast Set,Breakfast,Cloudy,2.8,10.33,577,0,0,20,0.0347,4,11,4,44,0,4,0,0
2024-11-01,Food Stall,Laksa,Lunch,Cloudy,4.5,13.85,318,0,0,31,0.0975,4,11,4,44,0,5,2,0
2024-11-01,Food Stall,Roti Canai,Dinner,Cloudy,0.8,2.27,421,0,0,23,0.0546,4,11,4,44,0,7,1,0
2024-11-01,Food Stall,Tandoori Chicken,Dinner,Sunny,7.0,17.23,152,1,0,10,0.0658,4,11,4,44,0,8,1,2
2024-11-01,Food Stall,Teh Tarik,Lunch,Cloudy,0.9,2.41,344,0,0,24,0.0698,4,11,4,44,0,9,2,0
2024-11-02,Food Stall,Beef Rendang,Dinner,Sunny,9.0,37.45,25,0,0,2,0.08,5,11,4,44,1,0,1,2
2024-11-02,Food Stall,Cendol,Dinner,Rainy,2.0,4.22,356,1,0,43,0.1208,5,11,4,44,1,1,1,1
2024-11-02,Food Stall,Cendol,Dinner,Sunny,2.0,6.05,399,0,0,41,0.1028,5,11,4,44,1,1,1,2
2024-11-02,Food Stall,Cendol,Lunch,Sunny,2.0,7.67,222,0,0,23,0.1036,5,11,4,44,1,1,2,2
2024-11-02,Food Stall,Laksa,Lunch,Sunny,4.5,16.71,234,0,0,27,0.1154,5,11,4,44,1,5,2,2
2024-11-02,Food Stall,Nasi Lemak,Breakfast,Cloudy,2.5,5.43,599,1,0,45,0.0751,5,11,4,44,1,6,0,0
2024-11-02,Food Stall,Nasi Lemak,Lunch,Cloudy,2.5,7.56,486,0,0,32,0.0658,5,11,4,44,1,6,2,0
2024-11-02,Food Stall,Roti Canai,Breakfast,Rainy,0.8,2.65,540,0,0,31,0.0574,5,11,4,44,1,7,0,1
2024-11-02,Food Stall,Roti Canai,Breakfast,Sunny,0.8,2.07,1557,1,0,72,0.0462,5,11,4,44,1,7,0,2
2024-11-02,Food Stall,Roti Canai,Dinner,Cloudy,0.8,2.1,507,0,0,32,0.0631,5,11,4,44,1,7,1,0
2024-11-02,Food Stall,Teh Tarik,Breakfast,Rainy,0.9,2.31,420,0,0,29,0.069,5,11,4,44,1,9,0,1
2024-11-02,Food Stall,Teh Tarik,Breakfast,Sunny,0.9,2.52,649,0,0,39,0.0601,5,11,4,44,1,9,0,2
2024-11-02,Food Stall,Teh Tarik,Dinner,Cloudy,0.9,2.71,371,0,0,32,0.0863,5,11,4,44,1,9,1,0
2024-11-02,Food Stall,Teh Tarik,Lunch,Cloudy,0.9,2.42,561,0,0,28,0.0499,5,11,4,44,1,9,2,0
2024-11-03,Food Stall,Beef Rendang,Dinner,Cloudy,9.0,33.78,77,0,0,8,0.1039,6,11,4,44,1,0,1,0
2024-11-03,Food Stall,Cendol,Dinner,Cloudy,2.0,7.42,144,0,0,15,0.1042,6,11,4,44,1,1,1,0
2024-11-03,Food Stall,Cendol,Lunch,Cloudy,2.0,7.12,324,0,0,41,0.1265,6,11,4,44,1,1,2,0
2024-11-03,Food Stall,Cendol,Lunch,Rainy,2.0,7.3,240,0,0,37,0.1542,6,11,4,44,1,1,2,1
2024-11-03,Food Stall,Cendol,Lunch,Sunny,2.0,6.22,656,0,0,89,0.1357,6,11,4,44,1,1,2,2
2024-11-03,Food Stall,Kaya Toast Set,Breakfast,Cloudy,2.8,7.66,546,0,1,11,0.0201,6,11,4,44,1,4,0,0
2024-11-03,Food Stall,Nasi Lemak,Lunch,Sunny,2.5,9.86,236,0,0,19,0.0805,6,11,4,44,1,6,2,2
2024-11-03,Food Stall,Roti Canai,Dinner,Cloudy,0.8,2.78,907,0,0,59,0.065,6,11,4,44,1,7,1,0
2024-11-03,Food Stall,Tandoori Chicken,Dinner,Sunny,7.0,22.33,277,0,0,27,0.0975,6,11,4,44,1,8,1,2
2024-11-03,Food Stall,Teh Tarik,Lunch,Sunny,0.9,2.6,539,0,0,37,0.0686,6,11,4,44,1,9,2,2
2024-11-04,Food Stall,Beef Rendang,Lunch,Rainy,9.0,32.73,188,0,0,18,0.0957,0,11,4,45,0,0,2,1
2024-11-04,Food Stall,Cendol,Dinner,Sunny,2.0,7.82,324,0,0,42,0.1296,0,11,4,45,0,1,1,2
2024-11-04,Food Stall,Char Kway Teow,Lunch,Sunny,5.0,17.04,463,0,0,37,0.0799,0,11,4,45,0,2,2,2
2024-11-04,Food Stall,Chicken Rice,Lunch,Sunny,4.0,7.34,398,1,0,31,0.0779,0,11,4,45,0,3,2,2
2024-11-04,Food Stall,Kaya Toast Set,Breakfast,Cloudy,2.8,7.58,326,0,0,16,0.0491,0,11,4,45,0,4,0,0
2024-11-04,Food Stall,Kaya Toast Set,Breakfast,Rainy,2.8,9.88,806,0,0,48,0.0596,0,11,4,45,0,4,0,1
2024-11-04,Food Stall,Tandoori Chicken,Dinner,Cloudy,7.0,22.84,207,0,0,18,0.087,0,11,4,45,0,8,1,0
2024-11-04,Food Stall,Tandoori Chicken,Dinner,Sunny,7.0,17.13,323,1,0,27,0.0836,0,11,4,45,0,8,1,2
2024-11-04,Food Stall,Teh Tarik,Breakfast,Cloudy,0.9,2.51,546,0,0,41,0.0751,0,11,4,45,0,9,0,0
2024-11-04,Food Stall,Teh Tarik,Lunch,Rainy,0.9,2.83,609,0,0,60,0.0985,0,11,4,45,0,9,2,1
2024-11-05,Food Stall,Kaya Toast Set,Breakfast,Rainy,2.8,7.52,1342,1,1,41,0.0306,1,11,4,45,0,4,0,1
2024-11-05,Food Stall,Kaya Toast Set,Breakfast,Sunny,2.8,8.36,1144,1,0,28,0.0245,1,11,4,45,0,4,0,2
2024-11-05,Food Stall,Nasi Lemak,Breakfast,Cloudy,2.5,10.62,87,0,0,6,0.069,1,11,4,45,0,6,0,0
2024-11-05,Food Stall,Roti Canai,Breakfast,Sunny,0.8,2.54,203,0,0,10,0.0493,1,11,4,45,0,7,0,2
2024-11-05,Food Stall,Roti Canai,Dinner,Sunny,0.8,2.39,206,0,0,13,0.0631,1,11,4,45,0,7,1,2
2024-11-05,Food Stall,Tandoori Chicken,Dinner,Rainy,7.0,26.06,368,0,0,44,0.1196,1,11,4,45,0,8,1,1
2024-11-05,Food Stall,Tandoori Chicken,Dinner,Sunny,7.0,19.35,187,1,0,18,0.0963,1,11,4,45,0,8,1,2
2024-11-05,Food Stall,Teh Tarik,Breakfast,Rainy,0.9,3.0,391,0,1,19,0.0486,1,11,4,45,0,9,0,1
2024-11-05,Food Stall,Teh Tarik,Lunch,Sunny,0.9,2.47,263,0,0,18,0.0684,1,11,4,45,0,9,2,2
2024-11-06,Food Stall,Cendol,Dinner,Cloudy,2.0,7.35,171,0,0,20,0.117,2,11,4,45,0,1,1,0
2024-11-06,Food Stall,Cendol,Lunch,Cloudy,2.0,6.66,209,0,0,25,0.1196,2,11,4,45,0,1,2,0
2024-11-06,Food Stall,Cendol,Lunch,Rainy,2.0,3.83,380,1,0,44,0.1158,2,11,4,45,0,1,2,1
2024-11-06,Food Stall,Kaya Toast Set,Breakfast,Cloudy,2.8,5.53,654,1,0,30,0.0459,2,11,4,45,0,4,0,0
2024-11-06,Food Stall,Kaya Toast Set,Breakfast,Sunny,2.8,12.94,18,0,0,1,0.0556,2,11,4,45,0,4,0,2
2024-11-06,Food Stall,Nasi Lemak,Breakfast,Rainy,2.5,7.22,256,0,0,22,0.0859,2,11,4,45,0,6,0,1
2024-11-06,Food Stall,Nasi Lemak,Lunch,Sunny,2.5,7.98,157,0,0,14,0.0892,2,11,4,45,0,6,2,2
2024-11-06,Food Stall,Roti Canai,Dinner,Sunny,0.8,2.7,142,0,0,10,0.0704,2,11,4,45,0,7,1,2
2024-11-06,Food Stall,Teh Tarik,Breakfast,Rainy,0.9,2.36,395,0,0,42,0.1063,2,11,4,45,0,9,0,1
2024-11-06,Food Stall,Teh Tarik,Breakfast,Sunny,0.9,2.66,1152,0,0,75,0.0651,2,11,4,45,0,9,0,2
2024-11-06,Food Stall,Teh Tarik,Dinner,Sunny,0.9,2.64,339,0,0,19,0.056,2,11,4,45,0,9,1,2
2024-11-06,Food Stall,Teh Tarik,Lunch,Cloudy,0.9,2.44,475,0,0,34,0.0716,2,11,4,45,0,9,2,0
2024-11-06,Food Stall,Teh Tarik,Lunch,Sunny,0.9,2.53,762,0,0,42,0.0551,2,11,4,45,0,9,2,2
2024-11-07,Food Stall,Cendol,Dinner,Rainy,2.0,8.03,162,0,1,19,0.1173,3,11,4,45,0,1,1,1
2024-11-07,Food Stall,Cendol,Dinner,Sunny,2.0,6.42,489,0,1,45,0.092,3,11,4,45,0,1,1,2
2024-11-07,Food Stall,Cendol,Lunch,Cloudy,2.0,6.94,200,0,0,26,0.13,3,11,4,45,0,1,2,0
2024-11-07,Food Stall,Kaya Toast Set,Breakfast,Sunny,2.8,8.9,307,0,0,18,0.0586,3,11,4,45,0,4,0,2
2024-11-07,Food Stall,Roti Canai,Breakfast,Sunny,0.8,2.33,385,0,0,26,0.0675,3,11,4,45,0,7,0,2
2024-11-07,Food Stall,Roti Canai,Dinner,Sunny,0.8,2.72,269,0,0,18,0.0669,3,11,4,45,0,7,1,2
2024-11-07,Food Stall,Teh Tarik,Breakfast,Sunny,0.9,3.04,558,0,0,33,0.0591,3,11,4,45,0,9,0,2
2024-11-07,Food Stall,Teh Tarik,Lunch,Sunny,0.9,2.71,492,0,0,27,0.0549,3,11,4,45,0,9,2,2
2024-11-08,Food Stall,Cendol,Dinner,Cloudy,2.0,5.95,237,1,0,26,0.1097,4,11,4,45,0,1,1,0
2024-11-08,Food Stall,Char Kway Teow,Dinner,Rainy,5.0,15.54,170,0,0,19,0.1118,4,11,4,45,0,2,1,1
2024-11-08,Food Stall,Kaya Toast Set,Breakfast,Cloudy,2.8,9.51,518,0,0,27,0.0521,4,11,4,45,0,4,0,0
2024-11-08,Food Stall,Kaya Toast Set,Breakfast,Rainy,2.8,9.86,277,0,0,18,0.065,4,11,4,45,0,4,0,1
2024-11-08,Food Stall,Laksa,Lunch,Sunny,4.5,10.58,180,1,0,13,0.0722,4,11,4,45,0,5,2,2
2024-11-08,Food Stall,Nasi Lemak,Lunch,Cloudy,2.5,8.15,289,0,0,23,0.0796,4,11,4,45,0,6,2,0
2024-11-08,Food Stall,Roti Canai,Breakfast,Cloudy,0.8,2.87,292,0,0,12,0.0411,4,11,4,45,0,7,0,0
2024-11-08,Food Stall,Roti Canai,Dinner,Sunny,0.8,2.25,398,0,0,13,0.0327,4,11,4,45,0,7,1,2
2024-11-08,Food Stall,Tandoori Chicken,Dinner,Cloudy,7.0,26.32,129,0,0,14,0.1085,4,11,4,45,0,8,1,0
2024-11-08,Food Stall,Tandoori Chicken,Dinner,Rainy,7.0,25.28,382,0,0,53,0.1387,4,11,4,45,0,8,1,1
2024-11-08,Food Stall,Tandoori Chicken,Dinner,Sunny,7.0,24.4,211,0,0,18,0.0853,4,11,4,45,0,8,1,2
2024-11-08,Food Stall,Teh Tarik,Lunch,Cloudy,0.9,3.02,457,0,0,38,0.0832,4,11,4,45,0,9,2,0
2024-11-08,Food Stall,Teh Tarik,Lunch,Sunny,0.9,2.86,480,0,0,40,0.0833,4,11,4,45,0,9,2,2
2024-11-09,Food Stall,Cendol,Lunch,Cloudy,2.0,4.48,571,1,0,56,0.0981,5,11,4,45,1,1,2,0
2024-11-09,Food Stall,Cendol,Lunch,Rainy,2.0,7.48,212,0,0,32,0.1509,5,11,4,45,1,1,2,1
2024-11-09,Food Stall,Cendol,Lunch,Sunny,2.0,6.41,465,0,0,53,0.114,5,11,4,45,1,1,2,2
2024-11-09,Food Stall,Chicken Rice,Dinner,Rainy,4.0,14.41,111,0,0,9,0.0811,5,11,4,45,1,3,1,1
2024-11-09,Food Stall,Kaya Toast Set,Breakfast,Cloudy,2.8,6.37,877,1,0,46,0.0525,5,11,4,45,1,4,0,0
2024-11-09,Food Stall,Kaya Toast Set,Breakfast,Sunny,2.8,9.18,558,0,0,25,0.0448,5,11,4,45,1,4,0,2
2024-11-09,Food Stall,Nasi Lemak,Breakfast,Rainy,2.5,7.63,249,0,0,20,0.0803,5,11,4,45,1,6,0,1
2024-11-09,Food Stall,Nasi Lemak,Lunch,Sunny,2.5,4.58,702,1,0,46,0.0655,5,11,4,45,1,6,2,2
2024-11-09,Food Stall,Roti Canai,Breakfast,Cloudy,0.8,2.08,476,0,0,31,0.0651,5,11,4,45,1,7,0,0
2024-11-09,Food Stall,Tandoori Chicken,Dinner,Rainy,7.0,26.14,240,0,0,28,0.1167,5,11,4,45,1,8,1,1
2024-11-09,Food Stall,Tandoori Chicken,Dinner,Sunny,7.0,25.11,141,0,0,12,0.0851,5,11,4,45,1,8,1,2
2024-11-09,Food Stall,Teh Tarik,Dinner,Sunny,0.9,2.47,434,0,0,35,0.0806,5,11,4,45,1,9,1,2
2024-11-10,Food Stall,Beef Rendang,Lunch,Cloudy,9.0,32.9,139,0,0,12,0.0863,6,11,4,45,1,0,2,0
2024-11-10,Food Stall,Cendol,Lunch,Cloudy,2.0,6.16,593,0,1,57,0.0961,6,11,4,45,1,1,2,0
2024-11-10,Food Stall,Cendol,Lunch,Rainy,2.0,6.35,240,0,0,32,0.1333,6,11,4,45,1,1,2,1
2024-11-10,Food Stall,Roti Canai,Dinner,Cloudy,0.8,3.07,142,0,0,7,0.0493,6,11,4,45,1,7,1,0
2024-11-10,Food Stall,Tandoori Chicken,Dinner,Sunny,7.0,21.87,205,0,0,19,0.0927,6,11,4,45,1,8,1,2
2024-11-11,Food Stall,Cendol,Dinner,Sunny,2.0,3.69,489,1,0,41,0.0838,0,11,4,46,0,1,1,2
2024-11-11,Food Stall,Chicken Rice,Lunch,Sunny,4.0,14.93,82,0,0,6,0.0732,0,11,4,46,0,3,2,2
2024-11-11,Food Stall,Kaya Toast Set,Breakfast,Rainy,2.8,9.76,215,0,0,10,0.0465,0,11,4,46,0,4,0,1
2024-11-11,Food Stall,Laksa,Lunch,Cloudy,4.5,19.02,44,0,0,5,0.1136,0,11,4,46,0,5,2,0
2024-11-11,Food Stall,Laksa,Lunch,Sunny,4.5,17.29,105,0,0,9,0.0857,0,11,4,46,0,5,2,2
2024-11-11,Food Stall,Nasi Lemak,Lunch,Cloudy,2.5,6.21,513,1,0,36,0.0702,0,11,4,46,0,6,2,0
2024-11-11,Food Stall,Roti Canai,Breakfast,Cloudy,0.8,2.73,403,0,0,20,0.0496,0,11,4,46,0,7,0,0
2024-11-11,Food Stall,Roti Canai,Dinner,Rainy,0.8,2.28,303,0,0,21,0.0693,0,11,4,46,0,7,1,1
2024-11-11,Food Stall,Teh Tarik,Dinner,Cloudy,0.9,2.77,454,0,0,24,0.0529,0,11,4,46,0,9,1,0
2024-11-11,Food Stall,Teh Tarik,Lunch,Rainy,0.9,2.57,262,0,0,20,0.0763,0,11,4,46,0,9,2,1
2024-11-12,Food Stall,Beef Rendang,Dinner,Cloudy,9.0,39.72,202,0,0,20,0.099,1,11,4,46,0,0,1,0
2024-11-12,Food Stall,Cendol,Dinner,Cloudy,2.0,7.63,196,0,0,23,0.1173,1,11,4,46,0,1,1,0
2024-11-12,Food Stall,Cendol,Dinner,Sunny,2.0,7.21,160,0,0,19,0.1188,1,11,4,46,0,1,1,2
2024-11-12,Food Stall,Cendol,Lunch,Cloudy,2.0,6.7,394,0,0,44,0.1117,1,11,4,46,0,1,2,0
2024-11-12,Food Stall,Cendol,Lunch,Sunny,2.0,7.94,201,0,0,24,0.1194,1,11,4,46,0,1,2,2
2024-11-12,Food Stall,Char Kway Teow,Lunch,Cloudy,5.0,16.23,238,0,0,21,0.0882,1,11,4,46,0,2,2,0
2024-11-12,Food Stall,Kaya Toast Set,Breakfast,Rainy,2.8,5.34,652,1,0,33,0.0506,1,11,4,46,0,4,0,1
2024-11-12,Food Stall,Nasi Lemak,Breakfast,Sunny,2.5,7.11,348,0,0,34,0.0977,1,11,4,46,0,6,0,2
2024-11-12,Food Stall,Nasi Lemak,Lunch,Sunny,2.5,9.45,165,0,0,12,0.0727,1,11,4,46,0,6,2,2
2024-11-12,Food Stall,Tandoori Chicken,Dinner,Sunny,7.0,23.93,326,0,0,27,0.0828,1,11,4,46,0,8,1,2
2024-11-12,Food Stall,Teh Tarik,Breakfast,Sunny,0.9,2.65,728,0,0,51,0.0701,1,11,4,46,0,9,0,2
2024-11-12,Food Stall,Teh Tarik,Dinner,Sunny,0.9,3.01,374,0,0,27,0.0722,1,11,4,46,0,9,1,2
2024-11-12,Food Stall,Teh Tarik,Lunch,Sunny,0.9,2.46,546,0,0,31,0.0568,1,11,4,46,0,9,2,2
2024-11-13,Food Stall,Cendol,Dinner,Cloudy,2.0,5.98,226,0,0,29,0.1283,2,11,4,46,0,1,1,0
2024-11-13,Food Stall,Cendol,Lunch,Cloudy,2.0,6.29,152,0,1,14,0.0921,2,11,4,46,0,1,2,0
2024-11-13,Food Stall,Cendol,Lunch,Rainy,2.0,4.42,321,1,0,36,0.1121,2,11,4,46,0,1,2,1
2024-11-13,Food Stall,Kaya Toast Set,Breakfast,Sunny,2.8,9.17,404,0,0,18,0.0446,2,11,4,46,0,4,0,2
2024-11-13,Food Stall,Tandoori Chicken,Dinner,Cloudy,7.0,25.74,198,0,0,17,0.0859,2,11,4,46,0,8,1,0
2024-11-13,Food Stall,Teh Tarik,Breakfast,Sunny,0.9,2.51,587,0,0,31,0.0528,2,11,4,46,0,9,0,2
2024-11-13,Food Stall,Teh Tarik,Lunch,Sunny,0.9,2.74,478,0,0,34,0.0711,2,11,4,46,0,9,2,2
2024-11-14,Food Stall,Cendol,Dinner,Sunny,2.0,7.99,133,0,0,16,0.1203,3,11,4,46,0,1,1,2
2024-11-14,Food Stall,Chicken Rice,Dinner,Cloudy,4.0,9.25,710,1,0,36,0.0507,3,11,4,46,0,3,1,0
2024-11-14,Food Stall,Kaya Toast Set,Breakfast,Rainy,2.8,6.96,765,1,0,19,0.0248,3,11,4,46,0,4,0,1
2024-11-14,Food Stall,Kaya Toast Set,Breakfast,Sunny,2.8,8.99,1197,0,1,24,0.0201,3,11,4,46,0,4,0,2
2024-11-14,Food Stall,Laksa,Lunch,Sunny,4.5,15.82,118,0,0,14,0.1186,3,11,4,46,0,5,2,2
2024-11-14,Food Stall,Nasi Lemak,Breakfast,Sunny,2.5,7.89,404,0,1,27,0.0668,3,11,4,46,0,6,0,2
2024-11-14,Food Stall,Roti Canai,Dinner,Rainy,0.8,2.87,171,0,0,9,0.0526,3,11,4,46,0,7,1,1
2024-11-14,Food Stall,Tandoori Chicken,Dinner,Cloudy,7.0,26.78,68,0,0,6,0.0882,3,11,4,46,0,8,1,0
2024-11-14,Food Stall,Tandoori Chicken,Dinner,Rainy,7.0,30.49,112,0,0,15,0.1339,3,11,4,46,0,8,1,1
2024-11-14,Food Stall,Teh Tarik,Dinner,Cloudy,0.9,1.97,760,1,0,47,0.0618,3,11,4,46,0,9,1,0
2024-11-15,Food Stall,Cendol,Lunch,Cloudy,2.0,7.47,229,0,0,25,0.1092,4,11,4,46,0,1,2,0
2024-11-15,Food Stall,Cendol,Lunch,Rainy,2.0,7.41,109,0,0,15,0.1376,4,11,4,46,0,1,2,1
2024-11-15,Food Stall,Nasi Lemak,Lunch,Cloudy,2.5,7.95,526,0,0,47,0.0894,4,11,4,46,0,6,2,0
2024-11-15,Food Stall,Roti Canai,Dinner,Rainy,0.8,1.62,497,1,0,20,0.0402,4,11,4,46,0,7,1,1
2024-11-15,Food Stall,Tandoori Chicken,Dinner,Rainy,7.0,26.15,277,0,0,37,0.1336,4,11,4,46,0,8,1,1
2024-11-16,Food Stall,Cendol,Dinner,Cloudy,2.0,7.75,197,0,0,21,0.1066,5,11,4,46,1,1,1,0
2024-11-16,Food Stall,Kaya Toast Set,Breakfast,Rainy,2.8,9.39,525,0,0,29,0.0552,5,11,4,46,1,4,0,1
2024-11-16,Food Stall,Nasi Lemak,Lunch,Sunny,2.5,8.12,533,0,1,23,0.0432,5,11,4,46,1,6,2,2
2024-11-17,Food Stall,Beef Rendang,Dinner,Sunny,9.0,32.24,280,0,0,23,0.0821,6,11,4,46,1,0,1,2
2024-11-17,Food Stall,Char Kway Teow,Lunch,Cloudy,5.0,19.99,208,0,0,20,0.0962,6,11,4,46,1,2,2,0
2024-11-17,Food Stall,Kaya Toast Set,Breakfast,Cloudy,2.8,8.08,449,0,0,25,0.0557,6,11,4,46,1,4,0,0
2024-11-17,Food Stall,Kaya Toast Set,Breakfast,Sunny,2.8,9.22,496,0,0,30,0.0605,6,11,4,46,1,4,0,2
2024-11-17,Food Stall,Nasi Lemak,Lunch,Sunny,2.5,6.8,446,0,0,38,0.0852,6,11,4,46,1,6,2,2
2024-11-17,Food Stall,Roti Canai,Dinner,Sunny,0.8,2.48,522,0,0,24,0.046,6,11,4,46,1,7,1,2
2024-11-17,Food Stall,Tandoori Chicken,Dinner,Cloudy,7.0,26.22,349,0,0,31,0.0888,6,11,4,46,1,8,1,0
2024-11-17,Food Stall,Teh Tarik,Breakfast,Rainy,0.9,2.28,465,0,0,36,0.0774,6,11,4,46,1,9,0,1
2024-11-17,Food Stall,Teh Tarik,Lunch,Sunny,0.9,2.46,1022,0,0,71,0.0695,6,11,4,46,1,9,2,2
2024-11-18,Food Stall,Cendol,Lunch,Cloudy,2.0,5.42,254,0,0,31,0.122,0,11,4,47,0,1,2,0
2024-11-18,Food Stall,Char Kway Teow,Dinner,Sunny,5.0,17.88,61,0,0,5,0.082,0,11,4,47,0,2,1,2
2024-11-18,Food Stall,Kaya Toast Set,Breakfast,Cloudy,2.8,8.35,235,0,0,9,0.0383,0,11,4,47,0,4,0,0
2024-11-18,Food Stall,Nasi Lemak,Lunch,Sunny,2.5,5.24,621,1,0,46,0.0741,0,11,4,47,0,6,2,2
2024-11-18,Food Stall,Roti Canai,Dinner,Rainy,0.8,2.53,131,0,0,6,0.0458,0,11,4,47,0,7,1,1
2024-11-18,Food Stall,Tandoori Chicken,Dinner,Cloudy,7.0,23.83,195,0,0,22,0.1128,0,11,4,47,0,8,1,0
2024-11-18,Food Stall,Teh Tarik,Breakfast,Sunny,0.9,2.9,750,0,0,51,0.068,0,11,4,47,0,9,0,2
2024-11-19,Food Stall,Cendol,Lunch,Rainy,2.0,6.78,170,0,0,23,0.1353,1,11,4,47,0,1,2,1
2024-11-19,Food Stall,Char Kway Teow,Lunch,Rainy,5.0,16.22,316,0,0,30,0.0949,1,11,4,47,0,2,2,1
2024-11-19,Food Stall,Chicken Rice,Dinner,Sunny,4.0,12.39,207,0,0,17,0.0821,1,11,4,47,0,3,1,2
2024-11-19,Food Stall,Kaya Toast Set,Breakfast,Sunny,2.8,5.8,523,1,0,12,0.0229,1,11,4,47,0,4,0,2
2024-11-19,Food Stall,Laksa,Lunch,Cloudy,4.5,14.03,246,0,0,26,0.1057,1,11,4,47,0,5,2,0
2024-11-20,Food Stall,Cendol,Lunch,Sunny,2.0,8.02,89,0,0,11,0.1236,2,11,4,47,0,1,2,2
2024-11-20,Food Stall,Nasi Lemak,Lunch,Sunny,2.5,7.62,184,0,0,18,0.0978,2,11,4,47,0,6,2,2
2024-11-20,Food Stall,Tandoori Chicken,Dinner,Cloudy,7.0,27.42,81,0,0,9,0.1111,2,11,4,47,0,8,1,0
2024-11-20,Food Stall,Tandoori Chicken,Dinner,Sunny,7.0,21.25,165,0,0,20,0.1212,2,11,4,47,0,8,1,2
2024-11-20,Food Stall,Teh Tarik,Breakfast,Rainy,0.9,2.42,316,0,0,22,0.0696,2,11,4,47,0,9,0,1
2024-11-20,Food Stall,Teh Tarik,Lunch,Sunny,0.9,2.36,539,0,0,29,0.0538,2,11,4,47,0,9,2,2
2024-11-21,Food Stall,Beef Rendang,Dinner,Cloudy,9.0,32.53,169,0,0,16,0.0947,3,11,4,47,0,0,1,0
2024-11-21,Food Stall,Beef Rendang,Dinner,Rainy,9.0,32.25,110,0,0,13,0.1182,3,11,4,47,0,0,1,1
2024-11-21,Food Stall,Beef Rendang,Dinner,Sunny,9.0,39.68,15,0,0,1,0.0667,3,11,4,47,0,0,1,2
2024-11-21,Food Stall,Cendol,Dinner,Sunny,2.0,7.34,226,0,0,25,0.1106,3,11,4,47,0,1,1,2
2024-11-21,Food Stall,Char Kway Teow,Lunch,Sunny,5.0,18.9,60,0,0,4,0.0667,3,11,4,47,0,2,2,2
2024-11-21,Food Stall,Chicken Rice,Dinner,Sunny,4.0,11.92,281,0,0,15,0.0534,3,11,4,47,0,3,1,2
2024-11-21,Food Stall,Kaya Toast Set,Breakfast,Cloudy,2.8,8.13,414,0,1,8,0.0193,3,11,4,47,0,4,0,0
2024-11-21,Food Stall,Laksa,Lunch,Sunny,4.5,11.07,629,1,0,53,0.0843,3,11,4,47,0,5,2,2
2024-11-21,Food Stall,Roti Canai,Breakfast,Rainy,0.8,3.01,206,0,0,16,0.0777,3,11,4,47,0,7,0,1
2024-11-21,Food Stall,Tandoori Chicken,Dinner,Sunny,7.0,27.89,200,0,0,22,0.11,3,11,4,47,0,8,1,2
2024-11-21,Food Stall,Teh Tarik,Dinner,Sunny,0.9,2.73,356,0,0,29,0.0815,3,11,4,47,0,9,1,2
2024-11-21,Food Stall,Teh Tarik,Lunch,Sunny,0.9,2.63,423,0,0,27,0.0638,3,11,4,47,0,9,2,2
2024-11-22,Food Stall,Cendol,Dinner,Sunny,2.0,7.32,136,0,0,16,0.1176,4,11,4,47,0,1,1,2
2024-11-22,Food Stall,Char Kway Teow,Dinner,Cloudy,5.0,13.21,159,1,0,13,0.0818,4,11,4,47,0,2,1,0
2024-11-22,Food Stall,Chicken Rice,Lunch,Sunny,4.0,13.92,144,0,0,10,0.0694,4,11,4,47,0,3,2,2
2024-11-22,Food Stall,Kaya Toast Set,Breakfast,Cloudy,2.8,8.7,403,0,0,18,0.0447,4,11,4,47,0,4,0,0
2024-11-22,Food Stall,Kaya Toast Set,Breakfast,Sunny,2.8,8.56,295,0,0,11,0.0373,4,11,4,47,0,4,0,2
2024-11-22,Food Stall,Laksa,Lunch,Cloudy,4.5,14.23,281,0,0,25,0.089,4,11,4,47,0,5,2,0
2024-11-22,Food Stall,Nasi Lemak,Breakfast,Sunny,2.5,8.86,171,0,0,14,0.0819,4,11,4,47,0,6,0,2
2024-11-22,Food Stall,Roti Canai,Dinner,Sunny,0.8,2.49,378,0,0,19,0.0503,4,11,4,47,0,7,1,2
2024-11-22,Food Stall,Tandoori Chicken,Dinner,Sunny,7.0,31.32,112,0,0,13,0.1161,4,11,4,47,0,8,1,2
2024-11-23,Food Stall,Beef Rendang,Dinner,Cloudy,9.0,23.27,257,1,0,22,0.0856,5,11,4,47,1,0,1,0
2024-11-23,Food Stall,Beef Rendang,Dinner,Sunny,9.0,41.4,93,0,0,7,0.0753,5,11,4,47,1,0,1,2
2024-11-23,Food Stall,Cendol,Dinner,Cloudy,2.0,7.4,224,0,0,24,0.1071,5,11,4,47,1,1,1,0
2024-11-23,Food Stall,Char Kway Teow,Dinner,Cloudy,5.0,22.22,119,0,0,11,0.0924,5,11,4,47,1,2,1,0
2024-11-23,Food Stall,Kaya Toast Set,Breakfast,Sunny,2.8,7.35,479,0,0,23,0.048,5,11,4,47,1,4,0,2
2024-11-23,Food Stall,Laksa,Lunch,Sunny,4.5,10.93,415,1,0,42,0.1012,5,11,4,47,1,5,2,2
2024-11-23,Food Stall,Roti Canai,Dinner,Sunny,0.8,2.44,544,0,0,32,0.0588,5,11,4,47,1,7,1,2
2024-11-23,Food Stall,Teh Tarik,Lunch,Sunny,0.9,2.26,1897,1,0,126,0.0664,5,11,4,47,1,9,2,2
2024-11-24,Food Stall,Beef Rendang,Lunch,Sunny,9.0,32.06,59,0,0,6,0.1017,6,11,4,47,1,0,2,2
2024-11-24,Food Stall,Cendol,Dinner,Rainy,2.0,4.86,339,1,0,49,0.1445,6,11,4,47,1,1,1,1
2024-11-24,Food Stall,Cendol,Lunch,Cloudy,2.0,4.37,511,1,0,44,0.0861,6,11,4,47,1,1,2,0
2024-11-24,Food Stall,Chicken Rice,Lunch,Sunny,4.0,12.1,278,0,0,25,0.0899,6,11,4,47,1,3,2,2
2024-11-24,Food Stall,Kaya Toast Set,Breakfast,Rainy,2.8,7.33,1138,1,0,35,0.0308,6,11,4,47,1,4,0,1
2024-11-24,Food Stall,Kaya Toast Set,Breakfast,Sunny,2.8,8.41,750,0,0,15,0.02,6,11,4,47,1,4,0,2
2024-11-24,Food Stall,Laksa,Lunch,Sunny,4.5,13.21,249,0,0,30,0.1205,6,11,4,47,1,5,2,2
2024-11-24,Food Stall,Nasi Lemak,Breakfast,Sunny,2.5,7.56,388,0,0,28,0.0722,6,11,4,47,1,6,0,2
2024-11-24,Food Stall,Roti Canai,Breakfast,Sunny,0.8,2.41,932,0,0,53,0.0569,6,11,4,47,1,7,0,2
2024-11-24,Food Stall,Roti Canai,Dinner,Sunny,0.8,2.72,393,0,0,15,0.0382,6,11,4,47,1,7,1,2
2024-11-24,Food Stall,Tandoori Chicken,Dinner,Cloudy,7.0,21.24,524,1,1,35,0.0668,6,11,4,47,1,8,1,0
2024-11-24,Food Stall,Tandoori Chicken,Dinner,Rainy,7.0,31.22,21,0,0,3,0.1429,6,11,4,47,1,8,1,1
2024-11-24,Food Stall,Teh Tarik,Lunch,Rainy,0.9,2.75,472,0,0,38,0.0805,6,11,4,47,1,9,2,1
2024-11-24,Food Stall,Teh Tarik,Lunch,Sunny,0.9,2.68,606,0,0,47,0.0776,6,11,4,47,1,9,2,2
2024-11-25,Food Stall,Beef Rendang,Dinner,Sunny,9.0,27.86,160,0,0,16,0.1,0,11,4,48,0,0,1,2
2024-11-25,Food Stall,Cendol,Dinner,Cloudy,2.0,8.27,122,0,0,15,0.123,0,11,4,48,0,1,1,0
2024-11-25,Food Stall,Kaya Toast Set,Breakfast,Sunny,2.8,9.78,244,0,0,11,0.0451,0,11,4,48,0,4,0,2
2024-11-25,Food Stall,Nasi Lemak,Breakfast,Rainy,2.5,6.85,277,0,0,32,0.1155,0,11,4,48,0,6,0,1
2024-11-25,Food Stall,Nasi Lemak,Lunch,Sunny,2.5,5.88,297,1,0,19,0.064,0,11,4,48,0,6,2,2
2024-11-25,Food Stall,Roti Canai,Breakfast,Cloudy,0.8,2.6,719,0,0,47,0.0654,0,11,4,48,0,7,0,0
2024-11-25,Food Stall,Roti Canai,Breakfast,Rainy,0.8,2.32,303,0,0,22,0.0726,0,11,4,48,0,7,0,1
2024-11-25,Food Stall,Tandoori Chicken,Dinner,Cloudy,7.0,25.82,142,0,0,14,0.0986,0,11,4,48,0,8,1,0
2024-11-25,Food Stall,Tandoori Chicken,Dinner,Rainy,7.0,24.68,111,0,0,14,0.1261,0,11,4,48,0,8,1,1
2024-11-26,Food Stall,Chicken Rice,Lunch,Sunny,4.0,14.56,161,0,0,12,0.0745,1,11,4,48,0,3,2,2
2024-11-26,Food Stall,Roti Canai,Breakfast,Cloudy,0.8,2.84,228,0,0,12,0.0526,1,11,4,48,0,7,0,0
2024-11-26,Food Stall,Roti Canai,Breakfast,Sunny,0.8,2.17,307,0,0,12,0.0391,1,11,4,48,0,7,0,2
2024-11-26,Food Stall,Tandoori Chicken,Dinner,Rainy,7.0,20.08,164,1,0,16,0.0976,1,11,4,48,0,8,1,1
2024-11-26,Food Stall,Tandoori Chicken,Dinner,Sunny,7.0,21.8,321,1,0,28,0.0872,1,11,4,48,0,8,1,2
2024-11-27,Food Stall,Beef Rendang,Dinner,Sunny,9.0,34.52,118,0,0,11,0.0932,2,11,4,48,0,0,1,2
2024-11-27,Food Stall,Roti Canai,Breakfast,Cloudy,0.8,2.25,398,0,0,18,0.0452,2,11,4,48,0,7,0,0
2024-11-27,Food Stall,Roti Canai,Dinner,Cloudy,0.8,2.67,335,0,0,14,0.0418,2,11,4,48,0,7,1,0
2024-11-27,Food Stall,Roti Canai,Dinner,Sunny,0.8,2.83,278,0,0,15,0.054,2,11,4,48,0,7,1,2
2024-11-27,Food Stall,Tandoori Chicken,Dinner,Sunny,7.0,26.76,74,0,0,8,0.1081,2,11,4,48,0,8,1,2
2024-11-27,Food Stall,Teh Tarik,Dinner,Rainy,0.9,2.72,780,1,0,70,0.0897,2,11,4,48,0,9,1,1
2024-11-28,Food Stall,Cendol,Lunch,Cloudy,2.0,6.62,192,0,0,20,0.1042,3,11,4,48,0,1,2,0
2024-11-28,Food Stall,Char Kway Teow,Lunch,Sunny,5.0,12.84,171,1,0,16,0.0936,3,11,4,48,0,2,2,2
2024-11-28,Food Stall,Kaya Toast Set,Breakfast,Cloudy,2.8,7.53,1661,1,0,58,0.0349,3,11,4,48,0,4,0,0
2024-11-28,Food Stall,Roti Canai,Breakfast,Cloudy,0.8,2.41,325,0,0,18,0.0554,3,11,4,48,0,7,0,0
2024-11-28,Food Stall,Roti Canai,Breakfast,Sunny,0.8,1.98,730,1,0,31,0.0425,3,11,4,48,0,7,0,2
2024-11-28,Food Stall,Roti Canai,Dinner,Rainy,0.8,2.7,505,0,0,23,0.0455,3,11,4,48,0,7,1,1
2024-11-28,Food Stall,Roti Canai,Dinner,Sunny,0.8,1.79,499,1,0,27,0.0541,3,11,4,48,0,7,1,2
2024-11-28,Food Stall,Tandoori Chicken,Dinner,Sunny,7.0,25.41,368,0,0,40,0.1087,3,11,4,48,0,8,1,2
2024-11-28,Food Stall,Teh Tarik,Lunch,Sunny,0.9,1.52,935,1,0,49,0.0524,3,11,4,48,0,9,2,2
2024-11-29,Food Stall,Cendol,Dinner,Rainy,2.0,7.28,69,0,0,12,0.1739,4,11,4,48,0,1,1,1
2024-11-29,Food Stall,Chicken Rice,Dinner,Sunny,4.0,15.64,186,0,0,15,0.0806,4,11,4,48,0,3,1,2
2024-11-29,Food Stall,Kaya Toast Set,Breakfast,Sunny,2.8,7.68,350,0,0,16,0.0457,4,11,4,48,0,4,0,2
2024-11-29,Food Stall,Laksa,Lunch,Cloudy,4.5,14.92,198,0,0,19,0.096,4,11,4,48,0,5,2,0
2024-11-29,Food Stall,Laksa,Lunch,Sunny,4.5,16.51,11,0,0,1,0.0909,4,11,4,48,0,5,2,2
2024-11-29,Food Stall,Nasi Lemak,Breakfast,Sunny,2.5,6.11,442,1,0,22,0.0498,4,11,4,48,0,6,0,2
2024-11-29,Food Stall,Tandoori Chicken,Dinner,Rainy,7.0,28.16,168,0,0,21,0.125,4,11,4,48,0,8,1,1
2024-11-29,Food Stall,Tandoori Chicken,Dinner,Sunny,7.0,22.18,172,0,0,19,0.1105,4,11,4,48,0,8,1,2
2024-11-30,Food Stall,Kaya Toast Set,Breakfast,Rainy,2.8,8.34,319,0,0,10,0.0313,5,11,4,48,1,4,0,1
2024-11-30,Food Stall,Kaya Toast Set,Breakfast,Sunny,2.8,9.23,855,0,0,43,0.0503,5,11,4,48,1,4,0,2
2024-11-30,Food Stall,Roti Canai,Dinner,Cloudy,0.8,2.73,598,0,0,40,0.0669,5,11,4,48,1,7,1,0
2024-11-30,Food Stall,Roti Canai,Dinner,Sunny,0.8,2.83,282,0,0,10,0.0355,5,11,4,48,1,7,1,2
2024-11-30,Food Stall,Teh Tarik,Breakfast,Sunny,0.9,2.63,1664,0,0,90,0.0541,5,11,4,48,1,9,0,2
2024-12-01,Food Stall,Cendol,Lunch,Cloudy,2.0,6.28,327,0,0,41,0.1254,6,12,4,48,1,1,2,0
2024-12-01,Food Stall,Chicken Rice,Lunch,Sunny,4.0,11.17,504,0,1,18,0.0357,6,12,4,48,1,3,2,2
2024-12-01,Food Stall,Kaya Toast Set,Breakfast,Sunny,2.8,8.42,654,0,0,29,0.0443,6,12,4,48,1,4,0,2
2024-12-01,Food Stall,Roti Canai,Breakfast,Sunny,0.8,2.26,905,0,0,33,0.0365,6,12,4,48,1,7,0,2
2024-12-01,Food Stall,Tandoori Chicken,Dinner,Sunny,7.0,23.67,693,0,1,59,0.0851,6,12,4,48,1,8,1,2
2024-12-01,Food Stall,Teh Tarik,Breakfast,Rainy,0.9,2.72,918,0,0,73,0.0795,6,12,4,48,1,9,0,1
2024-12-01,Food Stall,Teh Tarik,Breakfast,Sunny,0.9,2.69,1584,0,0,109,0.0688,6,12,4,48,1,9,0,2
2024-12-01,Food Stall,Teh Tarik,Dinner,Sunny,0.9,2.99,972,0,0,72,0.0741,6,12,4,48,1,9,1,2
2024-12-02,Food Stall,Cendol,Dinner,Sunny,2.0,6.02,207,0,0,21,0.1014,0,12,4,49,0,1,1,2
2024-12-02,Food Stall,Chicken Rice,Lunch,Cloudy,4.0,14.82,126,0,0,8,0.0635,0,12,4,49,0,3,2,0
2024-12-02,Food Stall,Kaya Toast Set,Breakfast,Sunny,2.8,10.05,297,0,0,14,0.0471,0,12,4,49,0,4,0,2
2024-12-02,Food Stall,Laksa,Lunch,Sunny,4.5,19.9,34,0,0,4,0.1176,0,12,4,49,0,5,2,2
2024-12-02,Food Stall,Nasi Lemak,Lunch,Sunny,2.5,8.83,138,0,0,12,0.087,0,12,4,49,0,6,2,2
2024-12-02,Food Stall,Roti Canai,Breakfast,Cloudy,0.8,2.78,234,0,0,10,0.0427,0,12,4,49,0,7,0,0
2024-12-02,Food Stall,Roti Canai,Breakfast,Sunny,0.8,2.54,555,0,0,25,0.045,0,12,4,49,0,7,0,2
2024-12-02,Food Stall,Roti Canai,Dinner,Rainy,0.8,3.26,299,0,0,14,0.0468,0,12,4,49,0,7,1,1
2024-12-02,Food Stall,Tandoori Chicken,Dinner,Cloudy,7.0,20.93,408,1,0,38,0.0931,0,12,4,49,0,8,1,0
2024-12-02,Food Stall,Tandoori Chicken,Dinner,Sunny,7.0,28.9,149,0,1,11,0.0738,0,12,4,49,0,8,1,2
2024-12-02,Food Stall,Teh Tarik,Dinner,Cloudy,0.9,2.46,389,0,0,30,0.0771,0,12,4,49,0,9,1,0
2024-12-03,Food Stall,Cendol,Dinner,Cloudy,2.0,9.06,28,0,0,3,0.1071,1,12,4,49,0,1,1,0
2024-12-03,Food Stall,Cendol,Lunch,Cloudy,2.0,5.27,276,1,0,33,0.1196,1,12,4,49,0,1,2,0
2024-12-03,Food Stall,Cendol,Lunch,Rainy,2.0,6.01,198,0,0,30,0.1515,1,12,4,49,0,1,2,1
2024-12-03,Food Stall,Kaya Toast Set,Breakfast,Cloudy,2.8,9.79,372,0,0,13,0.0349,1,12,4,49,0,4,0,0
2024-12-03,Food Stall,Roti Canai,Breakfast,Cloudy,0.8,2.69,177,0,0,12,0.0678,1,12,4,49,0,7,0,0
2024-12-03,Food Stall,Tandoori Chicken,Dinner,Cloudy,7.0,27.26,113,0,0,9,0.0796,1,12,4,49,0,8,1,0
2024-12-03,Food Stall,Tandoori Chicken,Dinner,Sunny,7.0,25.94,148,0,0,15,0.1014,1,12,4,49,0,8,1,2
2024-12-03,Food Stall,Teh Tarik,Breakfast,Rainy,0.9,2.33,393,0,0,35,0.0891,1,12,4,49,0,9,0,1
2024-12-03,Food Stall,Teh Tarik,Dinner,Sunny,0.9,2.68,340,0,0,20,0.0588,1,12,4,49,0,9,1,2
2024-12-03,Food Stall,Teh Tarik,Lunch,Cloudy,0.9,2.41,443,0,0,30,0.0677,1,12,4,49,0,9,2,0
2024-12-04,Food Stall,Cendol,Dinner,Rainy,2.0,7.27,206,0,0,28,0.1359,2,12,4,49,0,1,1,1
2024-12-04,Food Stall,Cendol,Dinner,Sunny,2.0,7.1,15,0,0,2,0.1333,2,12,4,49,0,1,1,2
2024-12-04,Food Stall,Kaya Toast Set,Breakfast,Rainy,2.8,8.94,806,0,1,37,0.0459,2,12,4,49,0,4,0,1
2024-12-04,Food Stall,Kaya Toast Set,Breakfast,Sunny,2.8,8.05,428,0,0,23,0.0537,2,12,4,49,0,4,0,2
2024-12-04,Food Stall,Nasi Lemak,Lunch,Rainy,2.5,9.72,88,0,0,8,0.0909,2,12,4,49,0,6,2,1
2024-12-04,Food Stall,Roti Canai,Dinner,Cloudy,0.8,2.61,214,0,0,7,0.0327,2,12,4,49,0,7,1,0
2024-12-04,Food Stall,Roti Canai,Dinner,Sunny,0.8,2.96,411,0,0,16,0.0389,2,12,4,49,0,7,1,2
2024-12-04,Food Stall,Tandoori Chicken,Dinner,Sunny,7.0,28.0,50,0,0,4,0.08,2,12,4,49,0,8,1,2
2024-12-04,Food Stall,Teh Tarik,Dinner,Sunny,0.9,1.98,905,1,0,39,0.0431,2,12,4,49,0,9,1,2
2024-12-04,Food Stall,Teh Tarik,Lunch,Cloudy,0.9,2.75,484,0,0,33,0.0682,2,12,4,49,0,9,2,0
2024-12-05,Food Stall,Beef Rendang,Dinner,Cloudy,9.0,34.45,109,0,0,11,0.1009,3,12,4,49,0,0,1,0
2024-12-05,Food Stall,Cendol,Lunch,Cloudy,2.0,6.83,195,0,0,21,0.1077,3,12,4,49,0,1,2,0
2024-12-05,Food Stall,Kaya Toast Set,Breakfast,Cloudy,2.8,8.09,322,0,0,12,0.0373,3,12,4,49,0,4,0,0
2024-12-05,Food Stall,Kaya Toast Set,Breakfast,Sunny,2.8,8.82,481,0,0,21,0.0437,3,12,4,49,0,4,0,2
2024-12-05,Food Stall,Nasi Lemak,Breakfast,Cloudy,2.5,8.79,341,0,0,30,0.088,3,12,4,49,0,6,0,0
2024-12-05,Food Stall,Roti Canai,Breakfast,Cloudy,0.8,2.6,874,0,0,40,0.0458,3,12,4,49,0,7,0,0
2024-12-05,Food Stall,Roti Canai,Dinner,Rainy,0.8,2.91,153,0,0,12,0.0784,3,12,4,49,0,7,1,1
2024-12-05,Food Stall,Tandoori Chicken,Dinner,Cloudy,7.0,25.24,408,1,1,27,0.0662,3,12,4,49,0,8,1,0
2024-12-05,Food Stall,Tandoori Chicken,Dinner,Sunny,7.0,21.83,155,0,0,15,0.0968,3,12,4,49,0,8,1,2
2024-12-05,Food Stall,Teh Tarik,Dinner,Rainy,0.9,3.83,116,0,0,8,0.069,3,12,4,49,0,9,1,1
2024-12-06,Food Stall,Beef Rendang,Dinner,Cloudy,9.0,36.5,73,0,0,8,0.1096,4,12,4,49,0,0,1,0
2024-12-06,Food Stall,Cendol,Lunch,Cloudy,2.0,6.92,294,0,0,32,0.1088,4,12,4,49,0,1,2,0
2024-12-06,Food Stall,Chicken Rice,Lunch,Cloudy,4.0,15.54,178,0,0,11,0.0618,4,12,4,49,0,3,2,0
2024-12-06,Food Stall,Kaya Toast Set,Breakfast,Cloudy,2.8,9.28,839,0,0,29,0.0346,4,12,4,49,0,4,0,0
2024-12-06,Food Stall,Kaya Toast Set,Breakfast,Sunny,2.8,9.93,298,0,0,6,0.0201,4,12,4,49,0,4,0,2
2024-12-06,Food Stall,Nasi Lemak,Lunch,Sunny,2.5,8.2,377,0,0,35,0.0928,4,12,4,49,0,6,2,2
2024-12-06,Food Stall,Roti Canai,Breakfast,Cloudy,0.8,2.82,323,0,0,10,0.031,4,12,4,49,0,7,0,0
2024-12-06,Food Stall,Roti Canai,Breakfast,Rainy,0.8,2.63,319,0,0,26,0.0815,4,12,4,49,0,7,0,1
2024-12-06,Food Stall,Roti Canai,Breakfast,Sunny,0.8,2.51,516,0,0,34,0.0659,4,12,4,49,0,7,0,2
2024-12-06,Food Stall,Roti Canai,Dinner,Sunny,0.8,2.05,664,1,0,29,0.0437,4,12,4,49,0,7,1,2
2024-12-06,Food Stall,Teh Tarik,Dinner,Rainy,0.9,2.8,328,0,0,29,0.0884,4,12,4,49,0,9,1,1
2024-12-06,Food Stall,Teh Tarik,Lunch,Cloudy,0.9,3.12,714,0,0,54,0.0756,4,12,4,49,0,9,2,0
2024-12-06,Food Stall,Teh Tarik,Lunch,Sunny,0.9,2.58,750,0,1,36,0.048,4,12,4,49,0,9,2,2
2024-12-07,Food Stall,Beef Rendang,Dinner,Sunny,9.0,26.81,134,0,0,11,0.0821,5,12,4,49,1,0,1,2
2024-12-07,Food Stall,Cendol,Dinner,Cloudy,2.0,6.66,331,0,0,45,0.136,5,12,4,49,1,1,1,0
2024-12-07,Food Stall,Cendol,Dinner,Rainy,2.0,8.09,128,0,0,20,0.1562,5,12,4,49,1,1,1,1
2024-12-07,Food Stall,Cendol,Dinner,Sunny,2.0,6.15,285,0,0,31,0.1088,5,12,4,49,1,1,1,2
2024-12-07,Food Stall,Cendol,Lunch,Sunny,2.0,5.42,336,0,0,37,0.1101,5,12,4,49,1,1,2,2
2024-12-07,Food Stall,Char Kway Teow,Dinner,Cloudy,5.0,21.96,25,0,0,3,0.12,5,12,4,49,1,2,1,0
2024-12-07,Food Stall,Kaya Toast Set,Breakfast,Rainy,2.8,4.89,684,1,0,17,0.0249,5,12,4,49,1,4,0,1
2024-12-07,Food Stall,Kaya Toast Set,Breakfast,Sunny,2.8,6.82,1370,1,0,74,0.054,5,12,4,49,1,4,0,2
2024-12-07,Food Stall,Nasi Lemak,Breakfast,Cloudy,2.5,7.44,455,0,0,30,0.0659,5,12,4,49,1,6,0,0
2024-12-07,Food Stall,Nasi Lemak,Lunch,Rainy,2.5,6.87,284,0,0,32,0.1127,5,12,4,49,1,6,2,1
2024-12-07,Food Stall,Roti Canai,Breakfast,Sunny,0.8,2.45,397,0,0,18,0.0453,5,12,4,49,1,7,0,2
2024-12-07,Food Stall,Teh Tarik,Breakfast,Rainy,0.9,2.54,321,0,0,28,0.0872,5,12,4,49,1,9,0,1
2024-12-08,Food Stall,Cendol,Dinner,Cloudy,2.0,3.69,594,1,0,51,0.0859,6,12,4,49,1,1,1,0
2024-12-08,Food Stall,Cendol,Lunch,Rainy,2.0,7.86,109,0,0,18,0.1651,6,12,4,49,1,1,2,1
2024-12-08,Food Stall,Char Kway Teow,Dinner,Sunny,5.0,17.39,169,0,0,14,0.0828,6,12,4,49,1,2,1,2
2024-12-08,Food Stall,Chicken Rice,Lunch,Rainy,4.0,15.17,227,0,0,23,0.1013,6,12,4,49,1,3,2,1
2024-12-08,Food Stall,Kaya Toast Set,Breakfast,Cloudy,2.8,7.51,640,0,0,35,0.0547,6,12,4,49,1,4,0,0
2024-12-08,Food Stall,Kaya Toast Set,Breakfast,Rainy,2.8,7.85,537,0,0,33,0.0615,6,12,4,49,1,4,0,1
2024-12-08,Food Stall,Kaya Toast Set,Breakfast,Sunny,2.8,9.15,453,0,0,12,0.0265,6,12,4,49,1,4,0,2
2024-12-08,Food Stall,Roti Canai,Breakfast,Sunny,0.8,2.05,1195,1,0,66,0.0552,6,12,4,49,1,7,0,2
2024-12-08,Food Stall,Teh Tarik,Breakfast,Cloudy,0.9,2.16,1066,1,0,75,0.0704,6,12,4,49,1,9,0,0
2024-12-08,Food Stall,Teh Tarik,Breakfast,Sunny,0.9,2.45,1654,0,0,122,0.0738,6,12,4,49,1,9,0,2
2024-12-08,Food Stall,Teh Tarik,Dinner,Cloudy,0.9,2.54,495,0,0,31,0.0626,6,12,4,49,1,9,1,0
2024-12-08,Food Stall,Teh Tarik,Lunch,Rainy,0.9,2.43,354,0,0,28,0.0791,6,12,4,49,1,9,2,1
2024-12-08,Food Stall,Teh Tarik,Lunch,Sunny,0.9,3.04,496,0,0,27,0.0544,6,12,4,49,1,9,2,2
2024-12-09,Food Stall,Cendol,Lunch,Cloudy,2.0,6.69,208,0,0,23,0.1106,0,12,4,50,0,1,2,0
2024-12-09,Food Stall,Cendol,Lunch,Sunny,2.0,6.73,624,1,1,59,0.0946,0,12,4,50,0,1,2,2
2024-12-09,Food Stall,Chicken Rice,Lunch,Sunny,4.0,7.59,490,1,0,21,0.0429,0,12,4,50,0,3,2,2
2024-12-09,Food Stall,Kaya Toast Set,Breakfast,Sunny,2.8,5.42,825,1,1,24,0.0291,0,12,4,50,0,4,0,2
2024-12-09,Food Stall,Nasi Lemak,Breakfast,Sunny,2.5,9.97,238,0,0,15,0.063,0,12,4,50,0,6,0,2
2024-12-09,Food Stall,Nasi Lemak,Lunch,Cloudy,2.5,7.01,278,0,0,27,0.0971,0,12,4,50,0,6,2,0
2024-12-09,Food Stall,Roti Canai,Breakfast,Sunny,0.8,2.54,411,0,0,21,0.0511,0,12,4,50,0,7,0,2
2024-12-09,Food Stall,Tandoori Chicken,Dinner,Cloudy,7.0,30.48,15,0,0,2,0.1333,0,12,4,50,0,8,1,0
2024-12-09,Food Stall,Teh Tarik,Dinner,Rainy,0.9,2.36,425,0,0,43,0.1012,0,12,4,50,0,9,1,1
2024-12-09,Food Stall,Teh Tarik,Lunch,Sunny,0.9,2.42,467,0,0,26,0.0557,0,12,4,50,0,9,2,2
2024-12-10,Food Stall,Char Kway Teow,Dinner,Sunny,5.0,17.28,149,0,0,13,0.0872,1,12,4,50,0,2,1,2
2024-12-10,Food Stall,Chicken Rice,Dinner,Rainy,4.0,9.13,384,1,1,27,0.0703,1,12,4,50,0,3,1,1
2024-12-10,Food Stall,Chicken Rice,Lunch,Rainy,4.0,12.08,142,0,0,15,0.1056,1,12,4,50,0,3,2,1
2024-12-10,Food Stall,Roti Canai,Dinner,Cloudy,0.8,2.45,370,0,0,21,0.0568,1,12,4,50,0,7,1,0
2024-12-10,Food Stall,Tandoori Chicken,Dinner,Cloudy,7.0,26.8,170,0,0,15,0.0882,1,12,4,50,0,8,1,0
2024-12-10,Food Stall,Tandoori Chicken,Dinner,Sunny,7.0,22.64,428,1,0,43,0.1005,1,12,4,50,0,8,1,2
2024-12-10,Food Stall,Teh Tarik,Breakfast,Rainy,0.9,2.81,188,0,0,17,0.0904,1,12,4,50,0,9,0,1
2024-12-10,Food Stall,Teh Tarik,Lunch,Cloudy,0.9,2.81,416,0,0,23,0.0553,1,12,4,50,0,9,2,0
2024-12-11,Food Stall,Cendol,Lunch,Rainy,2.0,7.26,141,0,1,15,0.1064,2,12,4,50,0,1,2,1
2024-12-11,Food Stall,Kaya Toast Set,Breakfast,Sunny,2.8,6.38,499,1,0,13,0.0261,2,12,4,50,0,4,0,2
2024-12-11,Food Stall,Roti Canai,Dinner,Sunny,0.8,3.13,218,0,0,8,0.0367,2,12,4,50,0,7,1,2
2024-12-11,Food Stall,Tandoori Chicken,Dinner,Cloudy,7.0,19.96,258,0,0,23,0.0891,2,12,4,50,0,8,1,0
2024-12-12,Food Stall,Beef Rendang,Dinner,Cloudy,9.0,27.74,165,0,0,17,0.103,3,12,4,50,0,0,1,0
2024-12-12,Food Stall,Cendol,Dinner,Sunny,2.0,9.15,12,0,0,1,0.0833,3,12,4,50,0,1,1,2
2024-12-12,Food Stall,Cendol,Lunch,Sunny,2.0,7.77,59,0,0,7,0.1186,3,12,4,50,0,1,2,2
2024-12-12,Food Stall,Kaya Toast Set,Breakfast,Sunny,2.8,8.78,1109,0,1,22,0.0198,3,12,4,50,0,4,0,2
2024-12-12,Food Stall,Roti Canai,Breakfast,Cloudy,0.8,2.67,296,0,0,17,0.0574,3,12,4,50,0,7,0,0
2024-12-12,Food Stall,Roti Canai,Breakfast,Sunny,0.8,2.3,844,0,0,51,0.0604,3,12,4,50,0,7,0,2
2024-12-12,Food Stall,Roti Canai,Dinner,Cloudy,0.8,2.99,231,0,1,8,0.0346,3,12,4,50,0,7,1,0
2024-12-12,Food Stall,Roti Canai,Dinner,Sunny,0.8,2.25,1018,1,0,48,0.0472,3,12,4,50,0,7,1,2
2024-12-12,Food Stall,Tandoori Chicken,Dinner,Sunny,7.0,24.93,92,0,0,9,0.0978,3,12,4,50,0,8,1,2
2024-12-12,Food Stall,Teh Tarik,Dinner,Cloudy,0.9,2.41,695,1,0,52,0.0748,3,12,4,50,0,9,1,0
2024-12-13,Food Stall,Cendol,Lunch,Cloudy,2.0,4.0,455,1,0,39,0.0857,4,12,4,50,0,1,2,0
2024-12-13,Food Stall,Char Kway Teow,Dinner,Rainy,5.0,17.43,92,0,0,10,0.1087,4,12,4,50,0,2,1,1
2024-12-13,Food Stall,Kaya Toast Set,Breakfast,Cloudy,2.8,9.07,510,0,0,28,0.0549,4,12,4,50,0,4,0,0
2024-12-13,Food Stall,Kaya Toast Set,Breakfast,Rainy,2.8,8.03,1044,1,0,38,0.0364,4,12,4,50,0,4,0,1
2024-12-13,Food Stall,Kaya Toast Set,Breakfast,Sunny,2.8,8.9,750,0,0,44,0.0587,4,12,4,50,0,4,0,2
2024-12-13,Food Stall,Nasi Lemak,Breakfast,Sunny,2.5,7.04,418,0,0,41,0.0981,4,12,4,50,0,6,0,2
2024-12-13,Food Stall,Nasi Lemak,Lunch,Cloudy,2.5,6.72,247,0,0,17,0.0688,4,12,4,50,0,6,2,0
2024-12-13,Food Stall,Roti Canai,Breakfast,Rainy,0.8,2.53,311,0,0,14,0.045,4,12,4,50,0,7,0,1
2024-12-13,Food Stall,Roti Canai,Dinner,Rainy,0.8,3.04,216,0,0,15,0.0694,4,12,4,50,0,7,1,1
2024-12-13,Food Stall,Roti Canai,Dinner,Sunny,0.8,2.21,1265,1,0,51,0.0403,4,12,4,50,0,7,1,2
2024-12-13,Food Stall,Tandoori Chicken,Dinner,Sunny,7.0,28.53,199,0,0,17,0.0854,4,12,4,50,0,8,1,2
2024-12-14,Food Stall,Cendol,Lunch,Cloudy,2.0,5.61,371,0,0,41,0.1105,5,12,4,50,1,1,2,0
2024-12-14,Food Stall,Cendol,Lunch,Sunny,2.0,6.8,162,0,0,22,0.1358,5,12,4,50,1,1,2,2
2024-12-14,Food Stall,Chicken Rice,Lunch,Rainy,4.0,13.89,133,0,0,10,0.0752,5,12,4,50,1,3,2,1
2024-12-14,Food Stall,Kaya Toast Set,Breakfast,Cloudy,2.8,8.21,323,0,0,19,0.0588,5,12,4,50,1,4,0,0
2024-12-14,Food Stall,Roti Canai,Breakfast,Sunny,0.8,1.71,875,1,0,20,0.0229,5,12,4,50,1,7,0,2
2024-12-14,Food Stall,Tandoori Chicken,Dinner,Rainy,7.0,32.15,90,0,0,11,0.1222,5,12,4,50,1,8,1,1
2024-12-14,Food Stall,Tandoori Chicken,Dinner,Sunny,7.0,21.96,276,1,0,22,0.0797,5,12,4,50,1,8,1,2
2024-12-14,Food Stall,Teh Tarik,Breakfast,Cloudy,0.9,2.12,1509,1,0,87,0.0577,5,12,4,50,1,9,0,0
2024-12-14,Food Stall,Teh Tarik,Breakfast,Rainy,0.9,2.73,384,0,0,35,0.0911,5,12,4,50,1,9,0,1
2024-12-14,Food Stall,Teh Tarik,Dinner,Sunny,0.9,2.46,482,0,0,32,0.0664,5,12,4,50,1,9,1,2
2024-12-15,Food Stall,Cendol,Dinner,Cloudy,2.0,6.12,513,0,0,53,0.1033,6,12,4,50,1,1,1,0
2024-12-15,Food Stall,Cendol,Lunch,Cloudy,2.0,6.54,449,0,0,57,0.1269,6,12,4,50,1,1,2,0
2024-12-15,Food Stall,Chicken Rice,Dinner,Sunny,4.0,13.46,326,0,0,25,0.0767,6,12,4,50,1,3,1,2
2024-12-15,Food Stall,Kaya Toast Set,Breakfast,Rainy,2.8,7.75,751,0,0,51,0.0679,6,12,4,50,1,4,0,1
2024-12-15,Food Stall,Kaya Toast Set,Breakfast,Sunny,2.8,7.48,2220,1,0,96,0.0432,6,12,4,50,1,4,0,2
2024-12-15,Food Stall,Laksa,Lunch,Sunny,4.5,11.87,481,0,0,39,0.0811,6,12,4,50,1,5,2,2
2024-12-15,Food Stall,Nasi Lemak,Breakfast,Rainy,2.5,8.42,493,0,0,57,0.1156,6,12,4,50,1,6,0,1
2024-12-15,Food Stall,Roti Canai,Dinner,Cloudy,0.8,2.03,676,0,0,44,0.0651,6,12,4,50,1,7,1,0
2024-12-15,Food Stall,Roti Canai,Dinner,Sunny,0.8,2.22,787,0,0,38,0.0483,6,12,4,50,1,7,1,2
2024-12-15,Food Stall,Teh Tarik,Breakfast,Sunny,0.9,2.33,1668,0,0,122,0.0731,6,12,4,50,1,9,0,2
2024-12-15,Food Stall,Teh Tarik,Lunch,Sunny,0.9,2.76,945,0,0,84,0.0889,6,12,4,50,1,9,2,2
2024-12-16,Food Stall,Beef Rendang,Dinner,Cloudy,9.0,39.24,108,0,0,11,0.1019,0,12,4,51,0,0,1,0
2024-12-16,Food Stall,Kaya Toast Set,Breakfast,Cloudy,2.8,8.81,1200,0,0,61,0.0508,0,12,4,51,0,4,0,0
2024-12-16,Food Stall,Kaya Toast Set,Breakfast,Rainy,2.8,8.79,299,0,0,15,0.0502,0,12,4,51,0,4,0,1
2024-12-16,Food Stall,Laksa,Lunch,Cloudy,4.5,18.87,216,0,0,20,0.0926,0,12,4,51,0,5,2,0
2024-12-16,Food Stall,Nasi Lemak,Breakfast,Sunny,2.5,7.68,308,0,0,30,0.0974,0,12,4,51,0,6,0,2
2024-12-16,Food Stall,Roti Canai,Dinner,Cloudy,0.8,2.87,211,0,0,12,0.0569,0,12,4,51,0,7,1,0
2024-12-16,Food Stall,Roti Canai,Dinner,Sunny,0.8,2.8,228,0,0,11,0.0482,0,12,4,51,0,7,1,2
2024-12-16,Food Stall,Tandoori Chicken,Dinner,Cloudy,7.0,24.14,320,1,0,24,0.075,0,12,4,51,0,8,1,0
2024-12-16,Food Stall,Tandoori Chicken,Dinner,Rainy,7.0,27.58,91,0,0,12,0.1319,0,12,4,51,0,8,1,1
2024-12-16,Food Stall,Tandoori Chicken,Dinner,Sunny,7.0,25.28,242,0,0,22,0.0909,0,12,4,51,0,8,1,2
2024-12-16,Food Stall,Teh Tarik,Dinner,Sunny,0.9,2.4,420,0,0,24,0.0571,0,12,4,51,0,9,1,2
2024-12-17,Food Stall,Cendol,Dinner,Cloudy,2.0,5.82,301,0,1,29,0.0963,1,12,4,51,0,1,1,0
2024-12-17,Food Stall,Laksa,Lunch,Cloudy,4.5,19.69,81,0,0,7,0.0864,1,12,4,51,0,5,2,0
2024-12-17,Food Stall,Laksa,Lunch,Sunny,4.5,16.9,241,0,0,23,0.0954,1,12,4,51,0,5,2,2
2024-12-17,Food Stall,Roti Canai,Breakfast,Sunny,0.8,2.88,348,0,0,24,0.069,1,12,4,51,0,7,0,2
2024-12-17,Food Stall,Tandoori Chicken,Dinner,Cloudy,7.0,26.43,79,0,0,8,0.1013,1,12,4,51,0,8,1,0
2024-12-17,Food Stall,Teh Tarik,Dinner,Rainy,0.9,3.54,233,0,0,18,0.0773,1,12,4,51,0,9,1,1
2024-12-18,Food Stall,Cendol,Dinner,Cloudy,2.0,8.03,57,0,0,6,0.1053,2,12,4,51,0,1,1,0
2024-12-18,Food Stall,Cendol,Lunch,Sunny,2.0,3.56,414,1,0,43,0.1039,2,12,4,51,0,1,2,2
2024-12-18,Food Stall,Chicken Rice,Lunch,Sunny,4.0,10.69,227,1,0,16,0.0705,2,12,4,51,0,3,2,2
2024-12-18,Food Stall,Kaya Toast Set,Breakfast,Cloudy,2.8,8.35,321,0,0,8,0.0249,2,12,4,51,0,4,0,0
2024-12-18,Food Stall,Kaya Toast Set,Breakfast,Rainy,2.8,9.39,240,0,0,16,0.0667,2,12,4,51,0,4,0,1
2024-12-18,Food Stall,Laksa,Lunch,Cloudy,4.5,17.94,98,0,0,11,0.1122,2,12,4,51,0,5,2,0
2024-12-18,Food Stall,Laksa,Lunch,Sunny,4.5,17.39,132,0,0,12,0.0909,2,12,4,51,0,5,2,2
2024-12-18,Food Stall,Roti Canai,Breakfast,Cloudy,0.8,2.46,284,0,0,17,0.0599,2,12,4,51,0,7,0,0
2024-12-18,Food Stall,Tandoori Chicken,Dinner,Sunny,7.0,22.35,251,0,0,24,0.0956,2,12,4,51,0,8,1,2
2024-12-19,Food Stall,Beef Rendang,Dinner,Rainy,9.0,32.41,5,0,0,1,0.2,3,12,4,51,0,0,1,1
2024-12-19,Food Stall,Cendol,Dinner,Cloudy,2.0,6.61,198,0,0,24,0.1212,3,12,4,51,0,1,1,0
2024-12-19,Food Stall,Cendol,Lunch,Sunny,2.0,7.18,192,0,0,21,0.1094,3,12,4,51,0,1,2,2
2024-12-19,Food Stall,Chicken Rice,Lunch,Rainy,4.0,13.81,141,0,0,13,0.0922,3,12,4,51,0,3,2,1
2024-12-19,Food Stall,Kaya Toast Set,Breakfast,Rainy,2.8,11.25,230,0,0,10,0.0435,3,12,4,51,0,4,0,1
2024-12-19,Food Stall,Kaya Toast Set,Breakfast,Sunny,2.8,7.93,321,0,0,9,0.028,3,12,4,51,0,4,0,2
2024-12-19,Food Stall,Nasi Lemak,Breakfast,Sunny,2.5,6.74,395,0,1,27,0.0684,3,12,4,51,0,6,0,2
2024-12-19,Food Stall,Nasi Lemak,Lunch,Sunny,2.5,5.98,561,1,0,28,0.0499,3,12,4,51,0,6,2,2
2024-12-19,Food Stall,Roti Canai,Dinner,Cloudy,0.8,2.49,215,0,0,7,0.0326,3,12,4,51,0,7,1,0
2024-12-19,Food Stall,Roti Canai,Dinner,Sunny,0.8,2.44,697,1,0,16,0.023,3,12,4,51,0,7,1,2
2024-12-19,Food Stall,Tandoori Chicken,Dinner,Sunny,7.0,28.38,498,0,0,43,0.0863,3,12,4,51,0,8,1,2
2024-12-19,Food Stall,Teh Tarik,Dinner,Sunny,0.9,2.89,338,0,0,18,0.0533,3,12,4,51,0,9,1,2
2024-12-20,Food Stall,Kaya Toast Set,Breakfast,Cloudy,2.8,9.25,300,0,0,10,0.0333,4,12,4,51,0,4,0,0
2024-12-20,Food Stall,Kaya Toast Set,Breakfast,Sunny,2.8,9.11,809,0,0,23,0.0284,4,12,4,51,0,4,0,2
2024-12-20,Food Stall,Nasi Lemak,Breakfast,Sunny,2.5,7.43,426,0,0,32,0.0751,4,12,4,51,0,6,0,2
2024-12-20,Food Stall,Roti Canai,Dinner,Sunny,0.8,2.56,359,0,0,15,0.0418,4,12,4,51,0,7,1,2
2024-12-21,Food Stall,Beef Rendang,Lunch,Sunny,9.0,39.11,120,0,0,8,0.0667,5,12,4,51,1,0,2,2
2024-12-21,Food Stall,Cendol,Dinner,Cloudy,2.0,6.56,554,0,0,68,0.1227,5,12,4,51,1,1,1,0
2024-12-21,Food Stall,Cendol,Lunch,Rainy,2.0,6.17,258,0,0,37,0.1434,5,12,4,51,1,1,2,1
2024-12-21,Food Stall,Nasi Lemak,Breakfast,Sunny,2.5,7.73,535,0,1,32,0.0598,5,12,4,51,1,6,0,2
2024-12-21,Food Stall,Roti Canai,Breakfast,Rainy,0.8,2.64,369,0,0,24,0.065,5,12,4,51,1,7,0,1
2024-12-21,Food Stall,Roti Canai,Breakfast,Sunny,0.8,2.7,541,0,0,23,0.0425,5,12,4,51,1,7,0,2
2024-12-21,Food Stall,Roti Canai,Dinner,Cloudy,0.8,1.88,824,1,0,28,0.034,5,12,4,51,1,7,1,0
2024-12-21,Food Stall,Roti Canai,Dinner,Sunny,0.8,2.21,561,0,0,33,0.0588,5,12,4,51,1,7,1,2
2024-12-21,Food Stall,Tandoori Chicken,Dinner,Sunny,7.0,25.55,270,0,1,24,0.0889,5,12,4,51,1,8,1,2
2024-12-21,Food Stall,Teh Tarik,Dinner,Sunny,0.9,2.52,535,0,0,31,0.0579,5,12,4,51,1,9,1,2
2024-12-22,Food Stall,Beef Rendang,Dinner,Sunny,9.0,23.31,207,1,0,18,0.087,6,12,4,51,1,0,1,2
2024-12-22,Food Stall,Beef Rendang,Lunch,Sunny,9.0,31.59,119,0,0,11,0.0924,6,12,4,51,1,0,2,2
2024-12-22,Food Stall,Kaya Toast Set,Breakfast,Sunny,2.8,8.02,687,0,0,16,0.0233,6,12,4,51,1,4,0,2
2024-12-22,Food Stall,Nasi Lemak,Breakfast,Rainy,2.5,6.86,292,0,0,30,0.1027,6,12,4,51,1,6,0,1
2024-12-22,Food Stall,Nasi Lemak,Lunch,Cloudy,2.5,8.0,319,0,0,28,0.0878,6,12,4,51,1,6,2,0
2024-12-22,Food Stall,Tandoori Chicken,Dinner,Rainy,7.0,30.23,77,0,0,11,0.1429,6,12,4,51,1,8,1,1
2024-12-22,Food Stall,Tandoori Chicken,Dinner,Sunny,7.0,22.86,545,1,0,49,0.0899,6,12,4,51,1,8,1,2
2024-12-22,Food Stall,Teh Tarik,Breakfast,Rainy,0.9,2.9,458,0,0,34,0.0742,6,12,4,51,1,9,0,1
2024-12-22,Food Stall,Teh Tarik,Breakfast,Sunny,0.9,2.39,862,0,0,68,0.0789,6,12,4,51,1,9,0,2
2024-12-22,Food Stall,Teh Tarik,Dinner,Rainy,0.9,3.14,215,0,0,20,0.093,6,12,4,51,1,9,1,1
2024-12-23,Food Stall,Cendol,Lunch,Cloudy,2.0,5.54,643,1,0,73,0.1135,0,12,4,52,0,1,2,0
2024-12-23,Food Stall,Kaya Toast Set,Breakfast,Sunny,2.8,8.65,346,0,0,8,0.0231,0,12,4,52,0,4,0,2
2024-12-23,Food Stall,Laksa,Lunch,Sunny,4.5,16.38,173,0,0,15,0.0867,0,12,4,52,0,5,2,2
2024-12-23,Food Stall,Roti Canai,Breakfast,Cloudy,0.8,2.5,762,0,0,46,0.0604,0,12,4,52,0,7,0,0
2024-12-23,Food Stall,Roti Canai,Breakfast,Sunny,0.8,2.29,504,0,1,10,0.0198,0,12,4,52,0,7,0,2
2024-12-23,Food Stall,Roti Canai,Dinner,Rainy,0.8,2.47,135,0,0,10,0.0741,0,12,4,52,0,7,1,1
2024-12-23,Food Stall,Roti Canai,Dinner,Sunny,0.8,3.01,152,0,0,5,0.0329,0,12,4,52,0,7,1,2
2024-12-23,Food Stall,Tandoori Chicken,Dinner,Rainy,7.0,30.36,43,0,0,6,0.1395,0,12,4,52,0,8,1,1
2024-12-23,Food Stall,Tandoori Chicken,Dinner,Sunny,7.0,26.66,109,0,0,10,0.0917,0,12,4,52,0,8,1,2
2024-12-23,Food Stall,Teh Tarik,Breakfast,Cloudy,0.9,2.79,484,0,0,36,0.0744,0,12,4,52,0,9,0,0
2024-12-24,Food Stall,Beef Rendang,Dinner,Cloudy,9.0,36.82,88,0,0,6,0.0682,1,12,4,52,0,0,1,0
2024-12-24,Food Stall,Beef Rendang,Lunch,Rainy,9.0,36.07,15,0,0,2,0.1333,1,12,4,52,0,0,2,1
2024-12-24,Food Stall,Cendol,Lunch,Sunny,2.0,5.53,675,1,0,82,0.1215,1,12,4,52,0,1,2,2
2024-12-24,Food Stall,Chicken Rice,Dinner,Cloudy,4.0,14.51,85,0,0,7,0.0824,1,12,4,52,0,3,1,0
2024-12-24,Food Stall,Chicken Rice,Lunch,Cloudy,4.0,9.18,542,1,1,20,0.0369,1,12,4,52,0,3,2,0
2024-12-24,Food Stall,Kaya Toast Set,Breakfast,Cloudy,2.8,10.05,258,0,0,11,0.0426,1,12,4,52,0,4,0,0
2024-12-24,Food Stall,Kaya Toast Set,Breakfast,Sunny,2.8,8.24,416,0,0,22,0.0529,1,12,4,52,0,4,0,2
2024-12-24,Food Stall,Nasi Lemak,Breakfast,Cloudy,2.5,9.04,293,0,1,17,0.058,1,12,4,52,0,6,0,0
2024-12-24,Food Stall,Roti Canai,Dinner,Cloudy,0.8,2.62,501,0,0,15,0.0299,1,12,4,52,0,7,1,0
2024-12-24,Food Stall,Roti Canai,Dinner,Sunny,0.8,3.34,88,0,0,3,0.0341,1,12,4,52,0,7,1,2
2024-12-24,Food Stall,Tandoori Chicken,Dinner,Sunny,7.0,29.58,120,0,0,12,0.1,1,12,4,52,0,8,1,2
2024-12-25,Food Stall,Beef Rendang,Lunch,Sunny,9.0,28.98,185,0,0,15,0.0811,2,12,4,52,0,0,2,2
2024-12-25,Food Stall,Cendol,Dinner,Cloudy,2.0,6.78,295,0,0,34,0.1153,2,12,4,52,0,1,1,0
2024-12-25,Food Stall,Cendol,Dinner,Rainy,2.0,5.35,518,1,0,66,0.1274,2,12,4,52,0,1,1,1
2024-12-25,Food Stall,Cendol,Lunch,Cloudy,2.0,5.07,627,0,1,56,0.0893,2,12,4,52,0,1,2,0
2024-12-25,Food Stall,Kaya Toast Set,Breakfast,Sunny,2.8,8.02,1133,0,0,35,0.0309,2,12,4,52,0,4,0,2
2024-12-25,Food Stall,Roti Canai,Breakfast,Sunny,0.8,2.72,852,0,0,27,0.0317,2,12,4,52,0,7,0,2
2024-12-25,Food Stall,Roti Canai,Dinner,Sunny,0.8,2.88,342,0,0,19,0.0556,2,12,4,52,0,7,1,2
2024-12-25,Food Stall,Tandoori Chicken,Dinner,Sunny,7.0,21.7,215,0,0,21,0.0977,2,12,4,52,0,8,1,2
2024-12-25,Food Stall,Teh Tarik,Breakfast,Cloudy,0.9,2.48,751,0,0,47,0.0626,2,12,4,52,0,9,0,0
2024-12-25,Food Stall,Teh Tarik,Breakfast,Sunny,0.9,2.56,876,0,0,74,0.0845,2,12,4,52,0,9,0,2
2024-12-25,Food Stall,Teh Tarik,Dinner,Sunny,0.9,2.5,642,0,0,51,0.0794,2,12,4,52,0,9,1,2
2024-12-25,Food Stall,Teh Tarik,Lunch,Cloudy,0.9,2.47,807,0,0,68,0.0843,2,12,4,52,0,9,2,0
2024-12-25,Food Stall,Teh Tarik,Lunch,Rainy,0.9,2.45,595,0,0,52,0.0874,2,12,4,52,0,9,2,1
2024-12-25,Food Stall,Teh Tarik,Lunch,Sunny,0.9,2.69,909,0,0,50,0.055,2,12,4,52,0,9,2,2
2024-12-26,Food Stall,Cendol,Lunch,Cloudy,2.0,7.45,224,0,0,29,0.1295,3,12,4,52,0,1,2,0
2024-12-26,Food Stall,Char Kway Teow,Lunch,Cloudy,5.0,23.14,93,0,0,10,0.1075,3,12,4,52,0,2,2,0
2024-12-26,Food Stall,Kaya Toast Set,Breakfast,Cloudy,2.8,9.89,370,0,0,16,0.0432,3,12,4,52,0,4,0,0
2024-12-26,Food Stall,Kaya Toast Set,Breakfast,Sunny,2.8,4.89,716,1,1,14,0.0196,3,12,4,52,0,4,0,2
2024-12-26,Food Stall,Laksa,Lunch,Cloudy,4.5,17.32,189,0,0,19,0.1005,3,12,4,52,0,5,2,0
2024-12-26,Food Stall,Laksa,Lunch,Rainy,4.5,10.67,221,1,0,28,0.1267,3,12,4,52,0,5,2,1
2024-12-26,Food Stall,Laksa,Lunch,Sunny,4.5,16.27,208,0,0,23,0.1106,3,12,4,52,0,5,2,2
2024-12-26,Food Stall,Teh Tarik,Lunch,Sunny,0.9,2.45,527,0,0,43,0.0816,3,12,4,52,0,9,2,2
2024-12-27,Food Stall,Beef Rendang,Dinner,Sunny,9.0,38.21,38,0,1,2,0.0526,4,12,4,52,0,0,1,2
2024-12-27,Food Stall,Cendol,Dinner,Sunny,2.0,5.4,879,1,0,78,0.0887,4,12,4,52,0,1,1,2
2024-12-27,Food Stall,Cendol,Lunch,Cloudy,2.0,7.78,328,0,0,39,0.1189,4,12,4,52,0,1,2,0
2024-12-27,Food Stall,Chicken Rice,Lunch,Cloudy,4.0,13.68,175,0,1,8,0.0457,4,12,4,52,0,3,2,0
2024-12-27,Food Stall,Kaya Toast Set,Breakfast,Cloudy,2.8,8.65,487,0,0,24,0.0493,4,12,4,52,0,4,0,0
2024-12-27,Food Stall,Laksa,Lunch,Rainy,4.5,18.38,95,0,0,12,0.1263,4,12,4,52,0,5,2,1
2024-12-27,Food Stall,Nasi Lemak,Breakfast,Cloudy,2.5,7.9,243,0,0,18,0.0741,4,12,4,52,0,6,0,0
2024-12-27,Food Stall,Nasi Lemak,Breakfast,Sunny,2.5,5.13,403,1,0,22,0.0546,4,12,4,52,0,6,0,2
2024-12-27,Food Stall,Roti Canai,Breakfast,Cloudy,0.8,2.22,947,0,1,25,0.0264,4,12,4,52,0,7,0,0
2024-12-27,Food Stall,Tandoori Chicken,Dinner,Rainy,7.0,28.37,190,0,0,24,0.1263,4,12,4,52,0,8,1,1
2024-12-27,Food Stall,Teh Tarik,Dinner,Cloudy,0.9,3.17,382,0,0,26,0.0681,4,12,4,52,0,9,1,0
2024-12-28,Food Stall,Beef Rendang,Lunch,Cloudy,9.0,27.93,167,0,0,16,0.0958,5,12,4,52,1,0,2,0
2024-12-28,Food Stall,Cendol,Dinner,Cloudy,2.0,7.21,306,0,0,38,0.1242,5,12,4,52,1,1,1,0
2024-12-28,Food Stall,Cendol,Lunch,Cloudy,2.0,7.61,220,0,0,26,0.1182,5,12,4,52,1,1,2,0
2024-12-28,Food Stall,Cendol,Lunch,Sunny,2.0,6.99,201,0,0,27,0.1343,5,12,4,52,1,1,2,2
2024-12-28,Food Stall,Kaya Toast Set,Breakfast,Rainy,2.8,7.85,446,0,0,30,0.0673,5,12,4,52,1,4,0,1
2024-12-28,Food Stall,Kaya Toast Set,Breakfast,Sunny,2.8,8.21,1081,0,0,43,0.0398,5,12,4,52,1,4,0,2
2024-12-28,Food Stall,Laksa,Lunch,Cloudy,4.5,17.04,139,0,0,16,0.1151,5,12,4,52,1,5,2,0
2024-12-28,Food Stall,Roti Canai,Dinner,Rainy,0.8,2.25,395,0,0,26,0.0658,5,12,4,52,1,7,1,1
2024-12-28,Food Stall,Roti Canai,Dinner,Sunny,0.8,2.67,883,0,0,46,0.0521,5,12,4,52,1,7,1,2
2024-12-28,Food Stall,Tandoori Chicken,Dinner,Cloudy,7.0,30.8,90,0,0,9,0.1,5,12,4,52,1,8,1,0
2024-12-28,Food Stall,Tandoori Chicken,Dinner,Rainy,7.0,30.82,156,0,0,18,0.1154,5,12,4,52,1,8,1,1
2024-12-28,Food Stall,Tandoori Chicken,Dinner,Sunny,7.0,24.03,79,0,0,6,0.0759,5,12,4,52,1,8,1,2
2024-12-28,Food Stall,Teh Tarik,Breakfast,Rainy,0.9,2.56,547,0,0,42,0.0768,5,12,4,52,1,9,0,1
2024-12-29,Food Stall,Beef Rendang,Dinner,Rainy,9.0,25.62,135,1,0,12,0.0889,6,12,4,52,1,0,1,1
2024-12-29,Food Stall,Cendol,Dinner,Rainy,2.0,6.27,331,0,0,45,0.136,6,12,4,52,1,1,1,1
2024-12-29,Food Stall,Kaya Toast Set,Breakfast,Cloudy,2.8,11.14,178,0,0,11,0.0618,6,12,4,52,1,4,0,0
2024-12-29,Food Stall,Kaya Toast Set,Breakfast,Rainy,2.8,8.19,473,0,0,20,0.0423,6,12,4,52,1,4,0,1
2024-12-29,Food Stall,Kaya Toast Set,Breakfast,Sunny,2.8,8.78,1009,0,0,25,0.0248,6,12,4,52,1,4,0,2
2024-12-29,Food Stall,Laksa,Lunch,Cloudy,4.5,13.87,281,0,0,25,0.089,6,12,4,52,1,5,2,0
2024-12-29,Food Stall,Nasi Lemak,Breakfast,Sunny,2.5,6.46,1067,1,0,76,0.0712,6,12,4,52,1,6,0,2
2024-12-29,Food Stall,Roti Canai,Breakfast,Cloudy,0.8,2.31,697,0,1,14,0.0201,6,12,4,52,1,7,0,0
2024-12-29,Food Stall,Tandoori Chicken,Dinner,Rainy,7.0,22.18,162,0,0,23,0.142,6,12,4,52,1,8,1,1
2024-12-29,Food Stall,Tandoori Chicken,Dinner,Sunny,7.0,24.99,166,0,0,20,0.1205,6,12,4,52,1,8,1,2
2024-12-29,Food Stall,Teh Tarik,Breakfast,Cloudy,0.9,2.52,655,0,0,39,0.0595,6,12,4,52,1,9,0,0
2024-12-29,Food Stall,Teh Tarik,Lunch,Cloudy,0.9,2.54,449,0,0,31,0.069,6,12,4,52,1,9,2,0
2024-12-30,Food Stall,Beef Rendang,Lunch,Cloudy,9.0,33.43,145,0,0,11,0.0759,0,12,4,1,0,0,2,0
2024-12-30,Food Stall,Cendol,Dinner,Sunny,2.0,6.77,279,1,1,25,0.0896,0,12,4,1,0,1,1,2
2024-12-30,Food Stall,Cendol,Lunch,Cloudy,2.0,5.54,488,1,0,53,0.1086,0,12,4,1,0,1,2,0
2024-12-30,Food Stall,Char Kway Teow,Lunch,Sunny,5.0,18.22,231,0,0,17,0.0736,0,12,4,1,0,2,2,2
2024-12-30,Food Stall,Chicken Rice,Lunch,Cloudy,4.0,14.37,116,0,0,9,0.0776,0,12,4,1,0,3,2,0
2024-12-30,Food Stall,Kaya Toast Set,Breakfast,Rainy,2.8,10.05,132,0,0,6,0.0455,0,12,4,1,0,4,0,1
2024-12-30,Food Stall,Kaya Toast Set,Breakfast,Sunny,2.8,9.15,1265,0,1,60,0.0474,0,12,4,1,0,4,0,2
2024-12-30,Food Stall,Laksa,Lunch,Rainy,4.5,16.21,196,0,1,16,0.0816,0,12,4,1,0,5,2,1
2024-12-30,Food Stall,Roti Canai,Breakfast,Rainy,0.8,2.0,870,1,0,51,0.0586,0,12,4,1,0,7,0,1
2024-12-30,Food Stall,Tandoori Chicken,Dinner,Cloudy,7.0,21.42,538,1,0,43,0.0799,0,12,4,1,0,8,1,0
2024-12-30,Food Stall,Tandoori Chicken,Dinner,Sunny,7.0,23.72,231,0,0,27,0.1169,0,12,4,1,0,8,1,2
2024-12-30,Food Stall,Teh Tarik,Lunch,Cloudy,0.9,2.97,445,0,0,28,0.0629,0,12,4,1,0,9,2,0
2024-12-30,Food Stall,Teh Tarik,Lunch,Sunny,0.9,2.71,313,0,0,28,0.0895,0,12,4,1,0,9,2,2
2024-12-31,Food Stall,Beef Rendang,Lunch,Rainy,9.0,33.38,135,0,0,17,0.1259,1,12,4,1,0,0,2,1
2024-12-31,Food Stall,Cendol,Dinner,Sunny,2.0,7.16,431,0,0,55,0.1276,1,12,4,1,0,1,1,2
2024-12-31,Food Stall,Kaya Toast Set,Breakfast,Cloudy,2.8,8.72,380,0,0,9,0.0237,1,12,4,1,0,4,0,0
2024-12-31,Food Stall,Kaya Toast Set,Breakfast,Sunny,2.8,8.12,253,0,0,12,0.0474,1,12,4,1,0,4,0,2
2024-12-31,Food Stall,Roti Canai,Dinner,Cloudy,0.8,3.36,114,0,0,6,0.0526,1,12,4,1,0,7,1,0
2024-12-31,Food Stall,Tandoori Chicken,Dinner,Sunny,7.0,26.4,141,0,0,17,0.1206,1,12,4,1,0,8,1,2
2024-12-31,Food Stall,Teh Tarik,Dinner,Cloudy,0.9,3.15,275,0,0,14,0.0509,1,12,4,1,0,9,1,0
2024-12-31,Food Stall,Teh Tarik,Dinner,Sunny,0.9,2.9,968,0,0,58,0.0599,1,12,4,1,0,9,1,2
2025-01-01,Food Stall,Cendol,Dinner,Sunny,2.0,4.47,588,1,0,56,0.0952,2,1,1,1,0,1,1,2
2025-01-01,Food Stall,Cendol,Lunch,Sunny,2.0,6.1,336,0,0,39,0.1161,2,1,1,1,0,1,2,2
2025-01-01,Food Stall,Char Kway Teow,Lunch,Cloudy,5.0,15.24,304,0,0,25,0.0822,2,1,1,1,0,2,2,0
2025-01-01,Food Stall,Chicken Rice,Lunch,Sunny,4.0,12.27,495,0,0,30,0.0606,2,1,1,1,0,3,2,2
2025-01-01,Food Stall,Kaya Toast Set,Breakfast,Sunny,2.8,9.35,635,0,0,37,0.0583,2,1,1,1,0,4,0,2
2025-01-01,Food Stall,Laksa,Lunch,Cloudy,4.5,16.57,357,0,0,31,0.0868,2,1,1,1,0,5,2,0
2025-01-01,Food Stall,Nasi Lemak,Breakfast,Cloudy,2.5,8.03,690,0,0,62,0.0899,2,1,1,1,0,6,0,0
2025-01-01,Food Stall,Roti Canai,Dinner,Rainy,0.8,1.54,847,1,0,28,0.0331,2,1,1,1,0,7,1,1
2025-01-01,Food Stall,Tandoori Chicken,Dinner,Sunny,7.0,26.01,442,0,0,46,0.1041,2,1,1,1,0,8,1,2
2025-01-01,Food Stall,Teh Tarik,Lunch,Rainy,0.9,2.61,511,0,0,53,0.1037,2,1,1,1,0,9,2,1
